ISO-10303-21;
HEADER;
FILE_DESCRIPTION (( 'STEP AP214' ),
'1' );
FILE_NAME ('149693-00_SCD4x_Datasheet.STEP',
'2021-02-15T09:24:18',
( '' ),
( '' ),
'SwSTEP 2.0',
'SolidWorks 2019',
'' );
FILE_SCHEMA (( 'AUTOMOTIVE_DESIGN' ));
ENDSEC;
DATA;
#1=EDGE_CURVE ( 'NONE', #2020, #898, #2120, .T. );
#2=SURFACE_STYLE_USAGE ( .BOTH. , #133 );
#3=ORIENTED_EDGE ( 'NONE', *, *, #3322, .T. );
#4=FILL_AREA_STYLE_COLOUR ( '', #22 );
#5=PRESENTATION_LAYER_ASSIGNMENT (  '', '', ( #2282 ) );
#6=CARTESIAN_POINT ( 'NONE',  ( 4.749985599140999604, 1.650004999374999892, -0.7999989200000000578 ) );
#7=FILL_AREA_STYLE ('',( #98 ) );
#8=DIRECTION ( 'NONE',  ( 0.000000000000000000, 0.000000000000000000, 1.000000000000000000 ) );
#9=PLANE ( 'NONE',  #598 );
#10=DIRECTION ( 'NONE',  ( 0.000000000000000000, 1.000000000000000000, 0.000000000000000000 ) );
#11=CARTESIAN_POINT ( 'NONE',  ( -3.018131427287028323, 3.018136780746965453, 5.250000000000000000 ) );
#12=ORIENTED_EDGE ( 'NONE', *, *, #3557, .T. );
#13=CARTESIAN_POINT ( 'NONE',  ( 2.250025776719000170, 0.2500052593749999552, -0.8289997577670000783 ) );
#14=SURFACE_SIDE_STYLE ('',( #122 ) );
#15=DIRECTION ( 'NONE',  ( -4.371138812635287558E-08, 0.9999999999999990008, 0.000000000000000000 ) );
#16=EDGE_CURVE ( 'NONE', #3232, #2093, #730, .T. );
#17=EDGE_LOOP ( 'NONE', ( #3506, #1264, #4705, #4190 ) );
#18=ORIENTED_EDGE ( 'NONE', *, *, #207, .T. );
#19=AXIS2_PLACEMENT_3D ( 'NONE', #3616, #2819, #3524 );
#20=( LENGTH_UNIT ( ) NAMED_UNIT ( * ) SI_UNIT ( .MILLI., .METRE. ) );
#21=CARTESIAN_POINT ( 'NONE',  ( 3.738422764638034579, -3.215526098318678194, 4.632061452936999224 ) );
#22=COLOUR_RGB ( '',0.7921568627450980005, 0.8196078431372548767, 0.9333333333333333481 );
#23=ORIENTED_EDGE ( 'NONE', *, *, #1997, .F. );
#24=AXIS2_PLACEMENT_3D ( 'NONE', #2081, #150, #231 );
#25=DIRECTION ( 'NONE',  ( -1.000000000000000000, 0.000000000000000000, 0.000000000000000000 ) );
#26=( NAMED_UNIT ( * ) SI_UNIT ( $, .STERADIAN. ) SOLID_ANGLE_UNIT ( ) );
#27=FACE_OUTER_BOUND ( 'NONE', #792, .T. );
#28=DIRECTION ( 'NONE',  ( 1.000000000000000000, 0.000000000000000000, 0.000000000000000000 ) );
#29=ORIENTED_EDGE ( 'NONE', *, *, #2891, .F. );
#30=CARTESIAN_POINT ( 'NONE',  ( -4.749985963281000423, -1.650008659413999990, -0.7999989200000000578 ) );
#31=CARTESIAN_POINT ( 'NONE',  ( 3.734451289427263010, 3.734671220404729652, 0.1499999999999999944 ) );
#32=ORIENTED_EDGE ( 'NONE', *, *, #1777, .T. );
#33=LINE ( 'NONE', #1781, #43 );
#34=ORIENTED_EDGE ( 'NONE', *, *, #4123, .T. );
#35=CIRCLE ( 'NONE', #2896, 0.2500000000000000000 );
#36=PRESENTATION_STYLE_ASSIGNMENT (( #107 ) );
#37=MECHANICAL_DESIGN_GEOMETRIC_PRESENTATION_REPRESENTATION (  '', ( #1265 ), #3582 );
#38=EDGE_CURVE ( 'NONE', #3750, #3845, #2749, .T. );
#39=CARTESIAN_POINT ( 'NONE',  ( 3.238861262949996878, 0.0001127524777981814795, 5.250000000000000000 ) );
#40=ORIENTED_EDGE ( 'NONE', *, *, #580, .F. );
#41=CARTESIAN_POINT ( 'NONE',  ( -4.749985963281000423, -0.8500102594139999912, -0.7999989200000000578 ) );
#42=VECTOR ( 'NONE', #183, 1000.000000000000000 );
#43=VECTOR ( 'NONE', #8, 1000.000000000000000 );
#44=CARTESIAN_POINT ( 'NONE',  ( -4.749985963281000423, 2.900004999374999670, -0.8189997673030000591 ) );
#45=CARTESIAN_POINT ( 'NONE',  ( 0.2500069167190000496, -0.2499911206249999795, -0.8289997577670000783 ) );
#46=EDGE_CURVE ( 'NONE', #2701, #4385, #4206, .T. );
#47=PLANE ( 'NONE',  #3264 );
#48=STYLED_ITEM ( 'NONE', ( #36 ), #4821 );
#49=VECTOR ( 'NONE', #175, 1000.000000000000000 );
#50=CARTESIAN_POINT ( 'NONE',  ( 2.635455288055101430, 4.189727926899088573, 0.1499999999999999944 ) );
#51=ORIENTED_EDGE ( 'NONE', *, *, #2891, .T. );
#52=UNCERTAINTY_MEASURE_WITH_UNIT (LENGTH_MEASURE( 1.000000000000000082E-05 ), #20, 'distance_accuracy_value', 'NONE');
#53=( GEOMETRIC_REPRESENTATION_CONTEXT ( 3 ) GLOBAL_UNCERTAINTY_ASSIGNED_CONTEXT ( ( #52 ) ) GLOBAL_UNIT_ASSIGNED_CONTEXT ( ( #20, #170, #26 ) ) REPRESENTATION_CONTEXT ( 'NONE', 'WORKASPACE' ) );
#54=CIRCLE ( 'NONE', #3878, 0.1499999999999999944 );
#55=CARTESIAN_POINT ( 'NONE',  ( 3.005212551370055163, -4.045973815215314850, 0.1499999999999999944 ) );
#56=PRESENTATION_LAYER_ASSIGNMENT (  '', '', ( #1057 ) );
#57=LINE ( 'NONE', #782, #161 );
#58=VERTEX_POINT ( 'NONE', #163 );
#59=EDGE_LOOP ( 'NONE', ( #2407, #2564, #629, #4193 ) );
#60=LINE ( 'NONE', #635, #43 );
#61=CARTESIAN_POINT ( 'NONE',  ( -2.250106895243374261, -2.249887487452621126, 5.250000000000000000 ) );
#62=EDGE_CURVE ( 'NONE', #2798, #3286, #4579, .T. );
#63=ORIENTED_EDGE ( 'NONE', *, *, #675, .T. );
#64=LINE ( 'NONE', #1207, #142 );
#65=CARTESIAN_POINT ( 'NONE',  ( 4.189508322407088592, -2.635449670751101703, 0.1499999999999999944 ) );
#66=PLANE ( 'NONE',  #3327 );
#67=PLANE ( 'NONE',  #1316 );
#68=LINE ( 'NONE', #163, #43 );
#69=ORIENTED_EDGE ( 'NONE', *, *, #3813, .T. );
#70=MECHANICAL_DESIGN_GEOMETRIC_PRESENTATION_REPRESENTATION (  '', ( #1212 ), #3887 );
#71=CARTESIAN_POINT ( 'NONE',  ( -3.053505612706103101, -4.189502723367298564, 0.1499999999999999944 ) );
#72=VERTEX_POINT ( 'NONE', #3877 );
#73=ORIENTED_EDGE ( 'NONE', *, *, #1006, .F. );
#74=FILL_AREA_STYLE ('',( #4 ) );
#75=DIRECTION ( 'NONE',  ( -0.000000000000000000, 1.000000000000000000, 0.000000000000000000 ) );
#76=VERTEX_POINT ( 'NONE', #549 );
#77=FACE_OUTER_BOUND ( 'NONE', #2273, .T. );
#78=ORIENTED_EDGE ( 'NONE', *, *, #3557, .F. );
#79=CARTESIAN_POINT ( 'NONE',  ( -0.3999841232810000258, -3.249993160624999877, -0.8189997673030000591 ) );
#80=CARTESIAN_POINT ( 'NONE',  ( 4.051601022458296342, 2.647676807822784362, -0.04891449431465999531 ) );
#81=( BOUNDED_SURFACE ( )  B_SPLINE_SURFACE ( 3, 2, (( #65, #4158, #369 ),( #3178, #2781, #4484 ),( #3464, #1268, #4841 ),( #94, #3537, #1292 ) ),.UNSPECIFIED., .F., .F., .F. )B_SPLINE_SURFACE_WITH_KNOTS ( ( 4, 4 ),( 3, 3 ),( 5.498396131367999651, 6.283185307180000123 ),( 0.000000000000000000, 1.000000000000000000 ),.UNSPECIFIED. )GEOMETRIC_REPRESENTATION_ITEM ( )  RATIONAL_B_SPLINE_SURFACE ( (( 1.000000000000000000, 0.7193398003390000239, 1.000000000000000000),( 1.000000000000000000, 0.7225252651429999728, 1.000000000000000000),( 1.000000000000000000, 0.7243530631100000283, 1.000000000000000000),( 1.000000000000000000, 0.7243360104960000490, 1.000000000000000000) ) )REPRESENTATION_ITEM ( '' )  SURFACE ( )  );
#82=CARTESIAN_POINT ( 'NONE',  ( -4.749985963281000423, -2.900008659413999990, -0.8189997673030000591 ) );
#83=CARTESIAN_POINT ( 'NONE',  ( 3.505675814876468621, 3.751572864194186341, 0.2926012031699822269 ) );
#84=LINE ( 'NONE', #1255, #229 );
#85=CARTESIAN_POINT ( 'NONE',  ( -2.687407622645794358, 3.239080749976362306, 5.249999999999999112 ) );
#86=ORIENTED_EDGE ( 'NONE', *, *, #3612, .T. );
#87=ADVANCED_FACE ( 'NONE', ( #2473 ), #3927, .T. );
#88=CARTESIAN_POINT ( 'NONE',  ( -3.734665276615263707, -3.734445998608729500, 0.1499999999999999944 ) );
#89=VECTOR ( 'NONE', #25, 1000.000000000000000 );
#90=ORIENTED_EDGE ( 'NONE', *, *, #1463, .F. );
#91=CARTESIAN_POINT ( 'NONE',  ( -3.734665603100729925, 3.734670893919263435, 0.1499999999999999944 ) );
#92=EDGE_CURVE ( 'NONE', #2528, #751, #2195, .T. );
#93=VERTEX_POINT ( 'NONE', #335 );
#94=CARTESIAN_POINT ( 'NONE',  ( 3.734451615912729228, -3.734445672123263282, 0.1499999999999999944 ) );
#95=CARTESIAN_POINT ( 'NONE',  ( 4.749985599140999604, 0.8500065993750000048, -0.8189997673030000591 ) );
#96=MECHANICAL_DESIGN_GEOMETRIC_PRESENTATION_REPRESENTATION (  '', ( #3162 ), #4184 );
#97=EDGE_LOOP ( 'NONE', ( #606, #4271, #3171, #2982 ) );
#98=FILL_AREA_STYLE_COLOUR ( '', #139 );
#99=LINE ( 'NONE', #1717, #89 );
#100=FACE_OUTER_BOUND ( 'NONE', #2207, .T. );
#101=CARTESIAN_POINT ( 'NONE',  ( -2.899984123280999970, -3.249993160624999877, -0.7999989200000000578 ) );
#102=EDGE_LOOP ( 'NONE', ( #4405, #731, #462, #4615 ) );
#103=PRESENTATION_LAYER_ASSIGNMENT (  '', '', ( #3910 ) );
#104=ORIENTED_EDGE ( 'NONE', *, *, #3989, .F. );
#105=EDGE_LOOP ( 'NONE', ( #3551, #3706, #4142, #785 ) );
#106=STYLED_ITEM ( 'NONE', ( #36 ), #4442 );
#107=SURFACE_STYLE_USAGE ( .BOTH. , #14 );
#108=PLANE ( 'NONE',  #873 );
#109=( GEOMETRIC_REPRESENTATION_CONTEXT ( 3 ) GLOBAL_UNCERTAINTY_ASSIGNED_CONTEXT ( ( #52 ) ) GLOBAL_UNIT_ASSIGNED_CONTEXT ( ( #20, #170, #26 ) ) REPRESENTATION_CONTEXT ( 'NONE', 'WORKASPACE' ) );
#110=EDGE_LOOP ( 'NONE', ( #1456, #4303, #1877, #298 ) );
#111=CARTESIAN_POINT ( 'NONE',  ( 2.900014276718999806, -3.249993160624999877, -0.7999989200000000578 ) );
#112=AXIS2_PLACEMENT_3D ( 'NONE', #3687, #8, #309 );
#113=VECTOR ( 'NONE', #1564, 1000.000000000000227 );
#114=DIRECTION ( 'NONE',  ( -1.269992861138245472E-06, 0.9999999999991935340, 0.000000000000000000 ) );
#115=CARTESIAN_POINT ( 'NONE',  ( -0.8965537122791953362, 2.500112571713070775, 5.326200000000000045 ) );
#116=CARTESIAN_POINT ( 'NONE',  ( -4.749985963281000423, 2.900004999374999670, -0.7999989200000000578 ) );
#117=EDGE_LOOP ( 'NONE', ( #1371, #1198, #2708, #2441 ) );
#118=LINE ( 'NONE', #712, #43 );
#119=ORIENTED_EDGE ( 'NONE', *, *, #4315, .T. );
#120=( GEOMETRIC_REPRESENTATION_CONTEXT ( 3 ) GLOBAL_UNCERTAINTY_ASSIGNED_CONTEXT ( ( #52 ) ) GLOBAL_UNIT_ASSIGNED_CONTEXT ( ( #20, #170, #26 ) ) REPRESENTATION_CONTEXT ( 'NONE', 'WORKASPACE' ) );
#121=DIRECTION ( 'NONE',  ( 4.371138730290817463E-08, -0.9999999999999990008, 0.000000000000000000 ) );
#122=SURFACE_STYLE_FILL_AREA ( #74 );
#123=FACE_OUTER_BOUND ( 'NONE', #3822, .T. );
#124=PRESENTATION_LAYER_ASSIGNMENT (  '', '', ( #317 ) );
#125=VERTEX_POINT ( 'NONE', #1505 );
#126=FILL_AREA_STYLE_COLOUR ( '', #327 );
#127=ADVANCED_FACE ( 'NONE', ( #1482 ), #4683, .T. );
#128=ORIENTED_EDGE ( 'NONE', *, *, #3770, .T. );
#129=ORIENTED_EDGE ( 'NONE', *, *, #1799, .T. );
#130=CARTESIAN_POINT ( 'NONE',  ( 3.888465409109799875, -2.484315401271104840, 4.622684672856999910 ) );
#131=EDGE_CURVE ( 'NONE', #2387, #1289, #1603, .T. );
#132=VERTEX_POINT ( 'NONE', #1503 );
#133=SURFACE_SIDE_STYLE ('',( #162 ) );
#134=CARTESIAN_POINT ( 'NONE',  ( 3.249983519140999810, -1.650008659413999990, -0.7999989200000000578 ) );
#135=ADVANCED_FACE ( 'NONE', ( #4809 ), #3082, .F. );
#136=PRESENTATION_LAYER_ASSIGNMENT (  '', '', ( #1653 ) );
#137=CARTESIAN_POINT ( 'NONE',  ( 3.476977403547174994, -3.476971482266817848, 4.632061452930999579 ) );
#138=ORIENTED_EDGE ( 'NONE', *, *, #2024, .T. );
#139=COLOUR_RGB ( '',0.7529411764705882248, 0.7529411764705882248, 0.7529411764705882248 );
#140=EDGE_CURVE ( 'NONE', #3958, #302, #4398, .T. );
#141=ORIENTED_EDGE ( 'NONE', *, *, #3401, .F. );
#142=VECTOR ( 'NONE', #150, 1000.000000000000000 );
#143=MECHANICAL_DESIGN_GEOMETRIC_PRESENTATION_REPRESENTATION (  '', ( #4281 ), #511 );
#144=CARTESIAN_POINT ( 'NONE',  ( -3.477191086758818273, -3.476971786243174822, 4.632061452930999579 ) );
#145=CARTESIAN_POINT ( 'NONE',  ( 2.100015876719000030, -3.249993160624999877, -0.8189997673030000591 ) );
#146=ORIENTED_EDGE ( 'NONE', *, *, #1747, .F. );
#147=CARTESIAN_POINT ( 'NONE',  ( 2.637603315910013624, 2.637823150997981703, 0.1842217554610000030 ) );
#148=B_SPLINE_CURVE_WITH_KNOTS ( 'NONE', 3,( #816, #3029, #2278, #2980, #2257, #144 ),.UNSPECIFIED., .F., .F.,( 4, 2, 4 ),( 0.000000000000000000, 0.5000000000000000000, 1.000000000000000000 ),.UNSPECIFIED. );
#149=ADVANCED_FACE ( 'NONE', ( #3394 ), #4757, .T. );
#150=DIRECTION ( 'NONE',  ( 0.000000000000000000, -1.000000000000000000, 0.000000000000000000 ) );
#151=CARTESIAN_POINT ( 'NONE',  ( 2.635455294607815802, 4.039819302846089144, 0.2947650754950000285 ) );
#152=CARTESIAN_POINT ( 'NONE',  ( 4.749985599140999604, 1.650004999374999892, -0.8189997673030000591 ) );
#153=VERTEX_POINT ( 'NONE', #1053 );
#154=FACE_BOUND ( 'NONE', #2147, .T. );
#155=AXIS2_PLACEMENT_3D ( 'NONE', #2361, #150, #231 );
#156=AXIS2_PLACEMENT_3D ( 'NONE', #987, #457, #3961 );
#157=ORIENTED_EDGE ( 'NONE', *, *, #3243, .F. );
#158=STYLED_ITEM ( 'NONE', ( #165 ), #3261 );
#159=ORIENTED_EDGE ( 'NONE', *, *, #2112, .T. );
#160=ORIENTED_EDGE ( 'NONE', *, *, #2948, .F. );
#161=VECTOR ( 'NONE', #28, 1000.000000000000000 );
#162=SURFACE_STYLE_FILL_AREA ( #7 );
#163=CARTESIAN_POINT ( 'NONE',  ( -4.250106876884590434, -2.669887574875396297, 0.1499999999999999944 ) );
#164=CARTESIAN_POINT ( 'NONE',  ( -3.249983883281000185, 0.8500065993750000048, -0.7999989200000000578 ) );
#165=PRESENTATION_STYLE_ASSIGNMENT (( #2 ) );
#166=( GEOMETRIC_REPRESENTATION_CONTEXT ( 3 ) GLOBAL_UNCERTAINTY_ASSIGNED_CONTEXT ( ( #52 ) ) GLOBAL_UNIT_ASSIGNED_CONTEXT ( ( #20, #170, #26 ) ) REPRESENTATION_CONTEXT ( 'NONE', 'WORKASPACE' ) );
#167=CARTESIAN_POINT ( 'NONE',  ( 2.249893115684469258, -2.499887290751374724, 5.299999999999999822 ) );
#168=ORIENTED_EDGE ( 'NONE', *, *, #2921, .T. );
#169=ADVANCED_FACE ( 'NONE', ( #569 ), #2416, .T. );
#170=( NAMED_UNIT ( * ) PLANE_ANGLE_UNIT ( ) SI_UNIT ( $, .RADIAN. ) );
#171=AXIS2_PLACEMENT_3D ( 'NONE', #227, #25, #8 );
#172=EDGE_CURVE ( 'NONE', #3230, #2457, #3996, .T. );
#173=ORIENTED_EDGE ( 'NONE', *, *, #2841, .T. );
#174=CARTESIAN_POINT ( 'NONE',  ( 2.100015876719000030, -4.749995240625000115, -0.8189997673030000591 ) );
#175=DIRECTION ( 'NONE',  ( 6.263858510042437134E-24, 6.617444900424219930E-24, 1.000000000000000000 ) );
#176=EDGE_CURVE ( 'NONE', #4524, #3150, #4176, .T. );
#177=ORIENTED_EDGE ( 'NONE', *, *, #1283, .T. );
#178=CARTESIAN_POINT ( 'NONE',  ( -4.749985963281000423, -0.3999934006250000507, -0.8189997673030000591 ) );
#179=SURFACE_STYLE_USAGE ( .BOTH. , #491 );
#180=CARTESIAN_POINT ( 'NONE',  ( -0.0001069935939999999951, 0.0001126108979999999974, 0.000000000000000000 ) );
#181=CARTESIAN_POINT ( 'NONE',  ( 3.710901484540461759, 3.200114866025332017, 5.250000000000000888 ) );
#182=( GEOMETRIC_REPRESENTATION_CONTEXT ( 3 ) GLOBAL_UNCERTAINTY_ASSIGNED_CONTEXT ( ( #52 ) ) GLOBAL_UNIT_ASSIGNED_CONTEXT ( ( #20, #170, #26 ) ) REPRESENTATION_CONTEXT ( 'NONE', 'WORKASPACE' ) );
#183=DIRECTION ( 'NONE',  ( 0.000000000000000000, 1.000000000000000000, -0.000000000000000000 ) );
#184=VERTEX_POINT ( 'NONE', #597 );
#185=CARTESIAN_POINT ( 'NONE',  ( -5.050000190735000061, -5.050000190735000061, -0.7999989200000000578 ) );
#186=VERTEX_POINT ( 'NONE', #642 );
#187=EDGE_CURVE ( 'NONE', #4741, #268, #4202, .T. );
#188=ORIENTED_EDGE ( 'NONE', *, *, #566, .F. );
#189=VECTOR ( 'NONE', #475, 1000.000000000000114 );
#190=ORIENTED_EDGE ( 'NONE', *, *, #2904, .T. );
#191=CARTESIAN_POINT ( 'NONE',  ( -2.249993083280999784, -0.2499911206249999795, -0.8289997577670000783 ) );
#192=CARTESIAN_POINT ( 'NONE',  ( -2.600107034059198519, 0.9258484285364605437, 5.426199999999999690 ) );
#193=ORIENTED_EDGE ( 'NONE', *, *, #207, .F. );
#194=DIRECTION ( 'NONE',  ( -0.9999999999999991118, -4.371138789291830464E-08, 0.000000000000000000 ) );
#195=ORIENTED_EDGE ( 'NONE', *, *, #1259, .T. );
#196=PRESENTATION_LAYER_ASSIGNMENT (  '', '', ( #834 ) );
#197=ORIENTED_EDGE ( 'NONE', *, *, #3050, .T. );
#198=CARTESIAN_POINT ( 'NONE',  ( -3.249983883281000185, 2.900004999374999670, -0.8189997673030000591 ) );
#199=EDGE_LOOP ( 'NONE', ( #1380, #2209, #3417, #3558 ) );
#200=MECHANICAL_DESIGN_GEOMETRIC_PRESENTATION_REPRESENTATION (  '', ( #3315 ), #1240 );
#201=VECTOR ( 'NONE', #4503, 1000.000000000000000 );
#202=VERTEX_POINT ( 'NONE', #1424 );
#203=FACE_OUTER_BOUND ( 'NONE', #955, .T. );
#204=STYLED_ITEM ( 'NONE', ( #36 ), #4106 );
#205=FACE_OUTER_BOUND ( 'NONE', #2276, .T. );
#206=EDGE_CURVE ( 'NONE', #2500, #3750, #1684, .T. );
#207=EDGE_CURVE ( 'NONE', #1802, #3356, #3135, .T. );
#208=CARTESIAN_POINT ( 'NONE',  ( 2.669893123115403277, -2.669887272392591271, 0.000000000000000000 ) );
#209=AXIS2_PLACEMENT_3D ( 'NONE', #13, #1200, #1394 );
#210=EDGE_CURVE ( 'NONE', #2857, #1468, #4118, .T. );
#211=ORIENTED_EDGE ( 'NONE', *, *, #4378, .F. );
#212=ADVANCED_FACE ( 'NONE', ( #1337 ), #2823, .T. );
#213=ORIENTED_EDGE ( 'NONE', *, *, #1489, .T. );
#214=EDGE_LOOP ( 'NONE', ( #1918, #3608, #3371, #4128 ) );
#215=B_SPLINE_CURVE_WITH_KNOTS ( 'NONE', 3,( #1667, #931, #2423, #3510, #3155, #1053 ),.UNSPECIFIED., .F., .F.,( 4, 2, 4 ),( 0.000000000000000000, 0.5000000000000000000, 1.000000000000000000 ),.UNSPECIFIED. );
#216=( GEOMETRIC_REPRESENTATION_CONTEXT ( 3 ) GLOBAL_UNCERTAINTY_ASSIGNED_CONTEXT ( ( #52 ) ) GLOBAL_UNIT_ASSIGNED_CONTEXT ( ( #20, #170, #26 ) ) REPRESENTATION_CONTEXT ( 'NONE', 'WORKASPACE' ) );
#217=CARTESIAN_POINT ( 'NONE',  ( 2.249893104756622186, -2.249887290751375168, 5.250000000000000000 ) );
#218=LINE ( 'NONE', #1142, #161 );
#219=AXIS2_PLACEMENT_3D ( 'NONE', #2393, #3818, #1252 );
#220=VERTEX_POINT ( 'NONE', #349 );
#221=VERTEX_POINT ( 'NONE', #760 );
#222=LINE ( 'NONE', #784, #43 );
#223=PRESENTATION_LAYER_ASSIGNMENT (  '', '', ( #2502 ) );
#224=EDGE_CURVE ( 'NONE', #3286, #1633, #1423, .T. );
#225=PLANE ( 'NONE',  #4305 );
#226=ORIENTED_EDGE ( 'NONE', *, *, #92, .F. );
#227=CARTESIAN_POINT ( 'NONE',  ( -4.749985963281000423, 2.100006599374999894, -0.8189997673030000591 ) );
#228=ORIENTED_EDGE ( 'NONE', *, *, #524, .T. );
#229=VECTOR ( 'NONE', #10, 1000.000000000000000 );
#230=LINE ( 'NONE', #2899, #161 );
#231=DIRECTION ( 'NONE',  ( 0.000000000000000000, 0.000000000000000000, -1.000000000000000000 ) );
#232=VECTOR ( 'NONE', #4099, 1000.000000000000000 );
#233=MECHANICAL_DESIGN_GEOMETRIC_PRESENTATION_REPRESENTATION (  '', ( #3858 ), #3708 );
#234=PRESENTATION_LAYER_ASSIGNMENT (  '', '', ( #3775 ) );
#235=MECHANICAL_DESIGN_GEOMETRIC_PRESENTATION_REPRESENTATION (  '', ( #621 ), #3423 );
#236=PLANE ( 'NONE',  #2974 );
#237=CARTESIAN_POINT ( 'NONE',  ( -2.249985463280999909, -2.249997280624999707, -0.7999989200000000578 ) );
#238=ORIENTED_EDGE ( 'NONE', *, *, #1910, .F. );
#239=FACE_BOUND ( 'NONE', #4754, .T. );
#240=ORIENTED_EDGE ( 'NONE', *, *, #3585, .F. );
#241=EDGE_CURVE ( 'NONE', #4584, #202, #1975, .T. );
#242=PRESENTATION_LAYER_ASSIGNMENT (  '', '', ( #1496 ) );
#243=LINE ( 'NONE', #2361, #89 );
#244=ORIENTED_EDGE ( 'NONE', *, *, #2542, .F. );
#245=EDGE_CURVE ( 'NONE', #1468, #2701, #3407, .T. );
#246=ORIENTED_EDGE ( 'NONE', *, *, #1832, .T. );
#247=CARTESIAN_POINT ( 'NONE',  ( 2.250025776719000170, 0.2500052593749999552, -0.7999989200000000578 ) );
#248=ORIENTED_EDGE ( 'NONE', *, *, #1467, .F. );
#249=CARTESIAN_POINT ( 'NONE',  ( 2.829421803394168933, -4.039619030192359794, 0.2940437847197301946 ) );
#250=( GEOMETRIC_REPRESENTATION_CONTEXT ( 3 ) GLOBAL_UNCERTAINTY_ASSIGNED_CONTEXT ( ( #52 ) ) GLOBAL_UNIT_ASSIGNED_CONTEXT ( ( #20, #170, #26 ) ) REPRESENTATION_CONTEXT ( 'NONE', 'WORKASPACE' ) );
#251=PLANE ( 'NONE',  #4161 );
#252=STYLED_ITEM ( 'NONE', ( #36 ), #4762 );
#253=( GEOMETRIC_REPRESENTATION_CONTEXT ( 3 ) GLOBAL_UNCERTAINTY_ASSIGNED_CONTEXT ( ( #52 ) ) GLOBAL_UNIT_ASSIGNED_CONTEXT ( ( #20, #170, #26 ) ) REPRESENTATION_CONTEXT ( 'NONE', 'WORKASPACE' ) );
#254=( GEOMETRIC_REPRESENTATION_CONTEXT ( 3 ) GLOBAL_UNCERTAINTY_ASSIGNED_CONTEXT ( ( #52 ) ) GLOBAL_UNIT_ASSIGNED_CONTEXT ( ( #20, #170, #26 ) ) REPRESENTATION_CONTEXT ( 'NONE', 'WORKASPACE' ) );
#255=VERTEX_POINT ( 'NONE', #1341 );
#256=PRESENTATION_STYLE_ASSIGNMENT (( #179 ) );
#257=EDGE_CURVE ( 'NONE', #2535, #2876, #2073, .T. );
#258=ORIENTED_EDGE ( 'NONE', *, *, #1211, .T. );
#259=VECTOR ( 'NONE', #2059, 1000.000000000000114 );
#260=LINE ( 'NONE', #1083, #43 );
#261=PRESENTATION_LAYER_ASSIGNMENT (  '', '', ( #1441 ) );
#262=( GEOMETRIC_REPRESENTATION_CONTEXT ( 3 ) GLOBAL_UNCERTAINTY_ASSIGNED_CONTEXT ( ( #52 ) ) GLOBAL_UNIT_ASSIGNED_CONTEXT ( ( #20, #170, #26 ) ) REPRESENTATION_CONTEXT ( 'NONE', 'WORKASPACE' ) );
#263=DIRECTION ( 'NONE',  ( -0.9999999999999991118, -4.371138805329278987E-08, 0.000000000000000000 ) );
#264=EDGE_LOOP ( 'NONE', ( #1661, #4205, #1247, #1920 ) );
#265=ORIENTED_EDGE ( 'NONE', *, *, #4847, .T. );
#266=MECHANICAL_DESIGN_GEOMETRIC_PRESENTATION_REPRESENTATION (  '', ( #2466 ), #3449 );
#267=ORIENTED_EDGE ( 'NONE', *, *, #46, .T. );
#268=VERTEX_POINT ( 'NONE', #2505 );
#269=CARTESIAN_POINT ( 'NONE',  ( -3.249983883281000185, -0.8500102594139999912, -0.8189997673030000591 ) );
#270=LINE ( 'NONE', #679, #43 );
#271=DIRECTION ( 'NONE',  ( -0.000000000000000000, -0.000000000000000000, -1.000000000000000000 ) );
#272=CARTESIAN_POINT ( 'NONE',  ( -2.846714426707395162, -3.860817293732162536, 5.250000000000000000 ) );
#273=B_SPLINE_CURVE_WITH_KNOTS ( 'NONE', 3,( #1481, #249, #1840, #3625, #1147, #1292 ),.UNSPECIFIED., .F., .F.,( 4, 2, 4 ),( 0.000000000000000000, 0.4999999999999997780, 1.000000000000000000 ),.UNSPECIFIED. );
#274=ORIENTED_EDGE ( 'NONE', *, *, #224, .T. );
#275=ADVANCED_FACE ( 'NONE', ( #1844 ), #3153, .F. );
#276=EDGE_CURVE ( 'NONE', #2979, #4350, #3025, .T. );
#277=AXIS2_PLACEMENT_3D ( 'NONE', #3929, #1773, #231 );
#278=CARTESIAN_POINT ( 'NONE',  ( 2.299893120055608531, -2.599887288565807086, 5.479999999999999538 ) );
#279=DIRECTION ( 'NONE',  ( -4.371138800000000469E-08, 0.9999999999999992228, 0.000000000000000000 ) );
#280=CARTESIAN_POINT ( 'NONE',  ( 1.649983759140999817, 3.250004759375000329, -0.8189997673030000591 ) );
#281=EDGE_CURVE ( 'NONE', #4741, #1557, #1182, .T. );
#282=CARTESIAN_POINT ( 'NONE',  ( -4.749985963281000423, -1.650008659413999990, -0.8189997673030000591 ) );
#283=CARTESIAN_POINT ( 'NONE',  ( 3.249983519140999810, -2.100010259414000213, -0.7999989200000000578 ) );
#284=CYLINDRICAL_SURFACE ( 'NONE', #1329, 1.580000000000000515 );
#285=LINE ( 'NONE', #1154, #43 );
#286=EDGE_LOOP ( 'NONE', ( #721, #663, #3424, #1852 ) );
#287=CARTESIAN_POINT ( 'NONE',  ( -1.649984123281000192, -3.249993160624999877, -0.8189997673030000591 ) );
#288=ORIENTED_EDGE ( 'NONE', *, *, #823, .T. );
#289=LINE ( 'NONE', #2178, #89 );
#290=CYLINDRICAL_SURFACE ( 'NONE', #4651, 0.6499999999999995781 );
#291=AXIS2_PLACEMENT_3D ( 'NONE', #1781, #8, #28 );
#292=ORIENTED_EDGE ( 'NONE', *, *, #1831, .F. );
#293=LINE ( 'NONE', #750, #42 );
#294=STYLED_ITEM ( 'NONE', ( #256 ), #4241 );
#295=PLANE ( 'NONE',  #3201 );
#296=CARTESIAN_POINT ( 'NONE',  ( 2.599892905869806814, 2.300112724547604959, 5.299999999999999822 ) );
#297=FACE_OUTER_BOUND ( 'NONE', #2508, .T. );
#298=ORIENTED_EDGE ( 'NONE', *, *, #1315, .F. );
#299=( GEOMETRIC_REPRESENTATION_CONTEXT ( 3 ) GLOBAL_UNCERTAINTY_ASSIGNED_CONTEXT ( ( #52 ) ) GLOBAL_UNIT_ASSIGNED_CONTEXT ( ( #20, #170, #26 ) ) REPRESENTATION_CONTEXT ( 'NONE', 'WORKASPACE' ) );
#300=VERTEX_POINT ( 'NONE', #3886 );
#301=EDGE_LOOP ( 'NONE', ( #4314, #339, #586, #2300 ) );
#302=VERTEX_POINT ( 'NONE', #2029 );
#303=DIRECTION ( 'NONE',  ( -0.9999999999999990008, -4.371138778583660459E-08, 0.000000000000000000 ) );
#304=ORIENTED_EDGE ( 'NONE', *, *, #131, .F. );
#305=AXIS2_PLACEMENT_3D ( 'NONE', #4426, #8, #754 );
#306=EDGE_CURVE ( 'NONE', #518, #4341, #835, .T. );
#307=VECTOR ( 'NONE', #271, 1000.000000000000000 );
#308=CARTESIAN_POINT ( 'NONE',  ( 3.888356269457127645, -2.678147220750114244, 4.625810266214890554 ) );
#309=DIRECTION ( 'NONE',  ( 4.371138812635286234E-08, -0.9999999999999990008, 0.000000000000000000 ) );
#310=ORIENTED_EDGE ( 'NONE', *, *, #1356, .T. );
#311=SURFACE_STYLE_FILL_AREA ( #588 );
#312=EDGE_CURVE ( 'NONE', #982, #2987, #486, .T. );
#313=ORIENTED_EDGE ( 'NONE', *, *, #1105, .T. );
#314=ADVANCED_FACE ( 'NONE', ( #907 ), #4511, .T. );
#315=CARTESIAN_POINT ( 'NONE',  ( -3.161496522854339908, 2.874771672645280329, 5.249999999999999112 ) );
#316=CARTESIAN_POINT ( 'NONE',  ( 2.924997959999999786, -2.924997959999999786, -0.7939989199999999414 ) );
#317=STYLED_ITEM ( 'NONE', ( #36 ), #2325 );
#318=LINE ( 'NONE', #280, #43 );
#319=CARTESIAN_POINT ( 'NONE',  ( -0.3999841232810000258, -3.249993160624999877, -0.7999989200000000578 ) );
#320=LINE ( 'NONE', #2253, #2989 );
#321=CARTESIAN_POINT ( 'NONE',  ( 4.041747658467978788, -2.637597637228925596, 0.2332555483279999953 ) );
#322=ORIENTED_EDGE ( 'NONE', *, *, #2544, .F. );
#323=STYLED_ITEM ( 'NONE', ( #36 ), #2517 );
#324=EDGE_LOOP ( 'NONE', ( #2649, #2869, #3732, #4022 ) );
#325=FACE_OUTER_BOUND ( 'NONE', #2379, .T. );
#326=VERTEX_POINT ( 'NONE', #371 );
#327=COLOUR_RGB ( '',0.8784313725490195957, 0.7098039215686274828, 0.1960784313725490169 );
#328=EDGE_CURVE ( 'NONE', #4286, #2152, #1591, .T. );
#329=ORIENTED_EDGE ( 'NONE', *, *, #2329, .F. );
#330=AXIS2_PLACEMENT_3D ( 'NONE', #2890, #1765, #2735 );
#331=LINE ( 'NONE', #3389, #161 );
#332=CARTESIAN_POINT ( 'NONE',  ( -1.649984123281000192, 3.250004759375000329, -0.8189997673030000591 ) );
#333=( GEOMETRIC_REPRESENTATION_CONTEXT ( 3 ) GLOBAL_UNCERTAINTY_ASSIGNED_CONTEXT ( ( #52 ) ) GLOBAL_UNIT_ASSIGNED_CONTEXT ( ( #20, #170, #26 ) ) REPRESENTATION_CONTEXT ( 'NONE', 'WORKASPACE' ) );
#334=VERTEX_POINT ( 'NONE', #287 );
#335=CARTESIAN_POINT ( 'NONE',  ( 4.249892889696590181, 2.670112796671396449, 0.1499999999999999944 ) );
#336=CIRCLE ( 'NONE', #2309, 0.3000000000000000444 );
#337=CARTESIAN_POINT ( 'NONE',  ( -0.8499857232809999719, -3.249993160624999877, -0.8189997673030000591 ) );
#338=PRESENTATION_LAYER_ASSIGNMENT (  '', '', ( #2522 ) );
#339=ORIENTED_EDGE ( 'NONE', *, *, #4753, .T. );
#340=( GEOMETRIC_REPRESENTATION_CONTEXT ( 3 ) GLOBAL_UNCERTAINTY_ASSIGNED_CONTEXT ( ( #52 ) ) GLOBAL_UNIT_ASSIGNED_CONTEXT ( ( #20, #170, #26 ) ) REPRESENTATION_CONTEXT ( 'NONE', 'WORKASPACE' ) );
#341=PRESENTATION_LAYER_ASSIGNMENT (  '', '', ( #2526 ) );
#342=ORIENTED_EDGE ( 'NONE', *, *, #2681, .F. );
#343=AXIS2_PLACEMENT_3D ( 'NONE', #1083, #28, #10 );
#344=PRESENTATION_LAYER_ASSIGNMENT (  '', '', ( #2596 ) );
#345=ORIENTED_EDGE ( 'NONE', *, *, #3438, .T. );
#346=PLANE ( 'NONE',  #4021 );
#347=ADVANCED_FACE ( 'NONE', ( #4443 ), #1616, .T. );
#348=EDGE_CURVE ( 'NONE', #1363, #4619, #4196, .T. );
#349=CARTESIAN_POINT ( 'NONE',  ( 2.900014276718999806, -3.249993160624999877, -0.8189997673030000591 ) );
#350=CARTESIAN_POINT ( 'NONE',  ( 3.017917176254965028, 3.018137044591028495, 5.250000000000000000 ) );
#351=FACE_OUTER_BOUND ( 'NONE', #4435, .T. );
#352=EDGE_CURVE ( 'NONE', #1386, #2740, #4467, .T. );
#353=CARTESIAN_POINT ( 'NONE',  ( -2.300106893057803692, -2.299887489638191340, 5.426199999999999690 ) );
#354=ORIENTED_EDGE ( 'NONE', *, *, #1, .F. );
#355=VERTEX_POINT ( 'NONE', #2729 );
#356=CARTESIAN_POINT ( 'NONE',  ( -2.484535034158199096, -3.238855754243801233, 5.250000000000000000 ) );
#357=CARTESIAN_POINT ( 'NONE',  ( -4.250107179367395460, 4.250112425124596527, 0.1499999999999999944 ) );
#358=EDGE_CURVE ( 'NONE', #1308, #4441, #2786, .T. );
#359=FACE_OUTER_BOUND ( 'NONE', #1883, .T. );
#360=ORIENTED_EDGE ( 'NONE', *, *, #710, .F. );
#361=CARTESIAN_POINT ( 'NONE',  ( 3.238861154352192351, 2.484540934621795483, 5.250000000000000000 ) );
#362=PRODUCT_DEFINITION_SHAPE ( 'NONE', 'NONE',  #3141 );
#363=PLANE ( 'NONE',  #219 );
#364=DIRECTION ( 'NONE',  ( 4.371138799999999807E-08, -0.9999999999999991118, 0.000000000000000000 ) );
#365=ORIENTED_EDGE ( 'NONE', *, *, #1435, .F. );
#366=ORIENTED_EDGE ( 'NONE', *, *, #3796, .F. );
#367=ORIENTED_EDGE ( 'NONE', *, *, #373, .F. );
#368=STYLED_ITEM ( 'NONE', ( #256 ), #3716 );
#369=CARTESIAN_POINT ( 'NONE',  ( 4.039599698354089163, -2.635449677303815630, 0.2947650754950000285 ) );
#370=ORIENTED_EDGE ( 'NONE', *, *, #2058, .T. );
#371=CARTESIAN_POINT ( 'NONE',  ( 4.749985599140999604, -0.8500102594139999912, -0.7999989200000000578 ) );
#372=PLANE ( 'NONE',  #1305 );
#373=EDGE_CURVE ( 'NONE', #4403, #988, #2322, .T. );
#374=EDGE_CURVE ( 'NONE', #1508, #1607, #3471, .T. );
#375=ORIENTED_EDGE ( 'NONE', *, *, #3989, .T. );
#376=FACE_OUTER_BOUND ( 'NONE', #1913, .T. );
#377=ADVANCED_FACE ( 'NONE', ( #3747 ), #1953, .T. );
#378=ADVANCED_FACE ( 'NONE', ( #581 ), #3607, .F. );
#379=AXIS2_PLACEMENT_3D ( 'NONE', #1626, #75, #28 );
#380=CARTESIAN_POINT ( 'NONE',  ( -2.877638822719851053, -3.158404151071913191, 5.250000000000000000 ) );
#381=CARTESIAN_POINT ( 'NONE',  ( 2.824998159999999814, -2.924997959999999786, -0.7999989200000000578 ) );
#382=CYLINDRICAL_SURFACE ( 'NONE', #2966, 0.1500000000000001055 );
#383=ORIENTED_EDGE ( 'NONE', *, *, #1103, .F. );
#384=PLANE ( 'NONE',  #2031 );
#385=VERTEX_POINT ( 'NONE', #2471 );
#386=LINE ( 'NONE', #2336, #788 );
#387=CARTESIAN_POINT ( 'NONE',  ( 3.888465123480874031, 4.050112780872887619, 4.622684672856999910 ) );
#388=MECHANICAL_DESIGN_GEOMETRIC_PRESENTATION_REPRESENTATION (  '', ( #3997 ), #4201 );
#389=VERTEX_POINT ( 'NONE', #247 );
#390=ORIENTED_EDGE ( 'NONE', *, *, #3239, .T. );
#391=DIRECTION ( 'NONE',  ( 0.7071067502779277980, 0.7071068120951660152, 0.000000000000000000 ) );
#392=ADVANCED_FACE ( 'NONE', ( #3583 ), #1738, .T. );
#393=ORIENTED_EDGE ( 'NONE', *, *, #38, .T. );
#394=LINE ( 'NONE', #901, #1528 );
#395=ORIENTED_EDGE ( 'NONE', *, *, #1024, .T. );
#396=DIRECTION ( 'NONE',  ( -0.9999999999999991118, -4.371138799999999807E-08, 0.000000000000000000 ) );
#397=AXIS2_PLACEMENT_3D ( 'NONE', #357, #762, #2037 );
#398=( GEOMETRIC_REPRESENTATION_CONTEXT ( 3 ) GLOBAL_UNCERTAINTY_ASSIGNED_CONTEXT ( ( #52 ) ) GLOBAL_UNIT_ASSIGNED_CONTEXT ( ( #20, #170, #26 ) ) REPRESENTATION_CONTEXT ( 'NONE', 'WORKASPACE' ) );
#399=PLANE ( 'NONE',  #1817 );
#400=FILL_AREA_STYLE_COLOUR ( '', #434 );
#401=ORIENTED_EDGE ( 'NONE', *, *, #4018, .T. );
#402=CARTESIAN_POINT ( 'NONE',  ( 2.249892897127528268, 2.500112709248619058, 5.250000000000000000 ) );
#403=DIRECTION ( 'NONE',  ( 3.809988274914014590E-06, -0.9999999999927419170, 0.000000000000000000 ) );
#404=MECHANICAL_DESIGN_GEOMETRIC_PRESENTATION_REPRESENTATION (  '', ( #4070 ), #4629 );
#405=PLANE ( 'NONE',  #4554 );
#406=ORIENTED_EDGE ( 'NONE', *, *, #2754, .T. );
#407=LINE ( 'NONE', #2714, #4313 );
#408=EDGE_CURVE ( 'NONE', #2347, #2409, #824, .T. );
#409=CARTESIAN_POINT ( 'NONE',  ( 3.249983519140999810, -2.900008659413999990, -0.7999989200000000578 ) );
#410=ORIENTED_EDGE ( 'NONE', *, *, #3615, .F. );
#411=PRESENTATION_LAYER_ASSIGNMENT (  '', '', ( #621 ) );
#412=EDGE_CURVE ( 'NONE', #1938, #3605, #1533, .T. );
#413=STYLED_ITEM ( 'NONE', ( #36 ), #2485 );
#414=( GEOMETRIC_REPRESENTATION_CONTEXT ( 3 ) GLOBAL_UNCERTAINTY_ASSIGNED_CONTEXT ( ( #52 ) ) GLOBAL_UNIT_ASSIGNED_CONTEXT ( ( #20, #170, #26 ) ) REPRESENTATION_CONTEXT ( 'NONE', 'WORKASPACE' ) );
#415=ORIENTED_EDGE ( 'NONE', *, *, #1282, .T. );
#416=CARTESIAN_POINT ( 'NONE',  ( -0.8965537013513481535, 2.250112571713070775, 5.326200000000000045 ) );
#417=EDGE_CURVE ( 'NONE', #3305, #1793, #3570, .T. );
#418=AXIS2_PLACEMENT_3D ( 'NONE', #2922, #8, #28 );
#419=VERTEX_POINT ( 'NONE', #3058 );
#420=CARTESIAN_POINT ( 'NONE',  ( 2.499893104756622186, -2.249887279823528097, 5.250000000000000000 ) );
#421=ORIENTED_EDGE ( 'NONE', *, *, #1989, .F. );
#422=AXIS2_PLACEMENT_3D ( 'NONE', #2741, #8, #28 );
#423=CARTESIAN_POINT ( 'NONE',  ( -0.3999841232810000258, -4.749995240625000115, -0.8189997673030000591 ) );
#424=VERTEX_POINT ( 'NONE', #3014 );
#425=CARTESIAN_POINT ( 'NONE',  ( 4.749985599140999604, 0.8500065993750000048, -0.7999989200000000578 ) );
#426=PRESENTATION_LAYER_ASSIGNMENT (  '', '', ( #3353 ) );
#427=EDGE_CURVE ( 'NONE', #1392, #334, #4431, .T. );
#428=VECTOR ( 'NONE', #403, 1000.000000000000114 );
#429=CARTESIAN_POINT ( 'NONE',  ( 2.669893123115403277, -2.669887272392591271, 0.1499999999999999944 ) );
#430=AXIS2_PLACEMENT_3D ( 'NONE', #560, #1730, #8 );
#431=ORIENTED_EDGE ( 'NONE', *, *, #3149, .T. );
#432=PLANE ( 'NONE',  #2382 );
#433=MECHANICAL_DESIGN_GEOMETRIC_PRESENTATION_REPRESENTATION (  '', ( #876 ), #4577 );
#434=COLOUR_RGB ( '',0.000000000000000000, 0.5019607843137254832, 0.000000000000000000 );
#435=CARTESIAN_POINT ( 'NONE',  ( 3.017917440099028070, -3.017911558950965301, 5.250000000000000000 ) );
#436=PLANE ( 'NONE',  #1573 );
#437=ORIENTED_EDGE ( 'NONE', *, *, #4004, .T. );
#438=MECHANICAL_DESIGN_GEOMETRIC_PRESENTATION_REPRESENTATION (  '', ( #1057 ), #2242 );
#439=VERTEX_POINT ( 'NONE', #1192 );
#440=AXIS2_PLACEMENT_3D ( 'NONE', #1493, #8, #28 );
#441=( GEOMETRIC_REPRESENTATION_CONTEXT ( 3 ) GLOBAL_UNCERTAINTY_ASSIGNED_CONTEXT ( ( #52 ) ) GLOBAL_UNIT_ASSIGNED_CONTEXT ( ( #20, #170, #26 ) ) REPRESENTATION_CONTEXT ( 'NONE', 'WORKASPACE' ) );
#442=VECTOR ( 'NONE', #503, 1000.000000000000000 );
#443=CARTESIAN_POINT ( 'NONE',  ( -3.045134175789101061, -4.189502722974369320, 0.1499999999999999944 ) );
#444=EDGE_LOOP ( 'NONE', ( #4601, #3266, #1940, #4078 ) );
#445=LINE ( 'NONE', #164, #89 );
#446=LINE ( 'NONE', #1762, #43 );
#447=EDGE_CURVE ( 'NONE', #3939, #2133, #4093, .T. );
#448=ORIENTED_EDGE ( 'NONE', *, *, #3349, .T. );
#449=ADVANCED_FACE ( 'NONE', ( #2699 ), #2015, .T. );
#450=ORIENTED_EDGE ( 'NONE', *, *, #306, .F. );
#451=PLANE ( 'NONE',  #2675 );
#452=DIRECTION ( 'NONE',  ( 1.445602896647339114E-15, -1.000000000000000000, 0.000000000000000000 ) );
#453=STYLED_ITEM ( 'NONE', ( #36 ), #1678 );
#454=EDGE_CURVE ( 'NONE', #4418, #3477, #3919, .T. );
#455=ORIENTED_EDGE ( 'NONE', *, *, #909, .T. );
#456=CARTESIAN_POINT ( 'NONE',  ( 3.215531715622677922, 3.738642369130035004, 4.632061452936999224 ) );
#457=DIRECTION ( 'NONE',  ( -6.263858510042437134E-24, -6.617444900424219930E-24, -1.000000000000000000 ) );
#458=VERTEX_POINT ( 'NONE', #2336 );
#459=ORIENTED_EDGE ( 'NONE', *, *, #1657, .T. );
#460=CARTESIAN_POINT ( 'NONE',  ( -0.8499857232809999719, 3.250004759375000329, -0.7999989200000000578 ) );
#461=CARTESIAN_POINT ( 'NONE',  ( -4.189722194390995469, 0.0001124277641043872658, 0.1499999999999999944 ) );
#462=ORIENTED_EDGE ( 'NONE', *, *, #2803, .T. );
#463=LINE ( 'NONE', #1976, #1578 );
#464=PRESENTATION_LAYER_ASSIGNMENT (  '', '', ( #2551 ) );
#465=EDGE_CURVE ( 'NONE', #4595, #1756, #3552, .T. );
#466=CARTESIAN_POINT ( 'NONE',  ( -3.018131163442965725, -3.017911822795028343, 5.250000000000000000 ) );
#467=LINE ( 'NONE', #492, #43 );
#468=LINE ( 'NONE', #287, #43 );
#469=VERTEX_POINT ( 'NONE', #2867 );
#470=( GEOMETRIC_REPRESENTATION_CONTEXT ( 3 ) GLOBAL_UNCERTAINTY_ASSIGNED_CONTEXT ( ( #52 ) ) GLOBAL_UNIT_ASSIGNED_CONTEXT ( ( #20, #170, #26 ) ) REPRESENTATION_CONTEXT ( 'NONE', 'WORKASPACE' ) );
#471=ORIENTED_EDGE ( 'NONE', *, *, #801, .F. );
#472=LINE ( 'NONE', #4454, #43 );
#473=ORIENTED_EDGE ( 'NONE', *, *, #1993, .F. );
#474=STYLED_ITEM ( 'NONE', ( #36 ), #4345 );
#475=DIRECTION ( 'NONE',  ( 0.9999999999999991118, 4.371138799999999807E-08, 0.000000000000000000 ) );
#476=CARTESIAN_POINT ( 'NONE',  ( 3.476977099570817575, 3.477197008039175419, 4.632061452930999579 ) );
#477=ADVANCED_FACE ( 'NONE', ( #3501 ), #2767, .F. );
#478=EDGE_LOOP ( 'NONE', ( #3533, #1988, #2167, #4623 ) );
#479=MECHANICAL_DESIGN_GEOMETRIC_PRESENTATION_REPRESENTATION (  '', ( #3473 ), #584 );
#480=CARTESIAN_POINT ( 'NONE',  ( -2.099985723281000194, -3.249993160624999877, -0.8189997673030000591 ) );
#481=LINE ( 'NONE', #101, #161 );
#482=EDGE_LOOP ( 'NONE', ( #2283, #3099, #656, #3851 ) );
#483=EDGE_LOOP ( 'NONE', ( #2079, #4677, #1272, #342 ) );
#484=EDGE_CURVE ( 'NONE', #93, #4839, #1814, .T. );
#485=EDGE_LOOP ( 'NONE', ( #4476, #2772, #3213, #714 ) );
#486=LINE ( 'NONE', #1984, #161 );
#487=EDGE_CURVE ( 'NONE', #2465, #2918, #968, .T. );
#488=ORIENTED_EDGE ( 'NONE', *, *, #92, .T. );
#489=PLANE ( 'NONE',  #4458 );
#490=( GEOMETRIC_REPRESENTATION_CONTEXT ( 3 ) GLOBAL_UNCERTAINTY_ASSIGNED_CONTEXT ( ( #52 ) ) GLOBAL_UNIT_ASSIGNED_CONTEXT ( ( #20, #170, #26 ) ) REPRESENTATION_CONTEXT ( 'NONE', 'WORKASPACE' ) );
#491=SURFACE_SIDE_STYLE ('',( #311 ) );
#492=CARTESIAN_POINT ( 'NONE',  ( -4.749985963281000423, -0.8500102594139999912, -0.8189997673030000591 ) );
#493=LINE ( 'NONE', #1013, #1549 );
#494=EDGE_CURVE ( 'NONE', #3827, #2716, #1362, .T. );
#495=ORIENTED_EDGE ( 'NONE', *, *, #3951, .T. );
#496=PRESENTATION_LAYER_ASSIGNMENT (  '', '', ( #4124 ) );
#497=( BOUNDED_SURFACE ( )  B_SPLINE_SURFACE ( 3, 2, (( #91, #544, #538 ),( #3505, #1686, #978 ),( #3531, #2018, #2398 ),( #879, #1312, #1728 ) ),.UNSPECIFIED., .F., .F., .F. )B_SPLINE_SURFACE_WITH_KNOTS ( ( 4, 4 ),( 3, 3 ),( 2.091708371354999674E-16, 0.7847891758120000283 ),( 0.000000000000000000, 1.000000000000000000 ),.UNSPECIFIED. )GEOMETRIC_REPRESENTATION_ITEM ( )  RATIONAL_B_SPLINE_SURFACE ( (( 1.000000000000000000, 0.7243360104960000490, 1.000000000000000000),( 1.000000000000000000, 0.7243530631100000283, 1.000000000000000000),( 1.000000000000000000, 0.7225252651429999728, 1.000000000000000000),( 1.000000000000000000, 0.7193398003390000239, 1.000000000000000000) ) )REPRESENTATION_ITEM ( '' )  SURFACE ( )  );
#498=FACE_OUTER_BOUND ( 'NONE', #1961, .T. );
#499=LINE ( 'NONE', #1609, #948 );
#500=EDGE_LOOP ( 'NONE', ( #1323, #4246, #3514, #4178 ) );
#501=EDGE_CURVE ( 'NONE', #3136, #728, #2488, .T. );
#502=MECHANICAL_DESIGN_GEOMETRIC_PRESENTATION_REPRESENTATION (  '', ( #778 ), #695 );
#503=DIRECTION ( 'NONE',  ( -0.000000000000000000, -0.000000000000000000, 1.000000000000000000 ) );
#504=DIRECTION ( 'NONE',  ( 4.371138810204255354E-08, -0.9999999999999991118, 0.000000000000000000 ) );
#505=VERTEX_POINT ( 'NONE', #2130 );
#506=ORIENTED_EDGE ( 'NONE', *, *, #2385, .T. );
#507=( GEOMETRIC_REPRESENTATION_CONTEXT ( 3 ) GLOBAL_UNCERTAINTY_ASSIGNED_CONTEXT ( ( #52 ) ) GLOBAL_UNIT_ASSIGNED_CONTEXT ( ( #20, #170, #26 ) ) REPRESENTATION_CONTEXT ( 'NONE', 'WORKASPACE' ) );
#508=ORIENTED_EDGE ( 'NONE', *, *, #1170, .T. );
#509=PRESENTATION_LAYER_ASSIGNMENT (  '', '', ( #413 ) );
#510=DIRECTION ( 'NONE',  ( -0.000000000000000000, 0.000000000000000000, -1.000000000000000000 ) );
#511=( GEOMETRIC_REPRESENTATION_CONTEXT ( 3 ) GLOBAL_UNCERTAINTY_ASSIGNED_CONTEXT ( ( #52 ) ) GLOBAL_UNIT_ASSIGNED_CONTEXT ( ( #20, #170, #26 ) ) REPRESENTATION_CONTEXT ( 'NONE', 'WORKASPACE' ) );
#512=ORIENTED_EDGE ( 'NONE', *, *, #3035, .F. );
#513=AXIS2_PLACEMENT_3D ( 'NONE', #1207, #28, #10 );
#514=CARTESIAN_POINT ( 'NONE',  ( 2.899983759140999595, 3.250004759375000329, -0.8189997673030000591 ) );
#515=FACE_OUTER_BOUND ( 'NONE', #4547, .T. );
#516=EDGE_LOOP ( 'NONE', ( #872, #3680, #1067, #3777 ) );
#517=ORIENTED_EDGE ( 'NONE', *, *, #312, .T. );
#518=VERTEX_POINT ( 'NONE', #816 );
#519=ORIENTED_EDGE ( 'NONE', *, *, #4666, .F. );
#520=AXIS2_PLACEMENT_3D ( 'NONE', #282, #25, #8 );
#521=LINE ( 'NONE', #1648, #43 );
#522=VECTOR ( 'NONE', #1394, 1000.000000000000227 );
#523=SURFACE_STYLE_USAGE ( .BOTH. , #1451 );
#524=EDGE_CURVE ( 'NONE', #2078, #1711, #1043, .T. );
#525=EDGE_LOOP ( 'NONE', ( #2360, #3251, #345, #4235 ) );
#526=CARTESIAN_POINT ( 'NONE',  ( -3.999297092626787009, 3.018034207092417542, 0.2935851544070675057 ) );
#527=STYLED_ITEM ( 'NONE', ( #165 ), #963 );
#528=EDGE_CURVE ( 'NONE', #4129, #1050, #1950, .T. );
#529=CARTESIAN_POINT ( 'NONE',  ( 3.161282535666339655, -2.874546450849280177, 5.249999999999999112 ) );
#530=PRESENTATION_LAYER_ASSIGNMENT (  '', '', ( #1510 ) );
#531=CARTESIAN_POINT ( 'NONE',  ( 2.249892908055375340, 2.250112709248619502, 5.299999999999999822 ) );
#532=AXIS2_PLACEMENT_3D ( 'NONE', #4174, #4218, #971 );
#533=DIRECTION ( 'NONE',  ( 0.9999999999991935340, 1.269992861138245261E-06, -0.000000000000000000 ) );
#534=VERTEX_POINT ( 'NONE', #3071 );
#535=CIRCLE ( 'NONE', #2599, 0.2999999999999999334 );
#536=( BOUNDED_CURVE ( )  B_SPLINE_CURVE ( 3, ( #3221, #2108, #2816, #466 ),.UNSPECIFIED., .F., .T. )B_SPLINE_CURVE_WITH_KNOTS ( ( 4, 4 ),( 5.498396131367999651, 6.283185307180000123 ),.UNSPECIFIED. )CURVE ( )  GEOMETRIC_REPRESENTATION_ITEM ( )  RATIONAL_B_SPLINE_CURVE ( ( 1.000000000000000000, 0.9493306762729999404, 0.9493306762729999404, 1.000000000000000000 ) )REPRESENTATION_ITEM ( '' )  );
#537=STYLED_ITEM ( 'NONE', ( #1022 ), #3390 );
#538=CARTESIAN_POINT ( 'NONE',  ( -3.628728688459080587, 3.628733988538912492, 0.2926012031699999349 ) );
#539=CARTESIAN_POINT ( 'NONE',  ( -0.2499742232810000520, -2.249994740625000045, -0.7999989200000000578 ) );
#540=ADVANCED_FACE ( 'NONE', ( #4771 ), #2973, .T. );
#541=EDGE_LOOP ( 'NONE', ( #2211, #1102, #2893, #3314 ) );
#542=CARTESIAN_POINT ( 'NONE',  ( -3.249983883281000185, 2.100006599374999894, -0.8189997673030000591 ) );
#543=STYLED_ITEM ( 'NONE', ( #36 ), #1378 );
#544=CARTESIAN_POINT ( 'NONE',  ( -3.633708432421751233, 3.633713732066240265, 0.1499999999999999944 ) );
#545=ORIENTED_EDGE ( 'NONE', *, *, #736, .T. );
#546=VERTEX_POINT ( 'NONE', #3428 );
#547=CARTESIAN_POINT ( 'NONE',  ( 2.599893106942191778, -2.299887275452390689, 5.479999999999999538 ) );
#548=CARTESIAN_POINT ( 'NONE',  ( 3.238861371547801404, -2.484315429666198671, 5.250000000000000000 ) );
#549=CARTESIAN_POINT ( 'NONE',  ( -0.8499857232809999719, -4.749995240625000115, -0.7999989200000000578 ) );
#550=ADVANCED_FACE ( 'NONE', ( #4795 ), #4789, .T. );
#551=PLANE ( 'NONE',  #4016 );
#552=APPLICATION_PROTOCOL_DEFINITION ( 'draft international standard', 'automotive_design', 1998, #1954 );
#553=FACE_OUTER_BOUND ( 'NONE', #97, .T. );
#554=CARTESIAN_POINT ( 'NONE',  ( -3.239075250137997131, 0.0001124693182018185152, 4.599999999999999645 ) );
#555=ORIENTED_EDGE ( 'NONE', *, *, #1799, .F. );
#556=EDGE_LOOP ( 'NONE', ( #4047, #4479, #1587, #3719 ) );
#557=LINE ( 'NONE', #269, #43 );
#558=CARTESIAN_POINT ( 'NONE',  ( -1.137975069046811116, 2.512244595516172296, 5.299999999999999822 ) );
#559=ORIENTED_EDGE ( 'NONE', *, *, #3946, .T. );
#560=CARTESIAN_POINT ( 'NONE',  ( 2.635455654322892638, -4.189502474694902112, 0.2999999999999999889 ) );
#561=ADVANCED_FACE ( 'NONE', ( #1461 ), #1098, .F. );
#562=LINE ( 'NONE', #45, #43 );
#563=FACE_OUTER_BOUND ( 'NONE', #2792, .T. );
#564=ORIENTED_EDGE ( 'NONE', *, *, #1322, .F. );
#565=EDGE_LOOP ( 'NONE', ( #1614, #3941, #193, #2102 ) );
#566=EDGE_CURVE ( 'NONE', #949, #1363, #992, .T. );
#567=AXIS2_PLACEMENT_3D ( 'NONE', #881, #150, #231 );
#568=EDGE_CURVE ( 'NONE', #851, #1944, #536, .T. );
#569=FACE_OUTER_BOUND ( 'NONE', #3928, .T. );
#570=PRESENTATION_LAYER_ASSIGNMENT (  '', '', ( #2107 ) );
#571=ORIENTED_EDGE ( 'NONE', *, *, #836, .T. );
#572=STYLED_ITEM ( 'NONE', ( #1022 ), #4089 );
#573=CARTESIAN_POINT ( 'NONE',  ( 3.005470903164278784, -4.039641883856022631, 0.2933891210700000363 ) );
#574=LINE ( 'NONE', #921, #1578 );
#575=STYLED_ITEM ( 'NONE', ( #36 ), #4147 );
#576=ORIENTED_EDGE ( 'NONE', *, *, #4033, .F. );
#577=( GEOMETRIC_REPRESENTATION_CONTEXT ( 3 ) GLOBAL_UNCERTAINTY_ASSIGNED_CONTEXT ( ( #52 ) ) GLOBAL_UNIT_ASSIGNED_CONTEXT ( ( #20, #170, #26 ) ) REPRESENTATION_CONTEXT ( 'NONE', 'WORKASPACE' ) );
#578=ORIENTED_EDGE ( 'NONE', *, *, #678, .T. );
#579=ORIENTED_EDGE ( 'NONE', *, *, #3006, .T. );
#580=EDGE_CURVE ( 'NONE', #758, #3446, #4135, .T. );
#581=FACE_OUTER_BOUND ( 'NONE', #3689, .T. );
#582=ORIENTED_EDGE ( 'NONE', *, *, #3901, .T. );
#583=( GEOMETRIC_REPRESENTATION_CONTEXT ( 3 ) GLOBAL_UNCERTAINTY_ASSIGNED_CONTEXT ( ( #52 ) ) GLOBAL_UNIT_ASSIGNED_CONTEXT ( ( #20, #170, #26 ) ) REPRESENTATION_CONTEXT ( 'NONE', 'WORKASPACE' ) );
#584=( GEOMETRIC_REPRESENTATION_CONTEXT ( 3 ) GLOBAL_UNCERTAINTY_ASSIGNED_CONTEXT ( ( #52 ) ) GLOBAL_UNIT_ASSIGNED_CONTEXT ( ( #20, #170, #26 ) ) REPRESENTATION_CONTEXT ( 'NONE', 'WORKASPACE' ) );
#585=CIRCLE ( 'NONE', #4063, 1.580000000000000515 );
#586=ORIENTED_EDGE ( 'NONE', *, *, #3983, .F. );
#587=FACE_OUTER_BOUND ( 'NONE', #4535, .T. );
#588=FILL_AREA_STYLE ('',( #126 ) );
#589=CARTESIAN_POINT ( 'NONE',  ( -2.249993083280999784, 2.250008879375000159, -0.8289997577670000783 ) );
#590=CARTESIAN_POINT ( 'NONE',  ( 3.355950450750364578, 3.855054742228285924, 0.2928602498807552634 ) );
#591=CARTESIAN_POINT ( 'NONE',  ( -2.249985463280999909, 0.2500027193749999044, -0.8289997577670000783 ) );
#592=CARTESIAN_POINT ( 'NONE',  ( 3.455398210951064364, 3.455618117532934352, 5.250000000000000000 ) );
#593=LINE ( 'NONE', #2910, #307 );
#594=ORIENTED_EDGE ( 'NONE', *, *, #2683, .F. );
#595=ORIENTED_EDGE ( 'NONE', *, *, #1315, .T. );
#596=( GEOMETRIC_REPRESENTATION_CONTEXT ( 3 ) GLOBAL_UNCERTAINTY_ASSIGNED_CONTEXT ( ( #52 ) ) GLOBAL_UNIT_ASSIGNED_CONTEXT ( ( #20, #170, #26 ) ) REPRESENTATION_CONTEXT ( 'NONE', 'WORKASPACE' ) );
#597=CARTESIAN_POINT ( 'NONE',  ( -2.899984123280999970, 3.250004759375000329, -0.7999989200000000578 ) );
#598=AXIS2_PLACEMENT_3D ( 'NONE', #1598, #28, #10 );
#599=EDGE_CURVE ( 'NONE', #2812, #2967, #4779, .T. );
#600=ORIENTED_EDGE ( 'NONE', *, *, #241, .F. );
#601=CARTESIAN_POINT ( 'NONE',  ( 2.299892892756389973, 2.600112711434188206, 5.479999999999999538 ) );
#602=CARTESIAN_POINT ( 'NONE',  ( 2.635455647991152173, -4.044649158473906603, 0.1499999999999999944 ) );
#603=ORIENTED_EDGE ( 'NONE', *, *, #3494, .F. );
#604=EDGE_CURVE ( 'NONE', #4687, #2347, #3914, .T. );
#605=CARTESIAN_POINT ( 'NONE',  ( 2.635455654322892638, -4.189502474694902112, 0.1499999999999999944 ) );
#606=ORIENTED_EDGE ( 'NONE', *, *, #1677, .T. );
#607=EDGE_CURVE ( 'NONE', #3186, #2671, #2063, .T. );
#608=FACE_OUTER_BOUND ( 'NONE', #1206, .T. );
#609=MECHANICAL_DESIGN_GEOMETRIC_PRESENTATION_REPRESENTATION (  '', ( #1336 ), #3643 );
#610=LINE ( 'NONE', #283, #161 );
#611=CARTESIAN_POINT ( 'NONE',  ( 2.866445574701831589, -3.847707860006255753, 4.628236799001934187 ) );
#612=ORIENTED_EDGE ( 'NONE', *, *, #3846, .T. );
#613=CARTESIAN_POINT ( 'NONE',  ( 2.599892905869806814, 2.300112724547604959, 5.426199999999999690 ) );
#614=AXIS2_PLACEMENT_3D ( 'NONE', #1845, #2897, #3254 );
#615=EDGE_CURVE ( 'NONE', #3623, #2540, #4592, .T. );
#616=VECTOR ( 'NONE', #533, 1000.000000000000000 );
#617=FACE_OUTER_BOUND ( 'NONE', #2335, .T. );
#618=ORIENTED_EDGE ( 'NONE', *, *, #4386, .T. );
#619=DIRECTION ( 'NONE',  ( 4.371138799999999807E-08, -0.9999999999999990008, 0.000000000000000000 ) );
#620=AXIS2_PLACEMENT_3D ( 'NONE', #642, #28, #10 );
#621=STYLED_ITEM ( 'NONE', ( #165 ), #2685 );
#622=DIRECTION ( 'NONE',  ( 0.9999999999999991118, 4.371138806237555725E-08, 2.892577025232811109E-31 ) );
#623=CARTESIAN_POINT ( 'NONE',  ( 3.249983519140999810, 2.100006599374999894, -0.8189997673030000591 ) );
#624=CIRCLE ( 'NONE', #3352, 0.6499999999999995781 );
#625=ORIENTED_EDGE ( 'NONE', *, *, #187, .T. );
#626=LINE ( 'NONE', #2210, #43 );
#627=ORIENTED_EDGE ( 'NONE', *, *, #3292, .T. );
#628=( BOUNDED_CURVE ( )  B_SPLINE_CURVE ( 3, ( #91, #3431, #4801, #879 ),.UNSPECIFIED., .F., .T. )B_SPLINE_CURVE_WITH_KNOTS ( ( 4, 4 ),( 2.091708371354999674E-16, 0.7847891758119999173 ),.UNSPECIFIED. )CURVE ( )  GEOMETRIC_REPRESENTATION_ITEM ( )  RATIONAL_B_SPLINE_CURVE ( ( 1.000000000000000000, 0.9493306762729999404, 0.9493306762729999404, 1.000000000000000000 ) )REPRESENTATION_ITEM ( '' )  );
#629=ORIENTED_EDGE ( 'NONE', *, *, #2003, .F. );
#630=AXIS2_PLACEMENT_3D ( 'NONE', #3142, #2363, #4518 );
#631=SURFACE_STYLE_FILL_AREA ( #813 );
#632=ORIENTED_EDGE ( 'NONE', *, *, #4238, .T. );
#633=STYLED_ITEM ( 'NONE', ( #36 ), #1141 );
#634=EDGE_LOOP ( 'NONE', ( #1898, #3798, #1979, #2164 ) );
#635=CARTESIAN_POINT ( 'NONE',  ( -2.670107179367396277, 4.250112494188589274, 0.1499999999999999944 ) );
#636=VECTOR ( 'NONE', #510, 1000.000000000000000 );
#637=CARTESIAN_POINT ( 'NONE',  ( -3.888679179102191963, -2.484315741220889162, 4.622684672856999910 ) );
#638=MECHANICAL_DESIGN_GEOMETRIC_PRESENTATION_REPRESENTATION (  '', ( #2753 ), #1277 );
#639=EDGE_CURVE ( 'NONE', #2457, #2377, #2880, .T. );
#640=EDGE_CURVE ( 'NONE', #1720, #1369, #2860, .T. );
#641=FACE_OUTER_BOUND ( 'NONE', #4500, .T. );
#642=CARTESIAN_POINT ( 'NONE',  ( 4.749985599140999604, -2.100010259414000213, -0.8189997673030000591 ) );
#643=ORIENTED_EDGE ( 'NONE', *, *, #2217, .F. );
#644=LINE ( 'NONE', #1374, #2098 );
#645=MECHANICAL_DESIGN_GEOMETRIC_PRESENTATION_REPRESENTATION (  '', ( #4091 ), #4585 );
#646=EDGE_CURVE ( 'NONE', #2884, #3356, #1257, .T. );
#647=EDGE_CURVE ( 'NONE', #4304, #4785, #3521, .T. );
#648=AXIS2_PLACEMENT_3D ( 'NONE', #766, #150, #231 );
#649=EDGE_LOOP ( 'NONE', ( #3359, #1688, #1673, #4486 ) );
#650=DIRECTION ( 'NONE',  ( -0.9999999999999991118, -4.371138805329278987E-08, 6.263858799300133296E-24 ) );
#651=DIRECTION ( 'NONE',  ( -0.9999999999999991118, -4.371138867531598748E-08, 0.000000000000000000 ) );
#652=FACE_OUTER_BOUND ( 'NONE', #1960, .T. );
#653=CIRCLE ( 'NONE', #1942, 0.2500000000000000000 );
#654=CARTESIAN_POINT ( 'NONE',  ( 0.8499853591409999298, 4.750006839375000567, -0.7999989200000000578 ) );
#655=ORIENTED_EDGE ( 'NONE', *, *, #2338, .T. );
#656=ORIENTED_EDGE ( 'NONE', *, *, #3063, .F. );
#657=FACE_OUTER_BOUND ( 'NONE', #3790, .T. );
#658=ORIENTED_EDGE ( 'NONE', *, *, #3116, .T. );
#659=ADVANCED_FACE ( 'NONE', ( #2461 ), #3889, .T. );
#660=ORIENTED_EDGE ( 'NONE', *, *, #2087, .F. );
#661=STYLED_ITEM ( 'NONE', ( #165 ), #3664 );
#662=CARTESIAN_POINT ( 'NONE',  ( -3.505889802064770855, -3.751347642398684457, 0.2926012031700101490 ) );
#663=ORIENTED_EDGE ( 'NONE', *, *, #38, .F. );
#664=ORIENTED_EDGE ( 'NONE', *, *, #2402, .T. );
#665=DIRECTION ( 'NONE',  ( 0.9999999999999991118, 4.371138797897539624E-08, 2.892577036270730511E-31 ) );
#666=CARTESIAN_POINT ( 'NONE',  ( -0.8499857232809999719, 4.750006839375000567, -0.8189997673030000591 ) );
#667=AXIS2_PLACEMENT_3D ( 'NONE', #174, #8, #28 );
#668=CARTESIAN_POINT ( 'NONE',  ( -2.099985723281000194, -4.749995240625000115, -0.8189997673030000591 ) );
#669=LINE ( 'NONE', #692, #43 );
#670=ORIENTED_EDGE ( 'NONE', *, *, #3675, .F. );
#671=ORIENTED_EDGE ( 'NONE', *, *, #3363, .F. );
#672=CYLINDRICAL_SURFACE ( 'NONE', #2254, 0.6499999999999995781 );
#673=EDGE_CURVE ( 'NONE', #4129, #898, #4318, .T. );
#674=FACE_OUTER_BOUND ( 'NONE', #3481, .T. );
#675=EDGE_CURVE ( 'NONE', #949, #4036, #1822, .T. );
#676=CARTESIAN_POINT ( 'NONE',  ( -3.239075132734031914, -2.683123429926795644, 5.250000000000000000 ) );
#677=LINE ( 'NONE', #79, #161 );
#678=EDGE_CURVE ( 'NONE', #3241, #2799, #260, .T. );
#679=CARTESIAN_POINT ( 'NONE',  ( -2.899984123280999970, 3.250004759375000329, -0.8189997673030000591 ) );
#680=LINE ( 'NONE', #2931, #161 );
#681=VERTEX_POINT ( 'NONE', #45 );
#682=EDGE_LOOP ( 'NONE', ( #1306, #2631, #410, #2384 ) );
#683=FACE_BOUND ( 'NONE', #1485, .T. );
#684=ORIENTED_EDGE ( 'NONE', *, *, #1807, .T. );
#685=ORIENTED_EDGE ( 'NONE', *, *, #3050, .F. );
#686=ADVANCED_FACE ( 'NONE', ( #203 ), #1234, .T. );
#687=ORIENTED_EDGE ( 'NONE', *, *, #4689, .F. );
#688=LINE ( 'NONE', #3290, #2098 );
#689=CARTESIAN_POINT ( 'NONE',  ( 2.899983759140999595, 4.750006839375000567, -0.8189997673030000591 ) );
#690=( GEOMETRIC_REPRESENTATION_CONTEXT ( 3 ) GLOBAL_UNCERTAINTY_ASSIGNED_CONTEXT ( ( #52 ) ) GLOBAL_UNIT_ASSIGNED_CONTEXT ( ( #20, #170, #26 ) ) REPRESENTATION_CONTEXT ( 'NONE', 'WORKASPACE' ) );
#691=( BOUNDED_SURFACE ( )  B_SPLINE_SURFACE ( 3, 2, (( #144, #3259, #466 ),( #790, #1866, #380 ),( #1190, #272, #4680 ),( #816, #3682, #356 ) ),.UNSPECIFIED., .F., .F., .F. )B_SPLINE_SURFACE_WITH_KNOTS ( ( 4, 4 ),( 3, 3 ),( 7.180146837651998959E-17, 0.7847891758120000283 ),( 0.000000000000000000, 1.000000000000000000 ),.UNSPECIFIED. )GEOMETRIC_REPRESENTATION_ITEM ( )  RATIONAL_B_SPLINE_SURFACE ( (( 1.000000000000000000, 0.7243360104960000490, 1.000000000000000000),( 1.000000000000000000, 0.7243530631100000283, 1.000000000000000000),( 1.000000000000000000, 0.7225252651429999728, 1.000000000000000000),( 1.000000000000000000, 0.7193398003390000239, 1.000000000000000000) ) )REPRESENTATION_ITEM ( '' )  SURFACE ( )  );
#692=CARTESIAN_POINT ( 'NONE',  ( -0.8499857232809999719, -4.749995240625000115, -0.8189997673030000591 ) );
#693=VERTEX_POINT ( 'NONE', #3718 );
#694=ORIENTED_EDGE ( 'NONE', *, *, #408, .T. );
#695=( GEOMETRIC_REPRESENTATION_CONTEXT ( 3 ) GLOBAL_UNCERTAINTY_ASSIGNED_CONTEXT ( ( #52 ) ) GLOBAL_UNIT_ASSIGNED_CONTEXT ( ( #20, #170, #26 ) ) REPRESENTATION_CONTEXT ( 'NONE', 'WORKASPACE' ) );
#696=CARTESIAN_POINT ( 'NONE',  ( -2.099985723281000194, -3.249993160624999877, -0.7999989200000000578 ) );
#697=CARTESIAN_POINT ( 'NONE',  ( 4.749985599140999604, 2.900004999374999670, -0.8189997673030000591 ) );
#698=CARTESIAN_POINT ( 'NONE',  ( -0.3999841232810000258, 4.750006839375000567, -0.8189997673030000591 ) );
#699=PRESENTATION_LAYER_ASSIGNMENT (  '', '', ( #2514 ) );
#700=( GEOMETRIC_REPRESENTATION_CONTEXT ( 3 ) GLOBAL_UNCERTAINTY_ASSIGNED_CONTEXT ( ( #52 ) ) GLOBAL_UNIT_ASSIGNED_CONTEXT ( ( #20, #170, #26 ) ) REPRESENTATION_CONTEXT ( 'NONE', 'WORKASPACE' ) );
#701=EDGE_CURVE ( 'NONE', #4233, #3126, #1882, .T. );
#702=EDGE_CURVE ( 'NONE', #2269, #1289, #4424, .T. );
#703=CYLINDRICAL_SURFACE ( 'NONE', #3603, 0.3000000000000002109 );
#704=VERTEX_POINT ( 'NONE', #369 );
#705=ORIENTED_EDGE ( 'NONE', *, *, #2928, .T. );
#706=FACE_BOUND ( 'NONE', #2464, .T. );
#707=CIRCLE ( 'NONE', #1985, 0.1500000000000000222 );
#708=EDGE_LOOP ( 'NONE', ( #4284, #3912, #1487, #2433 ) );
#709=AXIS2_PLACEMENT_3D ( 'NONE', #429, #8, #1536 );
#710=EDGE_CURVE ( 'NONE', #534, #2500, #3784, .T. );
#711=ORIENTED_EDGE ( 'NONE', *, *, #3873, .F. );
#712=CARTESIAN_POINT ( 'NONE',  ( 1.650014276719000250, -4.749995240625000115, -0.8189997673030000591 ) );
#713=MECHANICAL_DESIGN_GEOMETRIC_PRESENTATION_REPRESENTATION (  '', ( #2522 ), #3725 );
#714=ORIENTED_EDGE ( 'NONE', *, *, #4153, .T. );
#715=LINE ( 'NONE', #79, #43 );
#716=STYLED_ITEM ( 'NONE', ( #165 ), #960 );
#717=AXIS2_PLACEMENT_3D ( 'NONE', #784, #150, #231 );
#718=CARTESIAN_POINT ( 'NONE',  ( 3.249983519140999810, -0.8500102594139999912, -0.7999989200000000578 ) );
#719=MECHANICAL_DESIGN_GEOMETRIC_PRESENTATION_REPRESENTATION (  '', ( #1432 ), #1833 );
#720=AXIS2_PLACEMENT_3D ( 'NONE', #45, #231, #150 );
#721=ORIENTED_EDGE ( 'NONE', *, *, #2428, .F. );
#722=PRESENTATION_LAYER_ASSIGNMENT (  '', '', ( #1759 ) );
#723=EDGE_CURVE ( 'NONE', #846, #2532, #1203, .T. );
#724=FACE_OUTER_BOUND ( 'NONE', #3554, .T. );
#725=PLANE ( 'NONE',  #440 );
#726=PLANE ( 'NONE',  #2657 );
#727=CARTESIAN_POINT ( 'NONE',  ( -0.3999841232810000258, 3.250004759375000329, -0.7999989200000000578 ) );
#728=VERTEX_POINT ( 'NONE', #4224 );
#729=ORIENTED_EDGE ( 'NONE', *, *, #2706, .F. );
#730=CIRCLE ( 'NONE', #1520, 0.2500000000000000000 );
#731=ORIENTED_EDGE ( 'NONE', *, *, #977, .T. );
#732=ADVANCED_FACE ( 'NONE', ( #2996 ), #81, .F. );
#733=ORIENTED_EDGE ( 'NONE', *, *, #1551, .F. );
#734=STYLED_ITEM ( 'NONE', ( #1022 ), #1790 );
#735=EDGE_LOOP ( 'NONE', ( #2327, #770, #421, #1191 ) );
#736=EDGE_CURVE ( 'NONE', #4619, #3085, #900, .T. );
#737=VERTEX_POINT ( 'NONE', #750 );
#738=MECHANICAL_DESIGN_GEOMETRIC_PRESENTATION_REPRESENTATION (  '', ( #4444 ), #1146 );
#739=EDGE_CURVE ( 'NONE', #3150, #3281, #99, .T. );
#740=LINE ( 'NONE', #752, #89 );
#741=DIRECTION ( 'NONE',  ( 0.9999999999999991118, 4.371138805329278987E-08, 0.000000000000000000 ) );
#742=FACE_OUTER_BOUND ( 'NONE', #264, .T. );
#743=CYLINDRICAL_SURFACE ( 'NONE', #2768, 1.580000000000000071 );
#744=ADVANCED_FACE ( 'NONE', ( #1344 ), #551, .T. );
#745=CARTESIAN_POINT ( 'NONE',  ( 3.367068174772736011, 3.890180492180904004, 0.2926012031709999683 ) );
#746=ORIENTED_EDGE ( 'NONE', *, *, #736, .F. );
#747=CARTESIAN_POINT ( 'NONE',  ( -4.050106817012813387, -4.039594142877117378, 0.2947650754950000285 ) );
#748=CARTESIAN_POINT ( 'NONE',  ( -2.099985723281000194, -4.749995240625000115, -0.7999989200000000578 ) );
#749=VERTEX_POINT ( 'NONE', #1857 );
#750=CARTESIAN_POINT ( 'NONE',  ( 2.100015876719000030, -4.749995240625000115, -0.7999989200000000578 ) );
#751=VERTEX_POINT ( 'NONE', #514 );
#752=CARTESIAN_POINT ( 'NONE',  ( -3.249983883281000185, -0.3999934006250000507, -0.7999989200000000578 ) );
#753=EDGE_CURVE ( 'NONE', #2050, #3183, #1612, .T. );
#754=DIRECTION ( 'NONE',  ( 0.9999999999999991118, 4.371138867531598748E-08, 0.000000000000000000 ) );
#755=AXIS2_PLACEMENT_3D ( 'NONE', #2867, #8, #28 );
#756=FACE_OUTER_BOUND ( 'NONE', #301, .T. );
#757=CARTESIAN_POINT ( 'NONE',  ( -0.8965537013513481535, 2.250112571713070775, 5.299999999999999822 ) );
#758=VERTEX_POINT ( 'NONE', #4462 );
#759=PRESENTATION_LAYER_ASSIGNMENT (  '', '', ( #2197 ) );
#760=CARTESIAN_POINT ( 'NONE',  ( 3.249983519140999810, -1.650008659413999990, -0.8189997673030000591 ) );
#761=ORIENTED_EDGE ( 'NONE', *, *, #3526, .T. );
#762=DIRECTION ( 'NONE',  ( -0.9999999999999991118, -4.371138800000000469E-08, 1.041268324321736817E-32 ) );
#763=VERTEX_POINT ( 'NONE', #1943 );
#764=ORIENTED_EDGE ( 'NONE', *, *, #3888, .F. );
#765=EDGE_CURVE ( 'NONE', #704, #3750, #707, .T. );
#766=CARTESIAN_POINT ( 'NONE',  ( 0.4000142767190000281, 3.250004759375000329, -0.8189997673030000591 ) );
#767=VECTOR ( 'NONE', #2480, 1000.000000000000227 );
#768=FACE_OUTER_BOUND ( 'NONE', #4811, .T. );
#769=EDGE_CURVE ( 'NONE', #3305, #153, #215, .T. );
#770=ORIENTED_EDGE ( 'NONE', *, *, #2411, .T. );
#771=ADVANCED_FACE ( 'NONE', ( #4312 ), #4581, .F. );
#772=ORIENTED_EDGE ( 'NONE', *, *, #2978, .T. );
#773=CARTESIAN_POINT ( 'NONE',  ( 4.749985599140999604, -0.3999934006250000507, -0.8189997673030000591 ) );
#774=ADVANCED_FACE ( 'NONE', ( #1390 ), #3233, .T. );
#775=ORIENTED_EDGE ( 'NONE', *, *, #484, .T. );
#776=ORIENTED_EDGE ( 'NONE', *, *, #2117, .F. );
#777=DIRECTION ( 'NONE',  ( 0.9999999999999991118, 4.371138800000000469E-08, 0.000000000000000000 ) );
#778=STYLED_ITEM ( 'NONE', ( #165 ), #4611 );
#779=ADVANCED_FACE ( 'NONE', ( #1415 ), #3560, .T. );
#780=LINE ( 'NONE', #1063, #2138 );
#781=CARTESIAN_POINT ( 'NONE',  ( 1.649983759140999817, 3.250004759375000329, -0.7999989200000000578 ) );
#782=CARTESIAN_POINT ( 'NONE',  ( 3.249983519140999810, -2.100010259414000213, -0.8189997673030000591 ) );
#783=LINE ( 'NONE', #44, #43 );
#784=CARTESIAN_POINT ( 'NONE',  ( 4.749985599140999604, -1.650008659413999990, -0.8189997673030000591 ) );
#785=ORIENTED_EDGE ( 'NONE', *, *, #4104, .F. );
#786=EDGE_LOOP ( 'NONE', ( #3876, #933, #3422, #1348 ) );
#787=ORIENTED_EDGE ( 'NONE', *, *, #2035, .T. );
#788=VECTOR ( 'NONE', #1079, 1000.000000000000114 );
#789=AXIS2_PLACEMENT_3D ( 'NONE', #3377, #25, #8 );
#790=CARTESIAN_POINT ( 'NONE',  ( -3.215745702810678619, -3.738417147334034851, 4.632061452936999224 ) );
#791=CARTESIAN_POINT ( 'NONE',  ( 1.649983759140999817, 4.750006839375000567, -0.8189997673030000591 ) );
#792=EDGE_LOOP ( 'NONE', ( #2696, #1972, #3448, #2192 ) );
#793=PRESENTATION_LAYER_ASSIGNMENT (  '', '', ( #1749 ) );
#794=DIRECTION ( 'NONE',  ( -4.371138812635286234E-08, 0.9999999999999990008, 0.000000000000000000 ) );
#795=LINE ( 'NONE', #3016, #950 );
#796=ORIENTED_EDGE ( 'NONE', *, *, #3543, .F. );
#797=MECHANICAL_DESIGN_GEOMETRIC_PRESENTATION_REPRESENTATION (  '', ( #3723 ), #250 );
#798=ORIENTED_EDGE ( 'NONE', *, *, #4395, .F. );
#799=MECHANICAL_DESIGN_GEOMETRIC_PRESENTATION_REPRESENTATION (  '', ( #2831 ), #1991 );
#800=AXIS2_PLACEMENT_3D ( 'NONE', #4589, #2507, #2155 );
#801=EDGE_CURVE ( 'NONE', #2377, #3703, #624, .T. );
#802=EDGE_CURVE ( 'NONE', #3834, #2955, #3737, .T. );
#803=LINE ( 'NONE', #3404, #2332 );
#804=FACE_OUTER_BOUND ( 'NONE', #2751, .T. );
#805=ORIENTED_EDGE ( 'NONE', *, *, #1266, .F. );
#806=ADVANCED_FACE ( 'NONE', ( #742 ), #3312, .T. );
#807=DIRECTION ( 'NONE',  ( 0.9999999999999991118, 4.371138789291830464E-08, 0.000000000000000000 ) );
#808=( GEOMETRIC_REPRESENTATION_CONTEXT ( 3 ) GLOBAL_UNCERTAINTY_ASSIGNED_CONTEXT ( ( #52 ) ) GLOBAL_UNIT_ASSIGNED_CONTEXT ( ( #20, #170, #26 ) ) REPRESENTATION_CONTEXT ( 'NONE', 'WORKASPACE' ) );
#809=CARTESIAN_POINT ( 'NONE',  ( 4.749985599140999604, -1.650008659413999990, -0.7999989200000000578 ) );
#810=( GEOMETRIC_REPRESENTATION_CONTEXT ( 3 ) GLOBAL_UNCERTAINTY_ASSIGNED_CONTEXT ( ( #52 ) ) GLOBAL_UNIT_ASSIGNED_CONTEXT ( ( #20, #170, #26 ) ) REPRESENTATION_CONTEXT ( 'NONE', 'WORKASPACE' ) );
#811=EDGE_CURVE ( 'NONE', #3781, #2100, #3275, .T. );
#812=MECHANICAL_DESIGN_GEOMETRIC_PRESENTATION_REPRESENTATION (  '', ( #1676 ), #4505 );
#813=FILL_AREA_STYLE ('',( #400 ) );
#814=CIRCLE ( 'NONE', #1846, 0.2999999999999999334 );
#815=EDGE_LOOP ( 'NONE', ( #3693, #1745, #1926, #3637 ) );
#816=CARTESIAN_POINT ( 'NONE',  ( -2.484535005763105264, -3.888459791805800148, 4.622684672856999910 ) );
#817=VERTEX_POINT ( 'NONE', #1222 );
#818=AXIS2_PLACEMENT_3D ( 'NONE', #1401, #75, #28 );
#819=PLANE ( 'NONE',  #3563 );
#820=( GEOMETRIC_REPRESENTATION_CONTEXT ( 3 ) GLOBAL_UNCERTAINTY_ASSIGNED_CONTEXT ( ( #52 ) ) GLOBAL_UNIT_ASSIGNED_CONTEXT ( ( #20, #170, #26 ) ) REPRESENTATION_CONTEXT ( 'NONE', 'WORKASPACE' ) );
#821=ORIENTED_EDGE ( 'NONE', *, *, #3035, .T. );
#822=ORIENTED_EDGE ( 'NONE', *, *, #4182, .T. );
#823=EDGE_CURVE ( 'NONE', #458, #4403, #386, .T. );
#824=LINE ( 'NONE', #269, #142 );
#825=FACE_OUTER_BOUND ( 'NONE', #4491, .T. );
#826=MECHANICAL_DESIGN_GEOMETRIC_PRESENTATION_REPRESENTATION (  '', ( #3380 ), #4384 );
#827=CARTESIAN_POINT ( 'NONE',  ( -3.249983883281000185, -1.650008659413999990, -0.8189997673030000591 ) );
#828=FACE_OUTER_BOUND ( 'NONE', #3357, .T. );
#829=ORIENTED_EDGE ( 'NONE', *, *, #3981, .T. );
#830=CARTESIAN_POINT ( 'NONE',  ( -2.678367165182133913, 3.888575639808593998, 4.625810266214907429 ) );
#831=PRESENTATION_LAYER_ASSIGNMENT (  '', '', ( #2927 ) );
#832=LINE ( 'NONE', #766, #89 );
#833=( BOUNDED_CURVE ( )  B_SPLINE_CURVE ( 3, ( #858, #85, #2414, #11 ),.UNSPECIFIED., .F., .T. )B_SPLINE_CURVE_WITH_KNOTS ( ( 4, 4 ),( 5.498396131367999651, 6.283185307180000123 ),.UNSPECIFIED. )CURVE ( )  GEOMETRIC_REPRESENTATION_ITEM ( )  RATIONAL_B_SPLINE_CURVE ( ( 1.000000000000000000, 0.9493306762729999404, 0.9493306762729999404, 1.000000000000000000 ) )REPRESENTATION_ITEM ( '' )  );
#834=STYLED_ITEM ( 'NONE', ( #165 ), #3964 );
#835=LINE ( 'NONE', #2388, #113 );
#836=EDGE_CURVE ( 'NONE', #2341, #326, #4783, .T. );
#837=VECTOR ( 'NONE', #650, 1000.000000000000000 );
#838=MECHANICAL_DESIGN_GEOMETRIC_PRESENTATION_REPRESENTATION (  '', ( #1228 ), #470 );
#839=PLANE ( 'NONE',  #4259 );
#840=LINE ( 'NONE', #39, #2138 );
#841=ADVANCED_FACE ( 'NONE', ( #4685 ), #2962, .F. );
#842=ORIENTED_EDGE ( 'NONE', *, *, #3901, .F. );
#843=AXIS2_PLACEMENT_3D ( 'NONE', #423, #25, #8 );
#844=CARTESIAN_POINT ( 'NONE',  ( -1.750107070088926520, 1.750112534403068576, 5.299999999999999822 ) );
#845=LINE ( 'NONE', #1235, #428 );
#846=VERTEX_POINT ( 'NONE', #1262 );
#847=LINE ( 'NONE', #1309, #161 );
#848=EDGE_CURVE ( 'NONE', #2408, #4544, #4567, .T. );
#849=LINE ( 'NONE', #922, #2212 );
#850=AXIS2_PLACEMENT_3D ( 'NONE', #4770, #175, #150 );
#851=VERTEX_POINT ( 'NONE', #3221 );
#852=CARTESIAN_POINT ( 'NONE',  ( -3.204661061269174382, 3.703550748390296299, 4.631358778608588800 ) );
#853=ORIENTED_EDGE ( 'NONE', *, *, #4599, .F. );
#854=CARTESIAN_POINT ( 'NONE',  ( 0.8499853591409999298, 4.750006839375000567, -0.8189997673030000591 ) );
#855=CARTESIAN_POINT ( 'NONE',  ( 2.484321046970198843, 3.239080976039801385, 4.599999999999999645 ) );
#856=ORIENTED_EDGE ( 'NONE', *, *, #3243, .T. );
#857=LINE ( 'NONE', #2931, #43 );
#858=CARTESIAN_POINT ( 'NONE',  ( -2.484535317317795755, 3.239080758844192776, 5.250000000000000000 ) );
#859=ORIENTED_EDGE ( 'NONE', *, *, #4395, .T. );
#860=DIRECTION ( 'NONE',  ( -0.03487826121778289656, -0.03487826426693745041, 0.9987827659587191764 ) );
#861=EDGE_CURVE ( 'NONE', #4377, #385, #4152, .T. );
#862=ORIENTED_EDGE ( 'NONE', *, *, #2662, .F. );
#863=EDGE_CURVE ( 'NONE', #2286, #2664, #4290, .T. );
#864=CARTESIAN_POINT ( 'NONE',  ( 2.499893006405999429, 0.0001127201764692970388, 5.299999999999999822 ) );
#865=ORIENTED_EDGE ( 'NONE', *, *, #2706, .T. );
#866=CARTESIAN_POINT ( 'NONE',  ( -4.189722060922699498, -3.053286374481894772, 0.1499999999999999944 ) );
#867=ORIENTED_EDGE ( 'NONE', *, *, #848, .T. );
#868=CARTESIAN_POINT ( 'NONE',  ( -2.899984123280999970, -4.749995240625000115, -0.8189997673030000591 ) );
#869=CARTESIAN_POINT ( 'NONE',  ( -1.649984123281000192, -4.749995240625000115, -0.8189997673030000591 ) );
#870=STYLED_ITEM ( 'NONE', ( #36 ), #2991 );
#871=FACE_OUTER_BOUND ( 'NONE', #1328, .T. );
#872=ORIENTED_EDGE ( 'NONE', *, *, #528, .T. );
#873=AXIS2_PLACEMENT_3D ( 'NONE', #668, #150, #231 );
#874=CARTESIAN_POINT ( 'NONE',  ( -2.249993083280999784, 2.250008879375000159, -0.7999989200000000578 ) );
#875=VERTEX_POINT ( 'NONE', #1648 );
#876=STYLED_ITEM ( 'NONE', ( #165 ), #3318 );
#877=FACE_OUTER_BOUND ( 'NONE', #3295, .T. );
#878=ORIENTED_EDGE ( 'NONE', *, *, #3226, .T. );
#879=CARTESIAN_POINT ( 'NONE',  ( -2.635669641510893335, 4.189727696490900932, 0.1499999999999999944 ) );
#880=AXIS2_PLACEMENT_3D ( 'NONE', #2567, #28, #10 );
#881=CARTESIAN_POINT ( 'NONE',  ( 5.050000190735000061, -5.050000190735000061, -0.7939989199999999414 ) );
#882=PLANE ( 'NONE',  #4277 );
#883=CARTESIAN_POINT ( 'NONE',  ( -3.249983883281000185, 0.4000049993750000032, -0.7999989200000000578 ) );
#884=STYLED_ITEM ( 'NONE', ( #256 ), #1962 );
#885=AXIS2_PLACEMENT_3D ( 'NONE', #542, #150, #231 );
#886=EDGE_LOOP ( 'NONE', ( #1951, #3443, #2983, #3701 ) );
#887=EDGE_CURVE ( 'NONE', #3998, #4573, #1741, .T. );
#888=AXIS2_PLACEMENT_3D ( 'NONE', #2097, #8, #1769 );
#889=FACE_OUTER_BOUND ( 'NONE', #1012, .T. );
#890=EDGE_CURVE ( 'NONE', #1748, #4414, #891, .T. );
#891=LINE ( 'NONE', #542, #89 );
#892=FACE_OUTER_BOUND ( 'NONE', #4212, .T. );
#893=ORIENTED_EDGE ( 'NONE', *, *, #465, .T. );
#894=ORIENTED_EDGE ( 'NONE', *, *, #4778, .F. );
#895=ADVANCED_FACE ( 'NONE', ( #1632 ), #3102, .T. );
#896=LINE ( 'NONE', #1595, #89 );
#897=CARTESIAN_POINT ( 'NONE',  ( 3.158409768374913718, -2.877419218227850628, 5.250000000000000000 ) );
#898=VERTEX_POINT ( 'NONE', #237 );
#899=CARTESIAN_POINT ( 'NONE',  ( 2.484321018575105011, 3.888685013601800300, 4.622684672856999910 ) );
#900=LINE ( 'NONE', #2804, #2212 );
#901=CARTESIAN_POINT ( 'NONE',  ( -0.0001068104601052845222, -4.189502589898995488, 0.1499999999999999944 ) );
#902=PLANE ( 'NONE',  #2764 );
#903=ORIENTED_EDGE ( 'NONE', *, *, #3217, .T. );
#904=CARTESIAN_POINT ( 'NONE',  ( -3.249983883281000185, -2.100010259414000213, -0.7999989200000000578 ) );
#905=ORIENTED_EDGE ( 'NONE', *, *, #4727, .T. );
#906=PLANE ( 'NONE',  #885 );
#907=FACE_OUTER_BOUND ( 'NONE', #1241, .T. );
#908=VECTOR ( 'NONE', #2844, 1000.000000000000114 );
#909=EDGE_CURVE ( 'NONE', #1756, #1891, #1001, .T. );
#910=MECHANICAL_DESIGN_GEOMETRIC_PRESENTATION_REPRESENTATION (  '', ( #3297 ), #1864 );
#911=PLANE ( 'NONE',  #620 );
#912=ORIENTED_EDGE ( 'NONE', *, *, #3720, .T. );
#913=LINE ( 'NONE', #1905, #161 );
#914=LINE ( 'NONE', #1666, #43 );
#915=VERTEX_POINT ( 'NONE', #2824 );
#916=LINE ( 'NONE', #697, #142 );
#917=ORIENTED_EDGE ( 'NONE', *, *, #3289, .T. );
#918=PRESENTATION_LAYER_ASSIGNMENT (  '', '', ( #3019 ) );
#919=DIRECTION ( 'NONE',  ( 4.371138805329278987E-08, -0.9999999999999991118, 6.617444626622263651E-24 ) );
#920=ORIENTED_EDGE ( 'NONE', *, *, #3646, .F. );
#921=CARTESIAN_POINT ( 'NONE',  ( 4.249892820632596546, 4.250112796671395188, 0.000000000000000000 ) );
#922=CARTESIAN_POINT ( 'NONE',  ( 2.599893106942191778, -2.299887275452390689, 5.426199999999999690 ) );
#923=ORIENTED_EDGE ( 'NONE', *, *, #1973, .T. );
#924=EDGE_LOOP ( 'NONE', ( #1223, #2397, #4514, #3690 ) );
#925=ORIENTED_EDGE ( 'NONE', *, *, #647, .F. );
#926=LINE ( 'NONE', #2647, #43 );
#927=CARTESIAN_POINT ( 'NONE',  ( 3.455398513040934816, -3.455392593647064192, 5.250000000000000000 ) );
#928=ORIENTED_EDGE ( 'NONE', *, *, #2887, .F. );
#929=ADVANCED_FACE ( 'NONE', ( #3944 ), #1029, .F. );
#930=( GEOMETRIC_REPRESENTATION_CONTEXT ( 3 ) GLOBAL_UNCERTAINTY_ASSIGNED_CONTEXT ( ( #52 ) ) GLOBAL_UNIT_ASSIGNED_CONTEXT ( ( #20, #170, #26 ) ) REPRESENTATION_CONTEXT ( 'NONE', 'WORKASPACE' ) );
#931=CARTESIAN_POINT ( 'NONE',  ( -3.888570256645586198, 2.678372442546132159, 4.625810266214909205 ) );
#932=MECHANICAL_DESIGN_GEOMETRIC_PRESENTATION_REPRESENTATION (  '', ( #2794 ), #4060 );
#933=ORIENTED_EDGE ( 'NONE', *, *, #2239, .F. );
#934=ORIENTED_EDGE ( 'NONE', *, *, #3034, .F. );
#935=EDGE_CURVE ( 'NONE', #728, #3283, #3555, .T. );
#936=CARTESIAN_POINT ( 'NONE',  ( -3.249983883281000185, -1.650008659413999990, -0.7999989200000000578 ) );
#937=ORIENTED_EDGE ( 'NONE', *, *, #1777, .F. );
#938=( GEOMETRIC_REPRESENTATION_CONTEXT ( 3 ) GLOBAL_UNCERTAINTY_ASSIGNED_CONTEXT ( ( #52 ) ) GLOBAL_UNIT_ASSIGNED_CONTEXT ( ( #20, #170, #26 ) ) REPRESENTATION_CONTEXT ( 'NONE', 'WORKASPACE' ) );
#939=ORIENTED_EDGE ( 'NONE', *, *, #2206, .T. );
#940=LINE ( 'NONE', #697, #43 );
#941=ADVANCED_FACE ( 'NONE', ( #4249 ), #2115, .T. );
#942=AXIS2_PLACEMENT_3D ( 'NONE', #2280, #2598, #3032 );
#943=ORIENTED_EDGE ( 'NONE', *, *, #4670, .F. );
#944=PLANE ( 'NONE',  #2613 );
#945=ORIENTED_EDGE ( 'NONE', *, *, #4003, .T. );
#946=ORIENTED_EDGE ( 'NONE', *, *, #2356, .T. );
#947=MECHANICAL_DESIGN_GEOMETRIC_PRESENTATION_REPRESENTATION (  '', ( #1653 ), #3339 );
#948=VECTOR ( 'NONE', #1017, 1000.000000000000000 );
#949=VERTEX_POINT ( 'NONE', #601 );
#950=VECTOR ( 'NONE', #231, 1000.000000000000000 );
#951=LINE ( 'NONE', #1443, #43 );
#952=CARTESIAN_POINT ( 'NONE',  ( 0.4000142767190000281, 4.750006839375000567, -0.8189997673030000591 ) );
#953=ORIENTED_EDGE ( 'NONE', *, *, #3425, .F. );
#954=ORIENTED_EDGE ( 'NONE', *, *, #2303, .T. );
#955=EDGE_LOOP ( 'NONE', ( #1153, #4628, #1007, #2848 ) );
#956=EDGE_CURVE ( 'NONE', #2465, #4065, #3640, .T. );
#957=EDGE_CURVE ( 'NONE', #2535, #3341, #2576, .T. );
#958=AXIS2_PLACEMENT_3D ( 'NONE', #2603, #1197, #231 );
#959=AXIS2_PLACEMENT_3D ( 'NONE', #712, #150, #231 );
#960=ADVANCED_FACE ( 'NONE', ( #3391 ), #691, .T. );
#961=CARTESIAN_POINT ( 'NONE',  ( -3.249983883281000185, -2.900008659413999990, -0.8189997673030000591 ) );
#962=ORIENTED_EDGE ( 'NONE', *, *, #1, .T. );
#963=ADVANCED_FACE ( 'NONE', ( #1504 ), #4308, .T. );
#964=MECHANICAL_DESIGN_GEOMETRIC_PRESENTATION_REPRESENTATION (  '', ( #2901 ), #3869 );
#965=FACE_OUTER_BOUND ( 'NONE', #3123, .T. );
#966=MECHANICAL_DESIGN_GEOMETRIC_PRESENTATION_REPRESENTATION (  '', ( #1510 ), #3507 );
#967=LINE ( 'NONE', #3916, #837 );
#968=LINE ( 'NONE', #3936, #161 );
#969=AXIS2_PLACEMENT_3D ( 'NONE', #1084, #150, #231 );
#970=PRESENTATION_LAYER_ASSIGNMENT (  '', '', ( #876 ) );
#971=DIRECTION ( 'NONE',  ( -4.371138667371199099E-08, 0.9999999999999990008, 0.000000000000000000 ) );
#972=ORIENTED_EDGE ( 'NONE', *, *, #2284, .T. );
#973=PRESENTATION_LAYER_ASSIGNMENT (  '', '', ( #2753 ) );
#974=PRESENTATION_LAYER_ASSIGNMENT (  '', '', ( #2985 ) );
#975=FACE_OUTER_BOUND ( 'NONE', #1849, .T. );
#976=VERTEX_POINT ( 'NONE', #3122 );
#977=EDGE_CURVE ( 'NONE', #3081, #4225, #845, .T. );
#978=CARTESIAN_POINT ( 'NONE',  ( -3.367282502041256897, 3.890180197813088547, 0.2926012031709999683 ) );
#979=VERTEX_POINT ( 'NONE', #1333 );
#980=EDGE_LOOP ( 'NONE', ( #3175, #4293, #999, #2019 ) );
#981=CARTESIAN_POINT ( 'NONE',  ( 2.874552068153279905, 3.161502140158339635, 5.249999999999999112 ) );
#982=VERTEX_POINT ( 'NONE', #1984 );
#983=CARTESIAN_POINT ( 'NONE',  ( 2.899983759140999595, 3.250004759375000329, -0.7999989200000000578 ) );
#984=ORIENTED_EDGE ( 'NONE', *, *, #3770, .F. );
#985=CARTESIAN_POINT ( 'NONE',  ( 3.751352953216990915, 3.505895747331436940, 0.2926012031699863347 ) );
#986=ORIENTED_EDGE ( 'NONE', *, *, #4136, .F. );
#987=CARTESIAN_POINT ( 'NONE',  ( -2.300107034059198696, 0.9258484416498768965, 5.426199999999999690 ) );
#988=VERTEX_POINT ( 'NONE', #1338 );
#989=AXIS2_PLACEMENT_3D ( 'NONE', #4224, #1200, #1394 );
#990=CARTESIAN_POINT ( 'NONE',  ( 2.299893106942191956, -2.299887288565807264, 5.479999999999999538 ) );
#991=EDGE_CURVE ( 'NONE', #3898, #4531, #3793, .T. );
#992=LINE ( 'NONE', #1770, #948 );
#993=PLANE ( 'NONE',  #4605 );
#994=EDGE_CURVE ( 'NONE', #3126, #3280, #4829, .T. );
#995=FACE_OUTER_BOUND ( 'NONE', #3565, .T. );
#996=CARTESIAN_POINT ( 'NONE',  ( 3.249983519140999810, 1.650004999374999892, -0.7999989200000000578 ) );
#997=PLANE ( 'NONE',  #959 );
#998=EDGE_LOOP ( 'NONE', ( #3218, #2231, #2885, #226 ) );
#999=ORIENTED_EDGE ( 'NONE', *, *, #3468, .F. );
#1000=EDGE_CURVE ( 'NONE', #72, #4120, #1826, .T. );
#1001=LINE ( 'NONE', #1906, #43 );
#1002=CARTESIAN_POINT ( 'NONE',  ( 3.599815668737457841, 3.354358449610006954, 4.632061452930953394 ) );
#1003=CARTESIAN_POINT ( 'NONE',  ( -4.039813455133902664, -2.635450030466178539, 0.2947650754950000285 ) );
#1004=ORIENTED_EDGE ( 'NONE', *, *, #4125, .F. );
#1005=CARTESIAN_POINT ( 'NONE',  ( 2.866445238315037169, 3.847933332404177786, 4.628236799001939517 ) );
#1006=EDGE_CURVE ( 'NONE', #355, #1045, #2713, .T. );
#1007=ORIENTED_EDGE ( 'NONE', *, *, #417, .T. );
#1008=CARTESIAN_POINT ( 'NONE',  ( -4.189722061261623054, -3.044914937564892288, 0.1499999999999999944 ) );
#1009=CARTESIAN_POINT ( 'NONE',  ( 2.499893006405999429, 0.0001127201764692970388, 5.326200000000000045 ) );
#1010=LINE ( 'NONE', #13, #43 );
#1011=ORIENTED_EDGE ( 'NONE', *, *, #2738, .T. );
#1012=EDGE_LOOP ( 'NONE', ( #1697, #1763, #1430, #2437 ) );
#1013=CARTESIAN_POINT ( 'NONE',  ( -3.239075250137997131, 0.0001124693182018185152, 5.250000000000000000 ) );
#1014=ORIENTED_EDGE ( 'NONE', *, *, #1170, .F. );
#1015=EDGE_CURVE ( 'NONE', #4430, #2528, #2367, .T. );
#1016=PLANE ( 'NONE',  #4046 );
#1017=DIRECTION ( 'NONE',  ( -0.9999999999999991118, -4.371138797897538962E-08, 6.263858799300132561E-24 ) );
#1018=CARTESIAN_POINT ( 'NONE',  ( 0.2500069167190000496, 2.250008879375000159, -0.8289997577670000783 ) );
#1019=LINE ( 'NONE', #4217, #1417 );
#1020=LINE ( 'NONE', #666, #43 );
#1021=LINE ( 'NONE', #152, #142 );
#1022=PRESENTATION_STYLE_ASSIGNMENT (( #523 ) );
#1023=ORIENTED_EDGE ( 'NONE', *, *, #2401, .T. );
#1024=EDGE_CURVE ( 'NONE', #749, #125, #3819, .T. );
#1025=CARTESIAN_POINT ( 'NONE',  ( 4.189508207202995216, 0.0001127940318956127425, 0.1499999999999999944 ) );
#1026=FACE_BOUND ( 'NONE', #1863, .T. );
#1027=PRESENTATION_LAYER_ASSIGNMENT (  '', '', ( #2954 ) );
#1028=ORIENTED_EDGE ( 'NONE', *, *, #312, .F. );
#1029=PLANE ( 'NONE',  #2668 );
#1030=EDGE_CURVE ( 'NONE', #1827, #4302, #4172, .T. );
#1031=EDGE_LOOP ( 'NONE', ( #3564, #655, #3421, #2881 ) );
#1032=PRESENTATION_LAYER_ASSIGNMENT (  '', '', ( #3780 ) );
#1033=PLANE ( 'NONE',  #3495 );
#1034=CARTESIAN_POINT ( 'NONE',  ( -0.2499742232810000520, -2.249994740625000045, -0.8289997577670000783 ) );
#1035=MECHANICAL_DESIGN_GEOMETRIC_PRESENTATION_REPRESENTATION (  '', ( #323 ), #2297 );
#1036=ORIENTED_EDGE ( 'NONE', *, *, #3119, .T. );
#1037=( GEOMETRIC_REPRESENTATION_CONTEXT ( 3 ) GLOBAL_UNCERTAINTY_ASSIGNED_CONTEXT ( ( #52 ) ) GLOBAL_UNIT_ASSIGNED_CONTEXT ( ( #20, #170, #26 ) ) REPRESENTATION_CONTEXT ( 'NONE', 'WORKASPACE' ) );
#1038=EDGE_LOOP ( 'NONE', ( #3714, #1459, #2674, #2230 ) );
#1039=EDGE_CURVE ( 'NONE', #4048, #1709, #1210, .T. );
#1040=ORIENTED_EDGE ( 'NONE', *, *, #1611, .F. );
#1041=CIRCLE ( 'NONE', #1113, 0.2499999999999997780 );
#1042=LINE ( 'NONE', #514, #43 );
#1043=LINE ( 'NONE', #3378, #142 );
#1044=ORIENTED_EDGE ( 'NONE', *, *, #524, .F. );
#1045=VERTEX_POINT ( 'NONE', #3451 );
#1046=MECHANICAL_DESIGN_GEOMETRIC_PRESENTATION_REPRESENTATION (  '', ( #3206 ), #2311 );
#1047=EDGE_CURVE ( 'NONE', #4049, #4326, #4472, .T. );
#1048=ORIENTED_EDGE ( 'NONE', *, *, #4386, .F. );
#1049=STYLED_ITEM ( 'NONE', ( #36 ), #1287 );
#1050=VERTEX_POINT ( 'NONE', #1034 );
#1051=EDGE_CURVE ( 'NONE', #2789, #4164, #3475, .T. );
#1052=( GEOMETRIC_REPRESENTATION_CONTEXT ( 3 ) GLOBAL_UNCERTAINTY_ASSIGNED_CONTEXT ( ( #52 ) ) GLOBAL_UNIT_ASSIGNED_CONTEXT ( ( #20, #170, #26 ) ) REPRESENTATION_CONTEXT ( 'NONE', 'WORKASPACE' ) );
#1053=CARTESIAN_POINT ( 'NONE',  ( -3.477191390735175247, 3.477196704062818000, 4.632061452930999579 ) );
#1054=ADVANCED_FACE ( 'NONE', ( #1980 ), #3118, .T. );
#1055=VERTEX_POINT ( 'NONE', #727 );
#1056=VERTEX_POINT ( 'NONE', #782 );
#1057=STYLED_ITEM ( 'NONE', ( #36 ), #1319 );
#1058=EDGE_CURVE ( 'NONE', #93, #3181, #463, .T. );
#1059=EDGE_LOOP ( 'NONE', ( #1237, #211, #248, #519 ) );
#1060=CLOSED_SHELL ( 'NONE', ( #4342, #2685, #2264, #3979, #1760, #4611, #2265, #963, #4719, #1397, #771, #2175, #2688, #4121, #3382, #4570, #1937, #4652, #2084, #1080, #4317, #774, #2193, #960, #779, #3664, #1419, #686, #1364, #3318, #3964, #4270, #2287, #1743, #1742, #2775, #732, #4030, #3496, #3666, #3261, #2456, #4694, #1121, #314, #3209, #3724, #4468, #4005, #1774, #275, #2578, #1957, #3093, #1494, #2028, #1927, #3096, #4397, #1723, #2780, #1229, #3856, #2399, #3040, #212, #4043, #4781, #3163, #4442, #4147, #4289, #550, #806, #2369, #1620, #4187, #2991, #3829, #3586, #169, #3452, #941, #1683, #4237, #347, #377, #1287, #1351, #378, #3828, #1962, #3716, #4635, #1936, #3351, #929, #135, #1651, #1586, #4416, #2628, #2141, #2492, #3070, #3994, #3145, #1886, #2838, #3188, #1378, #4106, #2267, #3668, #1678, #477, #895, #659, #3343, #2945, #3824, #4748, #392, #540, #2771, #3857, #2325, #3024, #3497, #2485, #2460, #1184, #2516, #3691, #4105, #3288, #4185, #561, #4310, #1183, #4241, #3174, #4586, #4636, #449, #3121, #1540, #1054, #2348, #2517, #4298, #149, #4148, #1349, #2552, #1141, #744, #4762, #4821, #2345, #2519, #4294, #1790, #3390, #3890, #3020, #4089, #3634, #4345, #1151, #1319, #4722, #4428, #2321, #3609, #4013, #3805, #3529, #4612, #127, #87, #4637, #2373, #2126, #1526, #4814, #841, #2788, #1379, #2697, #3005, #2055, #2376 ) );
#1061=AXIS2_PLACEMENT_3D ( 'NONE', #1034, #1200, #1394 );
#1062=EDGE_CURVE ( 'NONE', #1660, #1635, #4825, .T. );
#1063=CARTESIAN_POINT ( 'NONE',  ( -3.888679464731117807, 4.050112440923102852, 4.622684672856999910 ) );
#1064=CARTESIAN_POINT ( 'NONE',  ( -3.249983883281000185, 0.4000049993750000032, -0.8189997673030000591 ) );
#1065=PRESENTATION_LAYER_ASSIGNMENT (  '', '', ( #661 ) );
#1066=CARTESIAN_POINT ( 'NONE',  ( -3.249983883281000185, -0.8500102594139999912, -0.7999989200000000578 ) );
#1067=ORIENTED_EDGE ( 'NONE', *, *, #2928, .F. );
#1068=ORIENTED_EDGE ( 'NONE', *, *, #580, .T. );
#1069=FACE_BOUND ( 'NONE', #4495, .T. );
#1070=ORIENTED_EDGE ( 'NONE', *, *, #487, .F. );
#1071=CARTESIAN_POINT ( 'NONE',  ( -3.249983883281000185, 0.8500065993750000048, -0.8189997673030000591 ) );
#1072=ORIENTED_EDGE ( 'NONE', *, *, #3076, .F. );
#1073=( GEOMETRIC_REPRESENTATION_CONTEXT ( 3 ) GLOBAL_UNCERTAINTY_ASSIGNED_CONTEXT ( ( #52 ) ) GLOBAL_UNIT_ASSIGNED_CONTEXT ( ( #20, #170, #26 ) ) REPRESENTATION_CONTEXT ( 'NONE', 'WORKASPACE' ) );
#1074=CARTESIAN_POINT ( 'NONE',  ( -4.189722079186902093, -2.635450037018892910, 0.1499999999999999944 ) );
#1075=ORIENTED_EDGE ( 'NONE', *, *, #863, .F. );
#1076=LINE ( 'NONE', #174, #43 );
#1077=VERTEX_POINT ( 'NONE', #2567 );
#1078=STYLED_ITEM ( 'NONE', ( #1022 ), #4294 );
#1079=DIRECTION ( 'NONE',  ( -0.9999999999967741360, 2.540008302815425145E-06, 0.000000000000000000 ) );
#1080=ADVANCED_FACE ( 'NONE', ( #4169 ), #3769, .T. );
#1081=VERTEX_POINT ( 'NONE', #1797 );
#1082=EDGE_CURVE ( 'NONE', #1601, #2277, #1701, .T. );
#1083=CARTESIAN_POINT ( 'NONE',  ( 4.749985599140999604, 0.4000049993750000032, -0.8189997673030000591 ) );
#1084=CARTESIAN_POINT ( 'NONE',  ( 4.749985599140999604, 2.100006599374999894, -0.8189997673030000591 ) );
#1085=EDGE_CURVE ( 'NONE', #1802, #3781, #3187, .T. );
#1086=FACE_OUTER_BOUND ( 'NONE', #998, .T. );
#1087=AXIS2_PLACEMENT_3D ( 'NONE', #152, #28, #10 );
#1088=PLANE ( 'NONE',  #667 );
#1089=LINE ( 'NONE', #1857, #229 );
#1090=CARTESIAN_POINT ( 'NONE',  ( -4.250107110303401825, 2.670112425124598676, 0.1499999999999999944 ) );
#1091=VERTEX_POINT ( 'NONE', #2361 );
#1092=ORIENTED_EDGE ( 'NONE', *, *, #4670, .T. );
#1093=ORIENTED_EDGE ( 'NONE', *, *, #1356, .F. );
#1094=ORIENTED_EDGE ( 'NONE', *, *, #1551, .T. );
#1095=CARTESIAN_POINT ( 'NONE',  ( 2.846500777052594522, -3.860817044874827797, 5.250000000000000000 ) );
#1096=EDGE_LOOP ( 'NONE', ( #2077, #4396, #3699, #2634 ) );
#1097=LINE ( 'NONE', #1843, #89 );
#1098=PLANE ( 'NONE',  #3114 );
#1099=LINE ( 'NONE', #1770, #201 );
#1100=ORIENTED_EDGE ( 'NONE', *, *, #1173, .F. );
#1101=PLANE ( 'NONE',  #3383 );
#1102=ORIENTED_EDGE ( 'NONE', *, *, #1712, .T. );
#1103=EDGE_CURVE ( 'NONE', #1580, #3834, #1999, .T. );
#1104=MECHANICAL_DESIGN_GEOMETRIC_PRESENTATION_REPRESENTATION (  '', ( #1821 ), #3493 );
#1105=EDGE_CURVE ( 'NONE', #1527, #3547, #4575, .T. );
#1106=MECHANICAL_DESIGN_GEOMETRIC_PRESENTATION_REPRESENTATION (  '', ( #3194 ), #1572 );
#1107=PLANE ( 'NONE',  #1519 );
#1108=CARTESIAN_POINT ( 'NONE',  ( -3.896518148973975748, 3.370903992502461310, 0.1499999999989999611 ) );
#1109=ORIENTED_EDGE ( 'NONE', *, *, #2061, .F. );
#1110=EDGE_CURVE ( 'NONE', #4824, #3186, #677, .T. );
#1111=PRESENTATION_LAYER_ASSIGNMENT (  '', '', ( #1346 ) );
#1112=ORIENTED_EDGE ( 'NONE', *, *, #2187, .T. );
#1113=AXIS2_PLACEMENT_3D ( 'NONE', #757, #175, #150 );
#1114=ORIENTED_EDGE ( 'NONE', *, *, #4004, .F. );
#1115=EDGE_CURVE ( 'NONE', #2133, #2969, #2813, .T. );
#1116=CARTESIAN_POINT ( 'NONE',  ( -2.249985463280999909, -2.249997280624999707, -0.8289997577670000783 ) );
#1117=MECHANICAL_DESIGN_GEOMETRIC_PRESENTATION_REPRESENTATION (  '', ( #1359 ), #3202 );
#1118=ORIENTED_EDGE ( 'NONE', *, *, #3092, .T. );
#1119=LINE ( 'NONE', #227, #43 );
#1120=MECHANICAL_DESIGN_GEOMETRIC_PRESENTATION_REPRESENTATION (  '', ( #158 ), #3794 );
#1121=ADVANCED_FACE ( 'NONE', ( #2949 ), #4344, .T. );
#1122=MECHANICAL_DESIGN_GEOMETRIC_PRESENTATION_REPRESENTATION (  '', ( #633 ), #1838 );
#1123=VERTEX_POINT ( 'NONE', #4695 );
#1124=MECHANICAL_DESIGN_GEOMETRIC_PRESENTATION_REPRESENTATION (  '', ( #537 ), #2313 );
#1125=FACE_OUTER_BOUND ( 'NONE', #2429, .T. );
#1126=ORIENTED_EDGE ( 'NONE', *, *, #4353, .F. );
#1127=MECHANICAL_DESIGN_GEOMETRIC_PRESENTATION_REPRESENTATION (  '', ( #1366 ), #2391 );
#1128=CARTESIAN_POINT ( 'NONE',  ( -2.250106895243374261, -2.249887487452621126, 5.326200000000000045 ) );
#1129=LINE ( 'NONE', #1885, #42 );
#1130=PRESENTATION_LAYER_ASSIGNMENT (  '', '', ( #2755 ) );
#1131=PLANE ( 'NONE',  #1472 );
#1132=PRESENTATION_LAYER_ASSIGNMENT (  '', '', ( #3735 ) );
#1133=LINE ( 'NONE', #2228, #161 );
#1134=ORIENTED_EDGE ( 'NONE', *, *, #2734, .T. );
#1135=ORIENTED_EDGE ( 'NONE', *, *, #4664, .T. );
#1136=LINE ( 'NONE', #760, #43 );
#1137=MECHANICAL_DESIGN_GEOMETRIC_PRESENTATION_REPRESENTATION (  '', ( #453 ), #2396 );
#1138=ORIENTED_EDGE ( 'NONE', *, *, #607, .T. );
#1139=EDGE_CURVE ( 'NONE', #2066, #3803, #3347, .T. );
#1140=VERTEX_POINT ( 'NONE', #1492 );
#1141=ADVANCED_FACE ( 'NONE', ( #2612 ), #2249, .F. );
#1142=CARTESIAN_POINT ( 'NONE',  ( 3.249983519140999810, 2.900004999374999670, -0.8189997673030000591 ) );
#1143=ORIENTED_EDGE ( 'NONE', *, *, #2947, .T. );
#1144=VERTEX_POINT ( 'NONE', #3429 );
#1145=EDGE_CURVE ( 'NONE', #2152, #2026, #230, .T. );
#1146=( GEOMETRIC_REPRESENTATION_CONTEXT ( 3 ) GLOBAL_UNCERTAINTY_ASSIGNED_CONTEXT ( ( #52 ) ) GLOBAL_UNIT_ASSIGNED_CONTEXT ( ( #20, #170, #26 ) ) REPRESENTATION_CONTEXT ( 'NONE', 'WORKASPACE' ) );
#1147=CARTESIAN_POINT ( 'NONE',  ( 3.505676142839266429, -3.751347335913166159, 0.2926012031699863902 ) );
#1148=EDGE_LOOP ( 'NONE', ( #2580, #2053, #559, #4837 ) );
#1149=ORIENTED_EDGE ( 'NONE', *, *, #1497, .F. );
#1150=LINE ( 'NONE', #1905, #43 );
#1151=ADVANCED_FACE ( 'NONE', ( #1086 ), #1823, .T. );
#1152=PRESENTATION_LAYER_ASSIGNMENT (  '', '', ( #4828 ) );
#1153=ORIENTED_EDGE ( 'NONE', *, *, #4374, .F. );
#1154=CARTESIAN_POINT ( 'NONE',  ( 4.749985599140999604, -2.900008659413999990, -0.8189997673030000591 ) );
#1155=CARTESIAN_POINT ( 'NONE',  ( -2.635669281795816055, -4.039594081050090324, 0.2947650754950000285 ) );
#1156=ORIENTED_EDGE ( 'NONE', *, *, #2087, .T. );
#1157=PRESENTATION_LAYER_ASSIGNMENT (  '', '', ( #3162 ) );
#1158=CARTESIAN_POINT ( 'NONE',  ( 2.599892892756389795, 2.600112724547604781, 5.426199999999999690 ) );
#1159=( GEOMETRIC_REPRESENTATION_CONTEXT ( 3 ) GLOBAL_UNCERTAINTY_ASSIGNED_CONTEXT ( ( #52 ) ) GLOBAL_UNIT_ASSIGNED_CONTEXT ( ( #20, #170, #26 ) ) REPRESENTATION_CONTEXT ( 'NONE', 'WORKASPACE' ) );
#1160=LINE ( 'NONE', #1309, #43 );
#1161=CARTESIAN_POINT ( 'NONE',  ( 2.900014276718999806, -4.749995240625000115, -0.7999989200000000578 ) );
#1162=ORIENTED_EDGE ( 'NONE', *, *, #4033, .T. );
#1163=DIRECTION ( 'NONE',  ( -4.371138800000000469E-08, 0.9999999999999991118, 0.000000000000000000 ) );
#1164=EDGE_LOOP ( 'NONE', ( #2822, #4846, #842, #764 ) );
#1165=ORIENTED_EDGE ( 'NONE', *, *, #723, .F. );
#1166=PRESENTATION_LAYER_ASSIGNMENT (  '', '', ( #3252 ) );
#1167=AXIS2_PLACEMENT_3D ( 'NONE', #2931, #75, #28 );
#1168=ORIENTED_EDGE ( 'NONE', *, *, #2972, .T. );
#1169=EDGE_CURVE ( 'NONE', #4429, #3839, #1150, .T. );
#1170=EDGE_CURVE ( 'NONE', #469, #2926, #4738, .T. );
#1171=CARTESIAN_POINT ( 'NONE',  ( -2.500106993593997018, 0.0001125016195290307638, 5.299999999999999822 ) );
#1172=FACE_OUTER_BOUND ( 'NONE', #1498, .T. );
#1173=EDGE_CURVE ( 'NONE', #2857, #2884, #3367, .T. );
#1174=AXIS2_PLACEMENT_3D ( 'NONE', #2083, #271, #1233 );
#1175=( GEOMETRIC_REPRESENTATION_CONTEXT ( 3 ) GLOBAL_UNCERTAINTY_ASSIGNED_CONTEXT ( ( #52 ) ) GLOBAL_UNIT_ASSIGNED_CONTEXT ( ( #20, #170, #26 ) ) REPRESENTATION_CONTEXT ( 'NONE', 'WORKASPACE' ) );
#1176=LINE ( 'NONE', #1946, #442 );
#1177=ORIENTED_EDGE ( 'NONE', *, *, #1615, .T. );
#1178=EDGE_LOOP ( 'NONE', ( #1625, #4461, #354, #1894 ) );
#1179=EDGE_CURVE ( 'NONE', #4414, #1720, #1442, .T. );
#1180=ORIENTED_EDGE ( 'NONE', *, *, #187, .F. );
#1181=B_SPLINE_CURVE_WITH_KNOTS ( 'NONE', 3,( #1053, #3761, #852, #3087, #830, #1949 ),.UNSPECIFIED., .F., .F.,( 4, 2, 4 ),( 0.000000000000000000, 0.5000000000000000000, 1.000000000000000000 ),.UNSPECIFIED. );
#1182=LINE ( 'NONE', #2205, #43 );
#1183=ADVANCED_FACE ( 'NONE', ( #4296 ), #451, .F. );
#1184=ADVANCED_FACE ( 'NONE', ( #3461 ), #1636, .F. );
#1185=FACE_OUTER_BOUND ( 'NONE', #485, .T. );
#1186=CARTESIAN_POINT ( 'NONE',  ( 2.899983759140999595, 4.750006839375000567, -0.7999989200000000578 ) );
#1187=ORIENTED_EDGE ( 'NONE', *, *, #4735, .F. );
#1188=ORIENTED_EDGE ( 'NONE', *, *, #374, .T. );
#1189=( GEOMETRIC_REPRESENTATION_CONTEXT ( 3 ) GLOBAL_UNCERTAINTY_ASSIGNED_CONTEXT ( ( #52 ) ) GLOBAL_UNIT_ASSIGNED_CONTEXT ( ( #20, #170, #26 ) ) REPRESENTATION_CONTEXT ( 'NONE', 'WORKASPACE' ) );
#1190=CARTESIAN_POINT ( 'NONE',  ( -2.854291801214206004, -3.888251595193382926, 4.628647106619999896 ) );
#1191=ORIENTED_EDGE ( 'NONE', *, *, #1326, .F. );
#1192=CARTESIAN_POINT ( 'NONE',  ( -2.099985723281000194, 3.250004759375000329, -0.8189997673030000591 ) );
#1193=PRESENTATION_LAYER_ASSIGNMENT (  '', '', ( #1265 ) );
#1194=STYLED_ITEM ( 'NONE', ( #36 ), #3024 );
#1195=DIRECTION ( 'NONE',  ( -0.9999999999999990008, -4.371138734091329889E-08, 0.000000000000000000 ) );
#1196=ORIENTED_EDGE ( 'NONE', *, *, #3646, .T. );
#1197=DIRECTION ( 'NONE',  ( 0.9999999999999992228, 4.371138800000000469E-08, 0.000000000000000000 ) );
#1198=ORIENTED_EDGE ( 'NONE', *, *, #4037, .F. );
#1199=( GEOMETRIC_REPRESENTATION_CONTEXT ( 3 ) GLOBAL_UNCERTAINTY_ASSIGNED_CONTEXT ( ( #52 ) ) GLOBAL_UNIT_ASSIGNED_CONTEXT ( ( #20, #170, #26 ) ) REPRESENTATION_CONTEXT ( 'NONE', 'WORKASPACE' ) );
#1200=DIRECTION ( 'NONE',  ( -0.9999999999193549538, -1.270000928339449994E-05, 0.000000000000000000 ) );
#1201=EDGE_CURVE ( 'NONE', #4061, #3073, #60, .T. );
#1202=EDGE_CURVE ( 'NONE', #3227, #2269, #4526, .T. );
#1203=LINE ( 'NONE', #1262, #89 );
#1204=CARTESIAN_POINT ( 'NONE',  ( 3.628514384046912067, 3.628734305763080314, 0.2926012031699999349 ) );
#1205=STYLED_ITEM ( 'NONE', ( #36 ), #3174 );
#1206=EDGE_LOOP ( 'NONE', ( #190, #2574, #2139, #1706 ) );
#1207=CARTESIAN_POINT ( 'NONE',  ( -2.099985723281000194, 4.750006839375000567, -0.8189997673030000591 ) );
#1208=PRESENTATION_LAYER_ASSIGNMENT (  '', '', ( #537 ) );
#1209=EDGE_LOOP ( 'NONE', ( #4626, #473, #2101, #1929 ) );
#1210=LINE ( 'NONE', #402, #950 );
#1211=EDGE_CURVE ( 'NONE', #1711, #4819, #1714, .T. );
#1212=STYLED_ITEM ( 'NONE', ( #256 ), #1586 );
#1213=PLANE ( 'NONE',  #2002 );
#1214=ORIENTED_EDGE ( 'NONE', *, *, #1910, .T. );
#1215=DIRECTION ( 'NONE',  ( 0.9999999999999991118, 4.371138797897538962E-08, -6.263858799300132561E-24 ) );
#1216=ORIENTED_EDGE ( 'NONE', *, *, #241, .T. );
#1217=( GEOMETRIC_REPRESENTATION_CONTEXT ( 3 ) GLOBAL_UNCERTAINTY_ASSIGNED_CONTEXT ( ( #52 ) ) GLOBAL_UNIT_ASSIGNED_CONTEXT ( ( #20, #170, #26 ) ) REPRESENTATION_CONTEXT ( 'NONE', 'WORKASPACE' ) );
#1218=VERTEX_POINT ( 'NONE', #1377 );
#1219=CARTESIAN_POINT ( 'NONE',  ( -4.250106876884590434, -2.669887574875396297, 0.000000000000000000 ) );
#1220=ORIENTED_EDGE ( 'NONE', *, *, #2150, .T. );
#1221=CARTESIAN_POINT ( 'NONE',  ( -3.711115751481528502, 3.200114541598658047, 5.250000000000000888 ) );
#1222=CARTESIAN_POINT ( 'NONE',  ( -4.749985963281000423, -0.3999934006250000507, -0.7999989200000000578 ) );
#1223=ORIENTED_EDGE ( 'NONE', *, *, #4145, .T. );
#1224=LINE ( 'NONE', #2009, #2989 );
#1225=FACE_OUTER_BOUND ( 'NONE', #2785, .T. );
#1226=EDGE_CURVE ( 'NONE', #2295, #4702, #2144, .T. );
#1227=EDGE_CURVE ( 'NONE', #3090, #220, #2800, .T. );
#1228=STYLED_ITEM ( 'NONE', ( #36 ), #4043 );
#1229=ADVANCED_FACE ( 'NONE', ( #3580 ), #1436, .T. );
#1230=VERTEX_POINT ( 'NONE', #2430 );
#1231=LINE ( 'NONE', #1034, #2459 );
#1232=MECHANICAL_DESIGN_GEOMETRIC_PRESENTATION_REPRESENTATION (  '', ( #575 ), #3992 );
#1233=DIRECTION ( 'NONE',  ( 0.9999999999999991118, 4.371138520586903553E-08, 0.000000000000000000 ) );
#1234=( BOUNDED_SURFACE ( )  B_SPLINE_SURFACE ( 3, 2, (( #1053, #3045, #11 ),( #4765, #1221, #4080 ),( #4387, #4715, #2293 ),( #1667, #4742, #2997 ) ),.UNSPECIFIED., .F., .F., .F. )B_SPLINE_SURFACE_WITH_KNOTS ( ( 4, 4 ),( 3, 3 ),( 1.436029367529999691E-16, 0.7847891758120000283 ),( 0.000000000000000000, 1.000000000000000000 ),.UNSPECIFIED. )GEOMETRIC_REPRESENTATION_ITEM ( )  RATIONAL_B_SPLINE_SURFACE ( (( 1.000000000000000000, 0.7243360104960000490, 1.000000000000000000),( 1.000000000000000000, 0.7243530631100000283, 1.000000000000000000),( 1.000000000000000000, 0.7225252651429999728, 1.000000000000000000),( 1.000000000000000000, 0.7193398003390000239, 1.000000000000000000) ) )REPRESENTATION_ITEM ( '' )  SURFACE ( )  );
#1235=CARTESIAN_POINT ( 'NONE',  ( 0.2500069167190000496, 2.250008879375000159, -0.7999989200000000578 ) );
#1236=( GEOMETRIC_REPRESENTATION_CONTEXT ( 3 ) GLOBAL_UNCERTAINTY_ASSIGNED_CONTEXT ( ( #52 ) ) GLOBAL_UNIT_ASSIGNED_CONTEXT ( ( #20, #170, #26 ) ) REPRESENTATION_CONTEXT ( 'NONE', 'WORKASPACE' ) );
#1237=ORIENTED_EDGE ( 'NONE', *, *, #3381, .F. );
#1238=EDGE_LOOP ( 'NONE', ( #4028, #4726, #78, #4562 ) );
#1239=STYLED_ITEM ( 'NONE', ( #36 ), #212 );
#1240=( GEOMETRIC_REPRESENTATION_CONTEXT ( 3 ) GLOBAL_UNCERTAINTY_ASSIGNED_CONTEXT ( ( #52 ) ) GLOBAL_UNIT_ASSIGNED_CONTEXT ( ( #20, #170, #26 ) ) REPRESENTATION_CONTEXT ( 'NONE', 'WORKASPACE' ) );
#1241=EDGE_LOOP ( 'NONE', ( #853, #23, #1531, #1766 ) );
#1242=CARTESIAN_POINT ( 'NONE',  ( 2.669892889696591443, 2.670112727607403702, 0.000000000000000000 ) );
#1243=EDGE_CURVE ( 'NONE', #1527, #4658, #273, .T. );
#1244=EDGE_LOOP ( 'NONE', ( #288, #4712, #4667, #905 ) );
#1245=CIRCLE ( 'NONE', #112, 1.580000000000000071 );
#1246=( GEOMETRIC_REPRESENTATION_CONTEXT ( 3 ) GLOBAL_UNCERTAINTY_ASSIGNED_CONTEXT ( ( #52 ) ) GLOBAL_UNIT_ASSIGNED_CONTEXT ( ( #20, #170, #26 ) ) REPRESENTATION_CONTEXT ( 'NONE', 'WORKASPACE' ) );
#1247=ORIENTED_EDGE ( 'NONE', *, *, #4180, .F. );
#1248=PLANE ( 'NONE',  #155 );
#1249=EDGE_CURVE ( 'NONE', #302, #2540, #2626, .T. );
#1250=PLANE ( 'NONE',  #3934 );
#1251=ORIENTED_EDGE ( 'NONE', *, *, #615, .T. );
#1252=DIRECTION ( 'NONE',  ( 0.9999999999999991118, 4.371138800000000469E-08, 6.132837139985691049E-15 ) );
#1253=EDGE_CURVE ( 'NONE', #4389, #202, #2958, .T. );
#1254=EDGE_CURVE ( 'NONE', #4693, #949, #535, .T. );
#1255=CARTESIAN_POINT ( 'NONE',  ( 3.249983519140999810, -2.900008659413999990, -0.8189997673030000591 ) );
#1256=FACE_OUTER_BOUND ( 'NONE', #3033, .T. );
#1257=CIRCLE ( 'NONE', #1981, 0.1500000000000000222 );
#1258=EDGE_LOOP ( 'NONE', ( #4015, #1134, #69, #1458 ) );
#1259=EDGE_CURVE ( 'NONE', #4824, #4262, #715, .T. );
#1260=LINE ( 'NONE', #1365, #142 );
#1261=ORIENTED_EDGE ( 'NONE', *, *, #1330, .T. );
#1262=CARTESIAN_POINT ( 'NONE',  ( -3.249983883281000185, -2.900008659413999990, -0.7999989200000000578 ) );
#1263=ORIENTED_EDGE ( 'NONE', *, *, #2976, .F. );
#1264=ORIENTED_EDGE ( 'NONE', *, *, #3597, .T. );
#1265=STYLED_ITEM ( 'NONE', ( #165 ), #779 );
#1266=EDGE_CURVE ( 'NONE', #2870, #1357, #2905, .T. );
#1267=CARTESIAN_POINT ( 'NONE',  ( 2.854077814026205751, 3.888476816989383522, 4.628647106619999896 ) );
#1268=CARTESIAN_POINT ( 'NONE',  ( 3.896304161785975495, -3.370678770706462046, 0.1499999999999999944 ) );
#1269=PRESENTATION_LAYER_ASSIGNMENT (  '', '', ( #3588 ) );
#1270=ORIENTED_EDGE ( 'NONE', *, *, #1249, .F. );
#1271=CARTESIAN_POINT ( 'NONE',  ( 3.439176133006377256, 4.029946351012843486, 0.1499999999999999944 ) );
#1272=ORIENTED_EDGE ( 'NONE', *, *, #3559, .F. );
#1273=CARTESIAN_POINT ( 'NONE',  ( -4.749985963281000423, 0.8500065993750000048, -0.7999989200000000578 ) );
#1274=CARTESIAN_POINT ( 'NONE',  ( -2.484535034158199096, -3.238855754243801233, 4.599999999999999645 ) );
#1275=CARTESIAN_POINT ( 'NONE',  ( 2.484321330129795502, -3.238855537048192623, 5.250000000000000000 ) );
#1276=AXIS2_PLACEMENT_3D ( 'NONE', #4625, #8, #28 );
#1277=( GEOMETRIC_REPRESENTATION_CONTEXT ( 3 ) GLOBAL_UNCERTAINTY_ASSIGNED_CONTEXT ( ( #52 ) ) GLOBAL_UNIT_ASSIGNED_CONTEXT ( ( #20, #170, #26 ) ) REPRESENTATION_CONTEXT ( 'NONE', 'WORKASPACE' ) );
#1278=CARTESIAN_POINT ( 'NONE',  ( 3.599815961974759393, -3.354132913098948787, 4.632061452930950729 ) );
#1279=LINE ( 'NONE', #2350, #616 );
#1280=ORIENTED_EDGE ( 'NONE', *, *, #4827, .T. );
#1281=ORIENTED_EDGE ( 'NONE', *, *, #3813, .F. );
#1282=EDGE_CURVE ( 'NONE', #1944, #2135, #2251, .T. );
#1283=EDGE_CURVE ( 'NONE', #2330, #2533, #4769, .T. );
#1284=CIRCLE ( 'NONE', #4433, 0.6500000000000002442 );
#1285=LINE ( 'NONE', #4521, #442 );
#1286=FACE_OUTER_BOUND ( 'NONE', #1862, .T. );
#1287=ADVANCED_FACE ( 'NONE', ( #3350 ), #906, .T. );
#1288=ORIENTED_EDGE ( 'NONE', *, *, #4452, .T. );
#1289=VERTEX_POINT ( 'NONE', #654 );
#1290=EDGE_LOOP ( 'NONE', ( #2594, #4111, #912, #1594 ) );
#1291=CARTESIAN_POINT ( 'NONE',  ( 2.687193352298197446, 3.239080984907631411, 5.249999999999999112 ) );
#1292=CARTESIAN_POINT ( 'NONE',  ( 3.628514701271079890, -3.628508766742912339, 0.2926012031699999349 ) );
#1293=PRESENTATION_LAYER_ASSIGNMENT (  '', '', ( #734 ) );
#1294=ORIENTED_EDGE ( 'NONE', *, *, #176, .T. );
#1295=EDGE_CURVE ( 'NONE', #2917, #2026, #4437, .T. );
#1296=LINE ( 'NONE', #1598, #43 );
#1297=ORIENTED_EDGE ( 'NONE', *, *, #4477, .F. );
#1298=STYLED_ITEM ( 'NONE', ( #36 ), #3668 );
#1299=ORIENTED_EDGE ( 'NONE', *, *, #1110, .F. );
#1300=LINE ( 'NONE', #1071, #43 );
#1301=EDGE_CURVE ( 'NONE', #3987, #3117, #926, .T. );
#1302=ORIENTED_EDGE ( 'NONE', *, *, #1467, .T. );
#1303=LINE ( 'NONE', #1704, #636 );
#1304=LINE ( 'NONE', #2129, #43 );
#1305=AXIS2_PLACEMENT_3D ( 'NONE', #269, #28, #10 );
#1306=ORIENTED_EDGE ( 'NONE', *, *, #4621, .T. );
#1307=LINE ( 'NONE', #1034, #43 );
#1308=VERTEX_POINT ( 'NONE', #809 );
#1309=CARTESIAN_POINT ( 'NONE',  ( -4.749985963281000423, 1.650004999374999892, -0.8189997673030000591 ) );
#1310=VECTOR ( 'NONE', #2819, 1000.000000000000000 );
#1311=CARTESIAN_POINT ( 'NONE',  ( 3.044920554868892015, -4.189502456769623073, 0.1499999999999999944 ) );
#1312=CARTESIAN_POINT ( 'NONE',  ( -2.635669635179151538, 4.044874380269907199, 0.1499999999999999944 ) );
#1313=EDGE_CURVE ( 'NONE', #3845, #3547, #2225, .T. );
#1314=ORIENTED_EDGE ( 'NONE', *, *, #599, .F. );
#1315=EDGE_CURVE ( 'NONE', #2917, #2798, #3534, .T. );
#1316=AXIS2_PLACEMENT_3D ( 'NONE', #2439, #25, #8 );
#1317=STYLED_ITEM ( 'NONE', ( #36 ), #4187 );
#1318=CARTESIAN_POINT ( 'NONE',  ( -3.249983883281000185, 2.100006599374999894, -0.7999989200000000578 ) );
#1319=ADVANCED_FACE ( 'NONE', ( #2919 ), #1899, .T. );
#1320=EDGE_LOOP ( 'NONE', ( #711, #2497, #2481, #2219 ) );
#1321=CARTESIAN_POINT ( 'NONE',  ( 3.751353259702185028, -3.505670197572469338, 0.2926012031699822269 ) );
#1322=EDGE_CURVE ( 'NONE', #1091, #4501, #243, .T. );
#1323=ORIENTED_EDGE ( 'NONE', *, *, #4627, .F. );
#1324=CARTESIAN_POINT ( 'NONE',  ( 2.678153177994118117, -3.888350418012138654, 4.625810266214885225 ) );
#1325=ORIENTED_EDGE ( 'NONE', *, *, #3796, .T. );
#1326=EDGE_CURVE ( 'NONE', #221, #2125, #4704, .T. );
#1327=PRESENTATION_LAYER_ASSIGNMENT (  '', '', ( #2802 ) );
#1328=EDGE_LOOP ( 'NONE', ( #3962, #3518, #1075, #671 ) );
#1329=AXIS2_PLACEMENT_3D ( 'NONE', #3026, #510, #1536 );
#1330=EDGE_CURVE ( 'NONE', #2987, #1091, #2593, .T. );
#1331=CARTESIAN_POINT ( 'NONE',  ( 2.637603254532925767, 4.041967262959978768, 0.2332555483279999953 ) );
#1332=CARTESIAN_POINT ( 'NONE',  ( -0.9258430254182614672, 2.300112570432793824, 5.426199999999999690 ) );
#1333=CARTESIAN_POINT ( 'NONE',  ( -2.899984123280999970, 4.750006839375000567, -0.7999989200000000578 ) );
#1334=AXIS2_PLACEMENT_3D ( 'NONE', #782, #75, #28 );
#1335=ORIENTED_EDGE ( 'NONE', *, *, #3734, .T. );
#1336=STYLED_ITEM ( 'NONE', ( #36 ), #4612 );
#1337=FACE_OUTER_BOUND ( 'NONE', #2038, .T. );
#1338=CARTESIAN_POINT ( 'NONE',  ( -2.249985463280999909, 0.2500027193749999044, -0.7999989200000000578 ) );
#1339=ORIENTED_EDGE ( 'NONE', *, *, #2150, .F. );
#1340=ORIENTED_EDGE ( 'NONE', *, *, #4778, .T. );
#1341=CARTESIAN_POINT ( 'NONE',  ( -3.628728371234912320, -3.628509083967080162, 0.2926012031699999349 ) );
#1342=AXIS2_PLACEMENT_3D ( 'NONE', #2160, #1730, #8 );
#1343=LINE ( 'NONE', #2023, #950 );
#1344=FACE_OUTER_BOUND ( 'NONE', #980, .T. );
#1345=ORIENTED_EDGE ( 'NONE', *, *, #1562, .T. );
#1346=STYLED_ITEM ( 'NONE', ( #165 ), #732 );
#1347=CYLINDRICAL_SURFACE ( 'NONE', #3057, 0.2500000000000000000 );
#1348=ORIENTED_EDGE ( 'NONE', *, *, #4552, .F. );
#1349=ADVANCED_FACE ( 'NONE', ( #4051 ), #1213, .T. );
#1350=ORIENTED_EDGE ( 'NONE', *, *, #4353, .T. );
#1351=ADVANCED_FACE ( 'NONE', ( #1552 ), #1515, .T. );
#1352=ORIENTED_EDGE ( 'NONE', *, *, #1254, .F. );
#1353=AXIS2_PLACEMENT_3D ( 'NONE', #332, #8, #28 );
#1354=FACE_OUTER_BOUND ( 'NONE', #2511, .T. );
#1355=FACE_OUTER_BOUND ( 'NONE', #2381, .T. );
#1356=EDGE_CURVE ( 'NONE', #3833, #2060, #3672, .T. );
#1357=VERTEX_POINT ( 'NONE', #748 );
#1358=PRESENTATION_LAYER_ASSIGNMENT (  '', '', ( #716 ) );
#1359=STYLED_ITEM ( 'NONE', ( #36 ), #3163 );
#1360=CARTESIAN_POINT ( 'NONE',  ( -1.649984123281000192, -4.749995240625000115, -0.7999989200000000578 ) );
#1361=AXIS2_PLACEMENT_3D ( 'NONE', #208, #510, #4630 );
#1362=LINE ( 'NONE', #1360, #42 );
#1363=VERTEX_POINT ( 'NONE', #4366 );
#1364=ADVANCED_FACE ( 'NONE', ( #2270 ), #290, .T. );
#1365=CARTESIAN_POINT ( 'NONE',  ( -0.8499857232809999719, 4.750006839375000567, -0.7999989200000000578 ) );
#1366=STYLED_ITEM ( 'NONE', ( #36 ), #1349 );
#1367=LINE ( 'NONE', #337, #43 );
#1368=PRESENTATION_LAYER_ASSIGNMENT (  '', '', ( #4155 ) );
#1369=VERTEX_POINT ( 'NONE', #198 );
#1370=CARTESIAN_POINT ( 'NONE',  ( 3.860822911037166350, -2.846494822215395182, 5.250000000000000000 ) );
#1371=ORIENTED_EDGE ( 'NONE', *, *, #3519, .F. );
#1372=CIRCLE ( 'NONE', #2920, 0.2999999999999999334 );
#1373=CARTESIAN_POINT ( 'NONE',  ( 3.204447074080936098, -3.703325526593790329, 4.631358778608557714 ) );
#1374=CARTESIAN_POINT ( 'NONE',  ( -0.0001071351737978346410, 3.239080867441997302, 5.250000000000000000 ) );
#1375=ORIENTED_EDGE ( 'NONE', *, *, #352, .T. );
#1376=CARTESIAN_POINT ( 'NONE',  ( -3.158623504002080473, -2.877419494354142682, 5.250000000000000000 ) );
#1377=CARTESIAN_POINT ( 'NONE',  ( -0.2499996232810000329, -0.2499962006250000535, -0.7999989200000000578 ) );
#1378=ADVANCED_FACE ( 'NONE', ( #1879 ), #3319, .F. );
#1379=ADVANCED_FACE ( 'NONE', ( #1585 ), #4838, .T. );
#1380=ORIENTED_EDGE ( 'NONE', *, *, #2493, .T. );
#1381=EDGE_CURVE ( 'NONE', #1888, #1944, #1284, .T. );
#1382=ORIENTED_EDGE ( 'NONE', *, *, #2803, .F. );
#1383=ORIENTED_EDGE ( 'NONE', *, *, #206, .F. );
#1384=MECHANICAL_DESIGN_GEOMETRIC_PRESENTATION_REPRESENTATION (  '', ( #4831 ), #3755 );
#1385=CARTESIAN_POINT ( 'NONE',  ( -0.8499857232809999719, -3.249993160624999877, -0.7999989200000000578 ) );
#1386=VERTEX_POINT ( 'NONE', #773 );
#1387=VERTEX_POINT ( 'NONE', #178 );
#1388=CARTESIAN_POINT ( 'NONE',  ( -2.500106993593997018, 0.0001125016195290307638, 5.250000000000000000 ) );
#1389=LINE ( 'NONE', #668, #89 );
#1390=FACE_OUTER_BOUND ( 'NONE', #4768, .T. );
#1391=CARTESIAN_POINT ( 'NONE',  ( 2.299892905869806548, 2.300112711434188384, 5.299999999999999822 ) );
#1392=VERTEX_POINT ( 'NONE', #869 );
#1393=ORIENTED_EDGE ( 'NONE', *, *, #2972, .F. );
#1394=DIRECTION ( 'NONE',  ( -1.270000928339449825E-05, 0.9999999999193548428, 0.000000000000000000 ) );
#1395=STYLED_ITEM ( 'NONE', ( #165 ), #2084 );
#1396=ORIENTED_EDGE ( 'NONE', *, *, #3694, .T. );
#1397=ADVANCED_FACE ( 'NONE', ( #2288 ), #3742, .F. );
#1398=STYLED_ITEM ( 'NONE', ( #165 ), #2175 );
#1399=FACE_OUTER_BOUND ( 'NONE', #4736, .T. );
#1400=FACE_OUTER_BOUND ( 'NONE', #1258, .T. );
#1401=CARTESIAN_POINT ( 'NONE',  ( -2.899984123280999970, 4.750006839375000567, -0.8189997673030000591 ) );
#1402=CARTESIAN_POINT ( 'NONE',  ( -4.749985963281000423, -2.900008659413999990, -0.7999989200000000578 ) );
#1403=ORIENTED_EDGE ( 'NONE', *, *, #2434, .T. );
#1404=LINE ( 'NONE', #542, #43 );
#1405=ORIENTED_EDGE ( 'NONE', *, *, #1780, .T. );
#1406=EDGE_CURVE ( 'NONE', #2701, #255, #4820, .T. );
#1407=EDGE_CURVE ( 'NONE', #2050, #3987, #2472, .T. );
#1408=CARTESIAN_POINT ( 'NONE',  ( -2.829635437418466903, -4.039619277557960686, 0.2940437847197679422 ) );
#1409=LINE ( 'NONE', #2140, #788 );
#1410=ORIENTED_EDGE ( 'NONE', *, *, #328, .T. );
#1411=ORIENTED_EDGE ( 'NONE', *, *, #3157, .F. );
#1412=CARTESIAN_POINT ( 'NONE',  ( 2.299892905869806548, 2.300112711434188384, 5.479999999999999538 ) );
#1413=PRESENTATION_LAYER_ASSIGNMENT (  '', '', ( #1733 ) );
#1414=MECHANICAL_DESIGN_GEOMETRIC_PRESENTATION_REPRESENTATION (  '', ( #3709 ), #1189 );
#1415=FACE_OUTER_BOUND ( 'NONE', #199, .T. );
#1416=CARTESIAN_POINT ( 'NONE',  ( -2.683343034418796069, 3.239080750038031642, 5.250000000000000000 ) );
#1417=VECTOR ( 'NONE', #263, 1000.000000000000000 );
#1418=ORIENTED_EDGE ( 'NONE', *, *, #1646, .T. );
#1419=ADVANCED_FACE ( 'NONE', ( #4528 ), #3835, .T. );
#1420=MECHANICAL_DESIGN_GEOMETRIC_PRESENTATION_REPRESENTATION (  '', ( #2817 ), #700 );
#1421=ORIENTED_EDGE ( 'NONE', *, *, #2338, .F. );
#1422=PRESENTATION_LAYER_ASSIGNMENT (  '', '', ( #1495 ) );
#1423=LINE ( 'NONE', #1453, #229 );
#1424=CARTESIAN_POINT ( 'NONE',  ( 3.249983519140999810, 0.4000049993750000032, -0.7999989200000000578 ) );
#1425=PLANE ( 'NONE',  #3764 );
#1426=LINE ( 'NONE', #2547, #2667 );
#1427=ORIENTED_EDGE ( 'NONE', *, *, #3638, .F. );
#1428=( GEOMETRIC_REPRESENTATION_CONTEXT ( 3 ) GLOBAL_UNCERTAINTY_ASSIGNED_CONTEXT ( ( #52 ) ) GLOBAL_UNIT_ASSIGNED_CONTEXT ( ( #20, #170, #26 ) ) REPRESENTATION_CONTEXT ( 'NONE', 'WORKASPACE' ) );
#1429=STYLED_ITEM ( 'NONE', ( #36 ), #3145 );
#1430=ORIENTED_EDGE ( 'NONE', *, *, #3606, .F. );
#1431=ORIENTED_EDGE ( 'NONE', *, *, #1058, .F. );
#1432=STYLED_ITEM ( 'NONE', ( #165 ), #1080 );
#1433=( GEOMETRIC_REPRESENTATION_CONTEXT ( 3 ) GLOBAL_UNCERTAINTY_ASSIGNED_CONTEXT ( ( #52 ) ) GLOBAL_UNIT_ASSIGNED_CONTEXT ( ( #20, #170, #26 ) ) REPRESENTATION_CONTEXT ( 'NONE', 'WORKASPACE' ) );
#1434=EDGE_LOOP ( 'NONE', ( #2263, #258, #1835, #3508 ) );
#1435=EDGE_CURVE ( 'NONE', #2756, #4209, #3365, .T. );
#1436=PLANE ( 'NONE',  #4580 );
#1437=EDGE_CURVE ( 'NONE', #3833, #1922, #2045, .T. );
#1438=CARTESIAN_POINT ( 'NONE',  ( 2.669892889696591443, 2.670112727607403702, 0.1499999999999999944 ) );
#1439=PRESENTATION_LAYER_ASSIGNMENT (  '', '', ( #3368 ) );
#1440=ORIENTED_EDGE ( 'NONE', *, *, #3381, .T. );
#1441=STYLED_ITEM ( 'NONE', ( #36 ), #1886 );
#1442=LINE ( 'NONE', #227, #229 );
#1443=CARTESIAN_POINT ( 'NONE',  ( 0.4000142767190000281, -3.249993160624999877, -0.8189997673030000591 ) );
#1444=( GEOMETRIC_REPRESENTATION_CONTEXT ( 3 ) GLOBAL_UNCERTAINTY_ASSIGNED_CONTEXT ( ( #52 ) ) GLOBAL_UNIT_ASSIGNED_CONTEXT ( ( #20, #170, #26 ) ) REPRESENTATION_CONTEXT ( 'NONE', 'WORKASPACE' ) );
#1445=ORIENTED_EDGE ( 'NONE', *, *, #2705, .F. );
#1446=CYLINDRICAL_SURFACE ( 'NONE', #4358, 0.09999980000000019409 );
#1447=EDGE_CURVE ( 'NONE', #4350, #4061, #3069, .T. );
#1448=LINE ( 'NONE', #145, #43 );
#1449=CYLINDRICAL_SURFACE ( 'NONE', #1517, 0.1500000000000000222 );
#1450=( GEOMETRIC_REPRESENTATION_CONTEXT ( 3 ) GLOBAL_UNCERTAINTY_ASSIGNED_CONTEXT ( ( #52 ) ) GLOBAL_UNIT_ASSIGNED_CONTEXT ( ( #20, #170, #26 ) ) REPRESENTATION_CONTEXT ( 'NONE', 'WORKASPACE' ) );
#1451=SURFACE_SIDE_STYLE ('',( #631 ) );
#1452=EDGE_CURVE ( 'NONE', #1654, #1518, #2541, .T. );
#1453=CARTESIAN_POINT ( 'NONE',  ( -4.749985963281000423, 0.8500065993750000048, -0.8189997673030000591 ) );
#1454=AXIS2_PLACEMENT_3D ( 'NONE', #1443, #28, #10 );
#1455=ORIENTED_EDGE ( 'NONE', *, *, #1254, .T. );
#1456=ORIENTED_EDGE ( 'NONE', *, *, #1295, .T. );
#1457=FACE_BOUND ( 'NONE', #1904, .T. );
#1458=ORIENTED_EDGE ( 'NONE', *, *, #1006, .T. );
#1459=ORIENTED_EDGE ( 'NONE', *, *, #1870, .T. );
#1460=PRODUCT_DEFINITION_CONTEXT ( 'detailed design', #1954, 'design' );
#1461=FACE_OUTER_BOUND ( 'NONE', #4183, .T. );
#1462=CARTESIAN_POINT ( 'NONE',  ( -4.046193419707314831, -3.005206934066055879, 0.1499999999999999944 ) );
#1463=EDGE_CURVE ( 'NONE', #4785, #1308, #222, .T. );
#1464=EDGE_CURVE ( 'NONE', #4414, #4819, #1119, .T. );
#1465=ORIENTED_EDGE ( 'NONE', *, *, #2623, .T. );
#1466=( GEOMETRIC_REPRESENTATION_CONTEXT ( 3 ) GLOBAL_UNCERTAINTY_ASSIGNED_CONTEXT ( ( #52 ) ) GLOBAL_UNIT_ASSIGNED_CONTEXT ( ( #20, #170, #26 ) ) REPRESENTATION_CONTEXT ( 'NONE', 'WORKASPACE' ) );
#1467=EDGE_CURVE ( 'NONE', #4758, #817, #740, .T. );
#1468=VERTEX_POINT ( 'NONE', #3310 );
#1469=MECHANICAL_DESIGN_GEOMETRIC_PRESENTATION_REPRESENTATION (  '', ( #2940 ), #577 );
#1470=( GEOMETRIC_REPRESENTATION_CONTEXT ( 3 ) GLOBAL_UNCERTAINTY_ASSIGNED_CONTEXT ( ( #52 ) ) GLOBAL_UNIT_ASSIGNED_CONTEXT ( ( #20, #170, #26 ) ) REPRESENTATION_CONTEXT ( 'NONE', 'WORKASPACE' ) );
#1471=CYLINDRICAL_SURFACE ( 'NONE', #3325, 1.405000000000000471 );
#1472=AXIS2_PLACEMENT_3D ( 'NONE', #2614, #231, #777 );
#1473=LINE ( 'NONE', #727, #42 );
#1474=ORIENTED_EDGE ( 'NONE', *, *, #3923, .F. );
#1475=ORIENTED_EDGE ( 'NONE', *, *, #1708, .F. );
#1476=EDGE_CURVE ( 'NONE', #2330, #4029, #2607, .T. );
#1477=( GEOMETRIC_REPRESENTATION_CONTEXT ( 3 ) GLOBAL_UNCERTAINTY_ASSIGNED_CONTEXT ( ( #52 ) ) GLOBAL_UNIT_ASSIGNED_CONTEXT ( ( #20, #170, #26 ) ) REPRESENTATION_CONTEXT ( 'NONE', 'WORKASPACE' ) );
#1478=LINE ( 'NONE', #1503, #43 );
#1479=LINE ( 'NONE', #1797, #161 );
#1480=EDGE_LOOP ( 'NONE', ( #2943, #1048, #4487, #670 ) );
#1481=CARTESIAN_POINT ( 'NONE',  ( 2.635455647770178711, -4.039593850641902684, 0.2947650754950000285 ) );
#1482=FACE_OUTER_BOUND ( 'NONE', #1486, .T. );
#1483=LINE ( 'NONE', #337, #142 );
#1484=CARTESIAN_POINT ( 'NONE',  ( 2.669892820632598252, 4.250112727607401553, 0.000000000000000000 ) );
#1485=EDGE_LOOP ( 'NONE', ( #3044, #2279, #1488, #3880 ) );
#1486=EDGE_LOOP ( 'NONE', ( #3762, #3879, #1582, #4728 ) );
#1487=ORIENTED_EDGE ( 'NONE', *, *, #2592, .T. );
#1488=ORIENTED_EDGE ( 'NONE', *, *, #1973, .F. );
#1489=EDGE_CURVE ( 'NONE', #1888, #4385, #2241, .T. );
#1490=ORIENTED_EDGE ( 'NONE', *, *, #604, .T. );
#1491=STYLED_ITEM ( 'NONE', ( #36 ), #550 );
#1492=CARTESIAN_POINT ( 'NONE',  ( 2.484321046970198843, 3.239080976039801385, 5.250000000000000000 ) );
#1493=CARTESIAN_POINT ( 'NONE',  ( -4.749985963281000423, 0.4000049993750000032, -0.8189997673030000591 ) );
#1494=ADVANCED_FACE ( 'NONE', ( #2169, #1869 ), #251, .F. );
#1495=STYLED_ITEM ( 'NONE', ( #36 ), #2519 );
#1496=STYLED_ITEM ( 'NONE', ( #36 ), #2838 );
#1497=EDGE_CURVE ( 'NONE', #4101, #184, #1097, .T. );
#1498=EDGE_LOOP ( 'NONE', ( #1168, #370, #1004, #3532 ) );
#1499=ORIENTED_EDGE ( 'NONE', *, *, #3212, .T. );
#1500=ORIENTED_EDGE ( 'NONE', *, *, #306, .T. );
#1501=VECTOR ( 'NONE', #2326, 1000.000000000000227 );
#1502=ORIENTED_EDGE ( 'NONE', *, *, #1381, .F. );
#1503=CARTESIAN_POINT ( 'NONE',  ( -0.2499996232810000329, -0.2499962006250000535, -0.8289997577670000783 ) );
#1504=FACE_OUTER_BOUND ( 'NONE', #3900, .T. );
#1505=CARTESIAN_POINT ( 'NONE',  ( 2.099985359140999819, 3.250004759375000329, -0.7999989200000000578 ) );
#1506=PRESENTATION_LAYER_ASSIGNMENT (  '', '', ( #4427 ) );
#1507=EDGE_CURVE ( 'NONE', #2213, #1802, #688, .T. );
#1508=VERTEX_POINT ( 'NONE', #460 );
#1509=MECHANICAL_DESIGN_GEOMETRIC_PRESENTATION_REPRESENTATION (  '', ( #1205 ), #254 );
#1510=STYLED_ITEM ( 'NONE', ( #36 ), #1054 );
#1511=PLANE ( 'NONE',  #1816 );
#1512=ORIENTED_EDGE ( 'NONE', *, *, #4617, .F. );
#1513=EDGE_LOOP ( 'NONE', ( #594, #1589, #4404, #459, #3479, #4146, #2111, #4361, #1281, #2725 ) );
#1514=FACE_OUTER_BOUND ( 'NONE', #3441, .T. );
#1515=PLANE ( 'NONE',  #171 );
#1516=AXIS2_PLACEMENT_3D ( 'NONE', #689, #28, #10 );
#1517=AXIS2_PLACEMENT_3D ( 'NONE', #3933, #619, #8 );
#1518=VERTEX_POINT ( 'NONE', #2557 );
#1519=AXIS2_PLACEMENT_3D ( 'NONE', #589, #231, #150 );
#1520=AXIS2_PLACEMENT_3D ( 'NONE', #2097, #271, #1769 );
#1521=PRESENTATION_LAYER_ASSIGNMENT (  '', '', ( #3447 ) );
#1522=EDGE_CURVE ( 'NONE', #915, #1642, #2518, .T. );
#1523=CARTESIAN_POINT ( 'NONE',  ( -2.099985723281000194, 4.750006839375000567, -0.7999989200000000578 ) );
#1524=ORIENTED_EDGE ( 'NONE', *, *, #3333, .F. );
#1525=EDGE_LOOP ( 'NONE', ( #893, #455, #3143, #1542 ) );
#1526=ADVANCED_FACE ( 'NONE', ( #4291 ), #3253, .T. );
#1527=VERTEX_POINT ( 'NONE', #1481 );
#1528=VECTOR ( 'NONE', #4006, 1000.000000000000114 );
#1529=CARTESIAN_POINT ( 'NONE',  ( 2.683129047230795372, -3.238855528243031578, 5.250000000000000000 ) );
#1530=LINE ( 'NONE', #692, #89 );
#1531=ORIENTED_EDGE ( 'NONE', *, *, #2176, .F. );
#1532=EDGE_LOOP ( 'NONE', ( #1162, #1011, #1465, #2427 ) );
#1533=LINE ( 'NONE', #2718, #307 );
#1534=PLANE ( 'NONE',  #2687 );
#1535=PRESENTATION_LAYER_ASSIGNMENT (  '', '', ( #2260 ) );
#1536=DIRECTION ( 'NONE',  ( 4.371138812635284911E-08, -0.9999999999999990008, 0.000000000000000000 ) );
#1537=ORIENTED_EDGE ( 'NONE', *, *, #3442, .T. );
#1538=ORIENTED_EDGE ( 'NONE', *, *, #3311, .T. );
#1539=AXIS2_PLACEMENT_3D ( 'NONE', #589, #1734, #231 );
#1540=ADVANCED_FACE ( 'NONE', ( #825 ), #1534, .T. );
#1541=LINE ( 'NONE', #2361, #43 );
#1542=ORIENTED_EDGE ( 'NONE', *, *, #1615, .F. );
#1543=FACE_OUTER_BOUND ( 'NONE', #2082, .T. );
#1544=CARTESIAN_POINT ( 'NONE',  ( -2.426883735802714881, 1.073335809523582540, 5.250000000000000000 ) );
#1545=CARTESIAN_POINT ( 'NONE',  ( 2.299892905869806548, 2.300112711434188384, 5.426199999999999690 ) );
#1546=VERTEX_POINT ( 'NONE', #3754 );
#1547=ORIENTED_EDGE ( 'NONE', *, *, #3756, .T. );
#1548=EDGE_CURVE ( 'NONE', #4139, #4678, #3036, .T. );
#1549=VECTOR ( 'NONE', #364, 1000.000000000000114 );
#1550=FACE_OUTER_BOUND ( 'NONE', #924, .T. );
#1551=EDGE_CURVE ( 'NONE', #1633, #2917, #847, .T. );
#1552=FACE_OUTER_BOUND ( 'NONE', #3018, .T. );
#1553=ORIENTED_EDGE ( 'NONE', *, *, #3172, .F. );
#1554=EDGE_CURVE ( 'NONE', #4531, #4595, #2151, .T. );
#1555=AXIS2_PLACEMENT_3D ( 'NONE', #3936, #75, #28 );
#1556=AXIS2_PLACEMENT_3D ( 'NONE', #44, #8, #28 );
#1557=VERTEX_POINT ( 'NONE', #3313 );
#1558=CARTESIAN_POINT ( 'NONE',  ( -3.734665276615263707, -3.734445998608729500, 0.2999999999999999889 ) );
#1559=MECHANICAL_DESIGN_GEOMETRIC_PRESENTATION_REPRESENTATION (  '', ( #2648 ), #398 );
#1560=ORIENTED_EDGE ( 'NONE', *, *, #1958, .F. );
#1561=PLANE ( 'NONE',  #3792 );
#1562=EDGE_CURVE ( 'NONE', #2888, #2316, #3538, .T. );
#1563=CARTESIAN_POINT ( 'NONE',  ( 3.238861145484362325, 2.687413239949794530, 5.249999999999999112 ) );
#1564=DIRECTION ( 'NONE',  ( -0.03487826121778289656, -0.03487826426693745041, -0.9987827659587191764 ) );
#1565=CARTESIAN_POINT ( 'NONE',  ( 0.4000142767190000281, -4.749995240625000115, -0.7999989200000000578 ) );
#1566=AXIS2_PLACEMENT_3D ( 'NONE', #531, #175, #150 );
#1567=LINE ( 'NONE', #461, #2138 );
#1568=DIRECTION ( 'NONE',  ( -4.371138867531595440E-08, 0.9999999999999991118, 0.000000000000000000 ) );
#1569=LINE ( 'NONE', #185, #42 );
#1570=AXIS2_PLACEMENT_3D ( 'NONE', #1274, #1197, #231 );
#1571=ORIENTED_EDGE ( 'NONE', *, *, #1554, .T. );
#1572=( GEOMETRIC_REPRESENTATION_CONTEXT ( 3 ) GLOBAL_UNCERTAINTY_ASSIGNED_CONTEXT ( ( #52 ) ) GLOBAL_UNIT_ASSIGNED_CONTEXT ( ( #20, #170, #26 ) ) REPRESENTATION_CONTEXT ( 'NONE', 'WORKASPACE' ) );
#1573=AXIS2_PLACEMENT_3D ( 'NONE', #337, #28, #10 );
#1574=ORIENTED_EDGE ( 'NONE', *, *, #956, .T. );
#1575=PRESENTATION_LAYER_ASSIGNMENT (  '', '', ( #3648 ) );
#1576=CARTESIAN_POINT ( 'NONE',  ( -2.250107032778922989, 0.8965591219541005907, 5.299999999999999822 ) );
#1577=( GEOMETRIC_REPRESENTATION_CONTEXT ( 3 ) GLOBAL_UNCERTAINTY_ASSIGNED_CONTEXT ( ( #52 ) ) GLOBAL_UNIT_ASSIGNED_CONTEXT ( ( #20, #170, #26 ) ) REPRESENTATION_CONTEXT ( 'NONE', 'WORKASPACE' ) );
#1578=VECTOR ( 'NONE', #504, 1000.000000000000114 );
#1579=EDGE_CURVE ( 'NONE', #4262, #763, #2782, .T. );
#1580=VERTEX_POINT ( 'NONE', #2805 );
#1581=EDGE_CURVE ( 'NONE', #3776, #58, #68, .T. );
#1582=ORIENTED_EDGE ( 'NONE', *, *, #2720, .F. );
#1583=DIRECTION ( 'NONE',  ( 0.7071068120951657932, -0.7071067502779280201, 0.000000000000000000 ) );
#1584=MECHANICAL_DESIGN_GEOMETRIC_PRESENTATION_REPRESENTATION (  '', ( #3589 ), #3871 );
#1585=FACE_OUTER_BOUND ( 'NONE', #682, .T. );
#1586=ADVANCED_FACE ( 'NONE', ( #3561 ), #902, .F. );
#1587=ORIENTED_EDGE ( 'NONE', *, *, #701, .T. );
#1588=CARTESIAN_POINT ( 'NONE',  ( 3.889960593321088123, 3.367288119345256625, 0.2926012031709999683 ) );
#1589=ORIENTED_EDGE ( 'NONE', *, *, #2069, .T. );
#1590=PRESENTATION_LAYER_ASSIGNMENT (  '', '', ( #3215 ) );
#1591=LINE ( 'NONE', #1273, #42 );
#1592=LINE ( 'NONE', #2033, #259 );
#1593=PRESENTATION_LAYER_ASSIGNMENT (  '', '', ( #3662 ) );
#1594=ORIENTED_EDGE ( 'NONE', *, *, #2158, .T. );
#1595=CARTESIAN_POINT ( 'NONE',  ( 4.749985599140999604, 2.100006599374999894, -0.7999989200000000578 ) );
#1596=MECHANICAL_DESIGN_GEOMETRIC_PRESENTATION_REPRESENTATION (  '', ( #884 ), #2088 );
#1597=CARTESIAN_POINT ( 'NONE',  ( -2.250106895243374261, -2.249887487452621126, 5.299999999999999822 ) );
#1598=CARTESIAN_POINT ( 'NONE',  ( 4.749985599140999604, -0.8500102594139999912, -0.8189997673030000591 ) );
#1599=VECTOR ( 'NONE', #1755, 1000.000000000000000 );
#1600=CARTESIAN_POINT ( 'NONE',  ( 2.499892908055374896, 2.250112720176466574, 5.250000000000000000 ) );
#1601=VERTEX_POINT ( 'NONE', #952 );
#1602=LINE ( 'NONE', #332, #229 );
#1603=LINE ( 'NONE', #2673, #42 );
#1604=CARTESIAN_POINT ( 'NONE',  ( -3.367282161960736708, -3.889955270384903852, 0.2926012031709999683 ) );
#1605=ORIENTED_EDGE ( 'NONE', *, *, #3239, .F. );
#1606=FACE_OUTER_BOUND ( 'NONE', #4137, .T. );
#1607=VERTEX_POINT ( 'NONE', #2064 );
#1608=AXIS2_PLACEMENT_3D ( 'NONE', #1558, #1583, #391 );
#1609=CARTESIAN_POINT ( 'NONE',  ( 2.599892892756389795, 2.600112724547604781, 5.299999999999999822 ) );
#1610=CARTESIAN_POINT ( 'NONE',  ( -3.018131163442965725, -3.017911822795028343, 4.599999999999999645 ) );
#1611=EDGE_CURVE ( 'NONE', #4065, #2221, #481, .T. );
#1612=LINE ( 'NONE', #95, #43 );
#1613=LINE ( 'NONE', #3377, #43 );
#1614=ORIENTED_EDGE ( 'NONE', *, *, #3472, .F. );
#1615=EDGE_CURVE ( 'NONE', #4595, #389, #1010, .T. );
#1616=PLANE ( 'NONE',  #4406 );
#1617=EDGE_CURVE ( 'NONE', #132, #2550, #1719, .T. );
#1618=MECHANICAL_DESIGN_GEOMETRIC_PRESENTATION_REPRESENTATION (  '', ( #4255 ), #3613 );
#1619=LINE ( 'NONE', #883, #142 );
#1620=ADVANCED_FACE ( 'NONE', ( #4485 ), #2049, .T. );
#1621=CARTESIAN_POINT ( 'NONE',  ( -2.670106807820598949, -4.249887505811401844, 0.1499999999999999944 ) );
#1622=STYLED_ITEM ( 'NONE', ( #36 ), #4289 );
#1623=CARTESIAN_POINT ( 'NONE',  ( -1.073330404375139269, 2.426889259282552391, 5.299999999999999822 ) );
#1624=PRESENTATION_LAYER_ASSIGNMENT (  '', '', ( #3685 ) );
#1625=ORIENTED_EDGE ( 'NONE', *, *, #3172, .T. );
#1626=CARTESIAN_POINT ( 'NONE',  ( 2.099985359140999819, 4.750006839375000567, -0.8189997673030000591 ) );
#1627=MECHANICAL_DESIGN_GEOMETRIC_PRESENTATION_REPRESENTATION (  '', ( #2561 ), #1470 );
#1628=ORIENTED_EDGE ( 'NONE', *, *, #4559, .F. );
#1629=ORIENTED_EDGE ( 'NONE', *, *, #3063, .T. );
#1630=EDGE_CURVE ( 'NONE', #2671, #4377, #4339, .T. );
#1631=CARTESIAN_POINT ( 'NONE',  ( -3.249983883281000185, -2.100010259414000213, -0.8189997673030000591 ) );
#1632=FACE_OUTER_BOUND ( 'NONE', #478, .T. );
#1633=VERTEX_POINT ( 'NONE', #1309 );
#1634=ORIENTED_EDGE ( 'NONE', *, *, #4263, .T. );
#1635=VERTEX_POINT ( 'NONE', #4360 );
#1636=PLANE ( 'NONE',  #3960 );
#1637=ORIENTED_EDGE ( 'NONE', *, *, #647, .T. );
#1638=PRESENTATION_LAYER_ASSIGNMENT (  '', '', ( #4338 ) );
#1639=FACE_OUTER_BOUND ( 'NONE', #1290, .T. );
#1640=FACE_OUTER_BOUND ( 'NONE', #4844, .T. );
#1641=FACE_OUTER_BOUND ( 'NONE', #3267, .T. );
#1642=VERTEX_POINT ( 'NONE', #167 );
#1643=EDGE_LOOP ( 'NONE', ( #2405, #18, #2490, #1339, #1772, #4356 ) );
#1644=EDGE_CURVE ( 'NONE', #4233, #3208, #285, .T. );
#1645=EDGE_CURVE ( 'NONE', #2740, #4389, #3954, .T. );
#1646=EDGE_CURVE ( 'NONE', #3341, #2851, #4644, .T. );
#1647=ORIENTED_EDGE ( 'NONE', *, *, #4847, .F. );
#1648=CARTESIAN_POINT ( 'NONE',  ( 0.2500145367189999801, -2.249997280624999707, -0.8289997577670000783 ) );
#1649=( GEOMETRIC_REPRESENTATION_CONTEXT ( 3 ) GLOBAL_UNCERTAINTY_ASSIGNED_CONTEXT ( ( #52 ) ) GLOBAL_UNIT_ASSIGNED_CONTEXT ( ( #20, #170, #26 ) ) REPRESENTATION_CONTEXT ( 'NONE', 'WORKASPACE' ) );
#1650=PRESENTATION_LAYER_ASSIGNMENT (  '', '', ( #1491 ) );
#1651=ADVANCED_FACE ( 'NONE', ( #641 ), #4039, .F. );
#1652=PRESENTATION_LAYER_ASSIGNMENT (  '', '', ( #3709 ) );
#1653=STYLED_ITEM ( 'NONE', ( #256 ), #2516 );
#1654=VERTEX_POINT ( 'NONE', #2023 );
#1655=MECHANICAL_DESIGN_GEOMETRIC_PRESENTATION_REPRESENTATION (  '', ( #1346 ), #2968 );
#1656=LINE ( 'NONE', #45, #428 );
#1657=EDGE_CURVE ( 'NONE', #4036, #3542, #1372, .T. );
#1658=VERTEX_POINT ( 'NONE', #3377 );
#1659=CARTESIAN_POINT ( 'NONE',  ( -1.050107107243606341, 2.600112565001039044, 5.299999999999999822 ) );
#1660=VERTEX_POINT ( 'NONE', #1621 );
#1661=ORIENTED_EDGE ( 'NONE', *, *, #2569, .T. );
#1662=LINE ( 'NONE', #1609, #201 );
#1663=CARTESIAN_POINT ( 'NONE',  ( 3.710901764293528249, -3.199889319802657450, 5.250000000000000888 ) );
#1664=PRESENTATION_LAYER_ASSIGNMENT (  '', '', ( #2521 ) );
#1665=VERTEX_POINT ( 'NONE', #791 );
#1666=CARTESIAN_POINT ( 'NONE',  ( -3.249983883281000185, -0.3999934006250000507, -0.8189997673030000591 ) );
#1667=CARTESIAN_POINT ( 'NONE',  ( -3.888679396297800572, 2.484540623067105436, 4.622684672856999910 ) );
#1668=ORIENTED_EDGE ( 'NONE', *, *, #4510, .F. );
#1669=LINE ( 'NONE', #1523, #142 );
#1670=FACE_OUTER_BOUND ( 'NONE', #4746, .T. );
#1671=CARTESIAN_POINT ( 'NONE',  ( -4.050107176727890668, 4.189727634663872990, 0.2999999999999999889 ) );
#1672=LINE ( 'NONE', #178, #229 );
#1673=ORIENTED_EDGE ( 'NONE', *, *, #4075, .T. );
#1674=CARTESIAN_POINT ( 'NONE',  ( -3.855049124924813331, 3.356170055242566619, 0.2928602498807805210 ) );
#1675=MECHANICAL_DESIGN_GEOMETRIC_PRESENTATION_REPRESENTATION (  '', ( #2596 ), #2909 );
#1676=STYLED_ITEM ( 'NONE', ( #165 ), #1364 );
#1677=EDGE_CURVE ( 'NONE', #1776, #76, #669, .T. );
#1678=ADVANCED_FACE ( 'NONE', ( #3627 ), #225, .T. );
#1679=ORIENTED_EDGE ( 'NONE', *, *, #2766, .T. );
#1680=MECHANICAL_DESIGN_GEOMETRIC_PRESENTATION_REPRESENTATION (  '', ( #4653 ), #4810 );
#1681=ORIENTED_EDGE ( 'NONE', *, *, #3520, .T. );
#1682=EDGE_CURVE ( 'NONE', #1922, #681, #3695, .T. );
#1683=ADVANCED_FACE ( 'NONE', ( #3028 ), #2930, .T. );
#1684=LINE ( 'NONE', #1025, #1549 );
#1685=LINE ( 'NONE', #1992, #42 );
#1686=CARTESIAN_POINT ( 'NONE',  ( -3.370898715833527515, 3.896523471595021437, 0.1499999999999999944 ) );
#1687=ORIENTED_EDGE ( 'NONE', *, *, #1617, .F. );
#1688=ORIENTED_EDGE ( 'NONE', *, *, #1997, .T. );
#1689=LINE ( 'NONE', #1388, #2332 );
#1690=CARTESIAN_POINT ( 'NONE',  ( -4.039838634684755014, -2.829416186090571550, 0.2940437847197580057 ) );
#1691=CARTESIAN_POINT ( 'NONE',  ( -2.249993083280999784, -0.2499911206249999795, -0.7999989200000000578 ) );
#1692=CARTESIAN_POINT ( 'NONE',  ( -3.215746029643316017, 3.738642088009958009, 4.632061452936999224 ) );
#1693=ORIENTED_EDGE ( 'NONE', *, *, #4053, .F. );
#1694=FACE_OUTER_BOUND ( 'NONE', #2520, .T. );
#1695=ORIENTED_EDGE ( 'NONE', *, *, #4816, .T. );
#1696=EDGE_CURVE ( 'NONE', #3111, #518, #4674, .T. );
#1697=ORIENTED_EDGE ( 'NONE', *, *, #1831, .T. );
#1698=PLANE ( 'NONE',  #2669 );
#1699=LINE ( 'NONE', #1385, #142 );
#1700=EDGE_LOOP ( 'NONE', ( #1490, #694, #658, #3132 ) );
#1701=LINE ( 'NONE', #952, #142 );
#1702=AXIS2_PLACEMENT_3D ( 'NONE', #1018, #231, #150 );
#1703=( GEOMETRIC_REPRESENTATION_CONTEXT ( 3 ) GLOBAL_UNCERTAINTY_ASSIGNED_CONTEXT ( ( #52 ) ) GLOBAL_UNIT_ASSIGNED_CONTEXT ( ( #20, #170, #26 ) ) REPRESENTATION_CONTEXT ( 'NONE', 'WORKASPACE' ) );
#1704=CARTESIAN_POINT ( 'NONE',  ( 4.249893123115401572, -2.669887203328598524, 0.1499999999999999944 ) );
#1705=DIRECTION ( 'NONE',  ( 0.7071068120951660152, -0.7071067502779277980, 0.000000000000000000 ) );
#1706=ORIENTED_EDGE ( 'NONE', *, *, #599, .T. );
#1707=( GEOMETRIC_REPRESENTATION_CONTEXT ( 3 ) GLOBAL_UNCERTAINTY_ASSIGNED_CONTEXT ( ( #52 ) ) GLOBAL_UNIT_ASSIGNED_CONTEXT ( ( #20, #170, #26 ) ) REPRESENTATION_CONTEXT ( 'NONE', 'WORKASPACE' ) );
#1708=EDGE_CURVE ( 'NONE', #3834, #1635, #320, .T. );
#1709=VERTEX_POINT ( 'NONE', #402 );
#1710=ORIENTED_EDGE ( 'NONE', *, *, #1201, .F. );
#1711=VERTEX_POINT ( 'NONE', #1318 );
#1712=EDGE_CURVE ( 'NONE', #976, #3208, #1915, .T. );
#1713=AXIS2_PLACEMENT_3D ( 'NONE', #1116, #114, #8 );
#1714=LINE ( 'NONE', #1318, #89 );
#1715=ORIENTED_EDGE ( 'NONE', *, *, #2809, .T. );
#1716=EDGE_CURVE ( 'NONE', #1720, #2389, #783, .T. );
#1717=CARTESIAN_POINT ( 'NONE',  ( 1.650014276719000250, -4.749995240625000115, -0.7999989200000000578 ) );
#1718=CARTESIAN_POINT ( 'NONE',  ( -3.200109248721332733, 3.711121089033462717, 5.250000000000000888 ) );
#1719=LINE ( 'NONE', #1503, #788 );
#1720=VERTEX_POINT ( 'NONE', #44 );
#1721=ORIENTED_EDGE ( 'NONE', *, *, #1807, .F. );
#1722=STYLED_ITEM ( 'NONE', ( #36 ), #377 );
#1723=ADVANCED_FACE ( 'NONE', ( #3301 ), #703, .T. );
#1724=FACE_OUTER_BOUND ( 'NONE', #1794, .T. );
#1725=VERTEX_POINT ( 'NONE', #1523 );
#1726=FACE_OUTER_BOUND ( 'NONE', #324, .T. );
#1727=LINE ( 'NONE', #748, #89 );
#1728=CARTESIAN_POINT ( 'NONE',  ( -2.635669634958178964, 4.039819072437902392, 0.2947650754950000285 ) );
#1729=LINE ( 'NONE', #134, #42 );
#1730=DIRECTION ( 'NONE',  ( -0.9999999999999992228, -4.371138800000000469E-08, 0.000000000000000000 ) );
#1731=AXIS2_PLACEMENT_3D ( 'NONE', #854, #75, #28 );
#1732=ORIENTED_EDGE ( 'NONE', *, *, #2291, .F. );
#1733=STYLED_ITEM ( 'NONE', ( #36 ), #2373 );
#1734=DIRECTION ( 'NONE',  ( 0.9999999999927420280, 3.809988274914015014E-06, 0.000000000000000000 ) );
#1735=VERTEX_POINT ( 'NONE', #2641 );
#1736=PRESENTATION_LAYER_ASSIGNMENT (  '', '', ( #4074 ) );
#1737=DIRECTION ( 'NONE',  ( 4.371138806237556386E-08, -0.9999999999999991118, 6.617444626622263651E-24 ) );
#1738=PLANE ( 'NONE',  #1892 );
#1739=PRESENTATION_LAYER_ASSIGNMENT (  '', '', ( #4481 ) );
#1740=LINE ( 'NONE', #782, #43 );
#1741=( BOUNDED_CURVE ( )  B_SPLINE_CURVE ( 3, ( #88, #3457, #866, #1074 ),.UNSPECIFIED., .F., .T. )B_SPLINE_CURVE_WITH_KNOTS ( ( 4, 4 ),( 6.972361237848998458E-17, 0.7847891758120000283 ),.UNSPECIFIED. )CURVE ( )  GEOMETRIC_REPRESENTATION_ITEM ( )  RATIONAL_B_SPLINE_CURVE ( ( 1.000000000000000000, 0.9493306762729999404, 0.9493306762729999404, 1.000000000000000000 ) )REPRESENTATION_ITEM ( '' )  );
#1742=ADVANCED_FACE ( 'NONE', ( #871 ), #4057, .T. );
#1743=ADVANCED_FACE ( 'NONE', ( #4665 ), #743, .T. );
#1744=PRESENTATION_LAYER_ASSIGNMENT (  '', '', ( #3788 ) );
#1745=ORIENTED_EDGE ( 'NONE', *, *, #4588, .T. );
#1746=MECHANICAL_DESIGN_GEOMETRIC_PRESENTATION_REPRESENTATION (  '', ( #2521 ), #1919 );
#1747=EDGE_CURVE ( 'NONE', #3286, #4286, #1901, .T. );
#1748=VERTEX_POINT ( 'NONE', #542 );
#1749=STYLED_ITEM ( 'NONE', ( #36 ), #806 );
#1750=PRESENTATION_LAYER_ASSIGNMENT (  '', '', ( #2901 ) );
#1751=MECHANICAL_DESIGN_GEOMETRIC_PRESENTATION_REPRESENTATION (  '', ( #2298 ), #2304 );
#1752=LINE ( 'NONE', #1377, #788 );
#1753=VERTEX_POINT ( 'NONE', #3480 );
#1754=AXIS2_PLACEMENT_3D ( 'NONE', #1597, #175, #150 );
#1755=DIRECTION ( 'NONE',  ( 0.9999999999991935340, 1.269992861138245261E-06, 0.000000000000000000 ) );
#1756=VERTEX_POINT ( 'NONE', #1906 );
#1757=FACE_BOUND ( 'NONE', #3064, .T. );
#1758=EDGE_LOOP ( 'NONE', ( #3823, #612, #1681, #3342 ) );
#1759=STYLED_ITEM ( 'NONE', ( #256 ), #1184 );
#1760=ADVANCED_FACE ( 'NONE', ( #1606 ), #3660, .F. );
#1761=MECHANICAL_DESIGN_GEOMETRIC_PRESENTATION_REPRESENTATION (  '', ( #3368 ), #166 );
#1762=CARTESIAN_POINT ( 'NONE',  ( 2.250000376718999995, -0.2499962006250000535, -0.8289997577670000783 ) );
#1763=ORIENTED_EDGE ( 'NONE', *, *, #3591, .T. );
#1764=CARTESIAN_POINT ( 'NONE',  ( 3.888356035316140158, 2.678372782486100334, 4.625810266214884336 ) );
#1765=DIRECTION ( 'NONE',  ( -0.9993908270190947629, -4.368476020347258039E-08, -0.03489949670250334923 ) );
#1766=ORIENTED_EDGE ( 'NONE', *, *, #1039, .F. );
#1767=MECHANICAL_DESIGN_GEOMETRIC_PRESENTATION_REPRESENTATION (  '', ( #1933 ), #4730 );
#1768=MECHANICAL_DESIGN_GEOMETRIC_PRESENTATION_REPRESENTATION (  '', ( #3447 ), #1935 );
#1769=DIRECTION ( 'NONE',  ( 0.9999999999999991118, 4.371138824163511849E-08, 0.000000000000000000 ) );
#1770=CARTESIAN_POINT ( 'NONE',  ( 2.599892892756389795, 2.600112724547604781, 5.479999999999999538 ) );
#1771=MECHANICAL_DESIGN_GEOMETRIC_PRESENTATION_REPRESENTATION (  '', ( #4240 ), #820 );
#1772=ORIENTED_EDGE ( 'NONE', *, *, #769, .T. );
#1773=DIRECTION ( 'NONE',  ( -4.371138799999999807E-08, 0.9999999999999990008, 0.000000000000000000 ) );
#1774=ADVANCED_FACE ( 'NONE', ( #1286 ), #944, .F. );
#1775=( BOUNDED_SURFACE ( )  B_SPLINE_SURFACE ( 3, 2, (( #1949, #2874, #858 ),( #4624, #2443, #1416 ),( #1692, #1718, #3952 ),( #1053, #3045, #11 ) ),.UNSPECIFIED., .F., .F., .F. )B_SPLINE_SURFACE_WITH_KNOTS ( ( 4, 4 ),( 3, 3 ),( 5.498396131367999651, 6.283185307180000123 ),( 0.000000000000000000, 1.000000000000000000 ),.UNSPECIFIED. )GEOMETRIC_REPRESENTATION_ITEM ( )  RATIONAL_B_SPLINE_SURFACE ( (( 1.000000000000000000, 0.7193398003390000239, 1.000000000000000000),( 1.000000000000000000, 0.7225252651429999728, 1.000000000000000000),( 1.000000000000000000, 0.7243530631100000283, 1.000000000000000000),( 1.000000000000000000, 0.7243360104960000490, 1.000000000000000000) ) )REPRESENTATION_ITEM ( '' )  SURFACE ( )  );
#1776=VERTEX_POINT ( 'NONE', #692 );
#1777=EDGE_CURVE ( 'NONE', #4209, #4029, #1812, .T. );
#1778=LINE ( 'NONE', #152, #43 );
#1779=ORIENTED_EDGE ( 'NONE', *, *, #1000, .T. );
#1780=EDGE_CURVE ( 'NONE', #3717, #4340, #218, .T. );
#1781=CARTESIAN_POINT ( 'NONE',  ( 0.8500158767190000297, -4.749995240625000115, -0.8189997673030000591 ) );
#1782=EDGE_CURVE ( 'NONE', #389, #1891, #2956, .T. );
#1783=CARTESIAN_POINT ( 'NONE',  ( 2.499893104756622186, -2.249887279823528097, 5.299999999999999822 ) );
#1784=CARTESIAN_POINT ( 'NONE',  ( -1.137975069046811116, 2.512244595516172296, 5.479999999999999538 ) );
#1785=LINE ( 'NONE', #1801, #43 );
#1786=ORIENTED_EDGE ( 'NONE', *, *, #1682, .T. );
#1787=EDGE_LOOP ( 'NONE', ( #2826, #4267, #2879, #2198 ) );
#1788=ORIENTED_EDGE ( 'NONE', *, *, #46, .F. );
#1789=VERTEX_POINT ( 'NONE', #2261 );
#1790=ADVANCED_FACE ( 'NONE', ( #3683 ), #3705, .T. );
#1791=ORIENTED_EDGE ( 'NONE', *, *, #1855, .F. );
#1792=MECHANICAL_DESIGN_GEOMETRIC_PRESENTATION_REPRESENTATION (  '', ( #474 ), #2556 );
#1793=VERTEX_POINT ( 'NONE', #2997 );
#1794=EDGE_LOOP ( 'NONE', ( #4835, #2939, #488, #2543 ) );
#1795=( GEOMETRIC_REPRESENTATION_CONTEXT ( 3 ) GLOBAL_UNCERTAINTY_ASSIGNED_CONTEXT ( ( #52 ) ) GLOBAL_UNIT_ASSIGNED_CONTEXT ( ( #20, #170, #26 ) ) REPRESENTATION_CONTEXT ( 'NONE', 'WORKASPACE' ) );
#1796=PLANE ( 'NONE',  #2583 );
#1797=CARTESIAN_POINT ( 'NONE',  ( -0.3999841232810000258, 4.750006839375000567, -0.7999989200000000578 ) );
#1798=AXIS2_PLACEMENT_3D ( 'NONE', #198, #28, #10 );
#1799=EDGE_CURVE ( 'NONE', #3803, #915, #653, .T. );
#1800=CARTESIAN_POINT ( 'NONE',  ( -2.600107107243605054, 2.600112497248387555, 5.426199999999999690 ) );
#1801=CARTESIAN_POINT ( 'NONE',  ( 0.4000142767190000281, -4.749995240625000115, -0.8189997673030000591 ) );
#1802=VERTEX_POINT ( 'NONE', #1728 );
#1803=ORIENTED_EDGE ( 'NONE', *, *, #4311, .F. );
#1804=FACE_BOUND ( 'NONE', #4701, .T. );
#1805=ORIENTED_EDGE ( 'NONE', *, *, #1145, .T. );
#1806=AXIS2_PLACEMENT_3D ( 'NONE', #1009, #741, #4203 );
#1807=EDGE_CURVE ( 'NONE', #268, #3039, #3165, .T. );
#1808=ORIENTED_EDGE ( 'NONE', *, *, #4194, .T. );
#1809=PLANE ( 'NONE',  #843 );
#1810=( GEOMETRIC_REPRESENTATION_CONTEXT ( 3 ) GLOBAL_UNCERTAINTY_ASSIGNED_CONTEXT ( ( #52 ) ) GLOBAL_UNIT_ASSIGNED_CONTEXT ( ( #20, #170, #26 ) ) REPRESENTATION_CONTEXT ( 'NONE', 'WORKASPACE' ) );
#1811=VERTEX_POINT ( 'NONE', #589 );
#1812=B_SPLINE_CURVE_WITH_KNOTS ( 'NONE', 3,( #476, #1002, #2418, #3922, #1764, #3336 ),.UNSPECIFIED., .F., .F.,( 4, 2, 4 ),( 0.000000000000000000, 0.5000000000000000000, 1.000000000000000000 ),.UNSPECIFIED. );
#1813=EDGE_CURVE ( 'NONE', #1818, #1601, #4494, .T. );
#1814=CIRCLE ( 'NONE', #3043, 1.580000000000000071 );
#1815=CARTESIAN_POINT ( 'NONE',  ( 3.999083105438279162, -3.017808985296369428, 0.2935851544070481878 ) );
#1816=AXIS2_PLACEMENT_3D ( 'NONE', #868, #25, #8 );
#1817=AXIS2_PLACEMENT_3D ( 'NONE', #480, #28, #10 );
#1818=VERTEX_POINT ( 'NONE', #698 );
#1819=LINE ( 'NONE', #287, #161 );
#1820=EDGE_LOOP ( 'NONE', ( #1502, #3971, #3236, #4392 ) );
#1821=STYLED_ITEM ( 'NONE', ( #165 ), #2688 );
#1822=LINE ( 'NONE', #2177, #2212 );
#1823=PLANE ( 'NONE',  #1516 );
#1824=DIRECTION ( 'NONE',  ( 0.7071067502779280201, 0.7071068120951657932, -9.358480121900526859E-24 ) );
#1825=CARTESIAN_POINT ( 'NONE',  ( -0.2499996232810000329, 2.250003799374999947, -0.8289997577670000783 ) );
#1826=CIRCLE ( 'NONE', #1754, 0.2499999999999997780 );
#1827=VERTEX_POINT ( 'NONE', #2081 );
#1828=FACE_BOUND ( 'NONE', #500, .T. );
#1829=AXIS2_PLACEMENT_3D ( 'NONE', #1158, #4343, #665 );
#1830=EDGE_LOOP ( 'NONE', ( #3956, #3004, #4706, #1297 ) );
#1831=EDGE_CURVE ( 'NONE', #4049, #2161, #3572, .T. );
#1832=EDGE_CURVE ( 'NONE', #1860, #3183, #2762, .T. );
#1833=( GEOMETRIC_REPRESENTATION_CONTEXT ( 3 ) GLOBAL_UNCERTAINTY_ASSIGNED_CONTEXT ( ( #52 ) ) GLOBAL_UNIT_ASSIGNED_CONTEXT ( ( #20, #170, #26 ) ) REPRESENTATION_CONTEXT ( 'NONE', 'WORKASPACE' ) );
#1834=PRESENTATION_LAYER_ASSIGNMENT (  '', '', ( #158 ) );
#1835=ORIENTED_EDGE ( 'NONE', *, *, #1464, .F. );
#1836=CARTESIAN_POINT ( 'NONE',  ( -2.512239077687748345, 1.137980466733255147, 5.479999999999999538 ) );
#1837=EDGE_CURVE ( 'NONE', #1607, #2895, #3523, .T. );
#1838=( GEOMETRIC_REPRESENTATION_CONTEXT ( 3 ) GLOBAL_UNCERTAINTY_ASSIGNED_CONTEXT ( ( #52 ) ) GLOBAL_UNIT_ASSIGNED_CONTEXT ( ( #20, #170, #26 ) ) REPRESENTATION_CONTEXT ( 'NONE', 'WORKASPACE' ) );
#1839=ORIENTED_EDGE ( 'NONE', *, *, #1249, .T. );
#1840=CARTESIAN_POINT ( 'NONE',  ( 3.017814952219826985, -3.999077224299427247, 0.2935851544070345320 ) );
#1841=MECHANICAL_DESIGN_GEOMETRIC_PRESENTATION_REPRESENTATION (  '', ( #2840 ), #2601 );
#1842=EDGE_CURVE ( 'NONE', #76, #3827, #4244, .T. );
#1843=CARTESIAN_POINT ( 'NONE',  ( -2.099985723281000194, 3.250004759375000329, -0.7999989200000000578 ) );
#1844=FACE_OUTER_BOUND ( 'NONE', #4335, .T. );
#1845=CARTESIAN_POINT ( 'NONE',  ( -4.050107170625117270, 4.050112433866873474, 0.000000000000000000 ) );
#1846=AXIS2_PLACEMENT_3D ( 'NONE', #990, #175, #150 );
#1847=FACE_OUTER_BOUND ( 'NONE', #1830, .T. );
#1848=CARTESIAN_POINT ( 'NONE',  ( 0.8500158767190000297, -4.749995240625000115, -0.7999989200000000578 ) );
#1849=EDGE_LOOP ( 'NONE', ( #3317, #322, #4391, #1014 ) );
#1850=MECHANICAL_DESIGN_GEOMETRIC_PRESENTATION_REPRESENTATION (  '', ( #3883 ), #3808 );
#1851=PRESENTATION_LAYER_ASSIGNMENT (  '', '', ( #4653 ) );
#1852=ORIENTED_EDGE ( 'NONE', *, *, #2284, .F. );
#1853=DIRECTION ( 'NONE',  ( 4.371138805329278987E-08, -0.9999999999999991118, 0.000000000000000000 ) );
#1854=CARTESIAN_POINT ( 'NONE',  ( 2.484321358524889334, -3.888459574610191538, 4.622684672856999910 ) );
#1855=EDGE_CURVE ( 'NONE', #681, #1230, #562, .T. );
#1856=LINE ( 'NONE', #2505, #89 );
#1857=CARTESIAN_POINT ( 'NONE',  ( 2.099985359140999819, 3.250004759375000329, -0.8189997673030000591 ) );
#1858=LINE ( 'NONE', #3696, #142 );
#1859=ORIENTED_EDGE ( 'NONE', *, *, #4329, .F. );
#1860=VERTEX_POINT ( 'NONE', #6 );
#1861=CARTESIAN_POINT ( 'NONE',  ( 2.669892820632598252, 4.250112727607401553, 0.1499999999999999944 ) );
#1862=EDGE_LOOP ( 'NONE', ( #329, #3003, #4509, #3575 ) );
#1863=EDGE_LOOP ( 'NONE', ( #4690, #1986, #2044, #3855, #4777, #1092, #4506, #128 ) );
#1864=( GEOMETRIC_REPRESENTATION_CONTEXT ( 3 ) GLOBAL_UNCERTAINTY_ASSIGNED_CONTEXT ( ( #52 ) ) GLOBAL_UNIT_ASSIGNED_CONTEXT ( ( #20, #170, #26 ) ) REPRESENTATION_CONTEXT ( 'NONE', 'WORKASPACE' ) );
#1865=CARTESIAN_POINT ( 'NONE',  ( -2.250106884315527633, -2.499887487452621126, 5.299999999999999822 ) );
#1866=CARTESIAN_POINT ( 'NONE',  ( -3.200108924294657431, -3.710896146990529054, 5.250000000000000888 ) );
#1867=ORIENTED_EDGE ( 'NONE', *, *, #4640, .T. );
#1868=ORIENTED_EDGE ( 'NONE', *, *, #3863, .T. );
#1869=FACE_OUTER_BOUND ( 'NONE', #1513, .T. );
#1870=EDGE_CURVE ( 'NONE', #4531, #4225, #1304, .T. );
#1871=CARTESIAN_POINT ( 'NONE',  ( 3.238861371547801404, -2.484315429666198671, 4.599999999999999645 ) );
#1872=CARTESIAN_POINT ( 'NONE',  ( 3.854835137736284167, -3.355944833446367959, 0.2928602498807552634 ) );
#1873=LINE ( 'NONE', #3313, #142 );
#1874=EDGE_CURVE ( 'NONE', #505, #1818, #2395, .T. );
#1875=CARTESIAN_POINT ( 'NONE',  ( 4.749985599140999604, -0.3999934006250000507, -0.7999989200000000578 ) );
#1876=ORIENTED_EDGE ( 'NONE', *, *, #4238, .F. );
#1877=ORIENTED_EDGE ( 'NONE', *, *, #3006, .F. );
#1878=AXIS2_PLACEMENT_3D ( 'NONE', #429, #510, #1536 );
#1879=FACE_OUTER_BOUND ( 'NONE', #2854, .T. );
#1880=EDGE_CURVE ( 'NONE', #2756, #2213, #2086, .T. );
#1881=MECHANICAL_DESIGN_GEOMETRIC_PRESENTATION_REPRESENTATION (  '', ( #4833 ), #299 );
#1882=LINE ( 'NONE', #1154, #89 );
#1883=EDGE_LOOP ( 'NONE', ( #3874, #1270, #1109, #1732 ) );
#1884=( BOUNDED_SURFACE ( )  B_SPLINE_SURFACE ( 3, 2, (( #637, #2482, #3221 ),( #3592, #3959, #676 ),( #2856, #3911, #1376 ),( #144, #3259, #466 ) ),.UNSPECIFIED., .F., .F., .F. )B_SPLINE_SURFACE_WITH_KNOTS ( ( 4, 4 ),( 3, 3 ),( 5.498396131367999651, 6.283185307180000123 ),( 0.000000000000000000, 1.000000000000000000 ),.UNSPECIFIED. )GEOMETRIC_REPRESENTATION_ITEM ( )  RATIONAL_B_SPLINE_SURFACE ( (( 1.000000000000000000, 0.7193398003390000239, 1.000000000000000000),( 1.000000000000000000, 0.7225252651429999728, 1.000000000000000000),( 1.000000000000000000, 0.7243530631100000283, 1.000000000000000000),( 1.000000000000000000, 0.7243360104960000490, 1.000000000000000000) ) )REPRESENTATION_ITEM ( '' )  SURFACE ( )  );
#1885=CARTESIAN_POINT ( 'NONE',  ( 3.249983519140999810, 0.8500065993750000048, -0.7999989200000000578 ) );
#1886=ADVANCED_FACE ( 'NONE', ( #4216 ), #2791, .T. );
#1887=DIRECTION ( 'NONE',  ( -0.9999999999999991118, -4.371138867531595440E-08, 0.000000000000000000 ) );
#1888=VERTEX_POINT ( 'NONE', #144 );
#1889=VERTEX_POINT ( 'NONE', #280 );
#1890=ORIENTED_EDGE ( 'NONE', *, *, #1941, .T. );
#1891=VERTEX_POINT ( 'NONE', #2383 );
#1892=AXIS2_PLACEMENT_3D ( 'NONE', #145, #75, #28 );
#1893=CARTESIAN_POINT ( 'NONE',  ( -0.0001069935939999999951, 0.0001126108979999999974, 5.250000000000000000 ) );
#1894=ORIENTED_EDGE ( 'NONE', *, *, #3597, .F. );
#1895=PLANE ( 'NONE',  #397 );
#1896=DIRECTION ( 'NONE',  ( 4.371138867531595440E-08, -0.9999999999999991118, 0.000000000000000000 ) );
#1897=MECHANICAL_DESIGN_GEOMETRIC_PRESENTATION_REPRESENTATION (  '', ( #2502 ), #120 );
#1898=ORIENTED_EDGE ( 'NONE', *, *, #3694, .F. );
#1899=PLANE ( 'NONE',  #4806 );
#1900=( GEOMETRIC_REPRESENTATION_CONTEXT ( 3 ) GLOBAL_UNCERTAINTY_ASSIGNED_CONTEXT ( ( #52 ) ) GLOBAL_UNIT_ASSIGNED_CONTEXT ( ( #20, #170, #26 ) ) REPRESENTATION_CONTEXT ( 'NONE', 'WORKASPACE' ) );
#1901=LINE ( 'NONE', #1453, #43 );
#1902=ORIENTED_EDGE ( 'NONE', *, *, #1958, .T. );
#1903=CARTESIAN_POINT ( 'NONE',  ( 3.445092892627006353, 4.024029591870472267, 0.1499999999999999944 ) );
#1904=EDGE_LOOP ( 'NONE', ( #867, #4763 ) );
#1905=CARTESIAN_POINT ( 'NONE',  ( 3.249983519140999810, 1.650004999374999892, -0.8189997673030000591 ) );
#1906=CARTESIAN_POINT ( 'NONE',  ( 2.250000376718999995, 2.250003799374999947, -0.8289997577670000783 ) );
#1907=EDGE_CURVE ( 'NONE', #704, #534, #4207, .T. );
#1908=EDGE_LOOP ( 'NONE', ( #3330, #1383, #360, #2290 ) );
#1909=FACE_OUTER_BOUND ( 'NONE', #3247, .T. );
#1910=EDGE_CURVE ( 'NONE', #3186, #763, #951, .T. );
#1911=LINE ( 'NONE', #1084, #43 );
#1912=PLANE ( 'NONE',  #379 );
#1913=EDGE_LOOP ( 'NONE', ( #984, #4325, #2689, #4008 ) );
#1914=EDGE_CURVE ( 'NONE', #4544, #2408, #4567, .T. );
#1915=LINE ( 'NONE', #3122, #142 );
#1916=PLANE ( 'NONE',  #4563 );
#1917=ORIENTED_EDGE ( 'NONE', *, *, #1696, .T. );
#1918=ORIENTED_EDGE ( 'NONE', *, *, #4214, .T. );
#1919=( GEOMETRIC_REPRESENTATION_CONTEXT ( 3 ) GLOBAL_UNCERTAINTY_ASSIGNED_CONTEXT ( ( #52 ) ) GLOBAL_UNIT_ASSIGNED_CONTEXT ( ( #20, #170, #26 ) ) REPRESENTATION_CONTEXT ( 'NONE', 'WORKASPACE' ) );
#1920=ORIENTED_EDGE ( 'NONE', *, *, #2320, .F. );
#1921=CARTESIAN_POINT ( 'NONE',  ( -2.635669275243102128, -4.189502705103088864, 0.1499999999999999944 ) );
#1922=VERTEX_POINT ( 'NONE', #1762 );
#1923=CARTESIAN_POINT ( 'NONE',  ( 2.854078153957787745, -3.888251345672609105, 4.628647106619999896 ) );
#1924=LINE ( 'NONE', #2647, #229 );
#1925=PRESENTATION_LAYER_ASSIGNMENT (  '', '', ( #252 ) );
#1926=ORIENTED_EDGE ( 'NONE', *, *, #4311, .T. );
#1927=ADVANCED_FACE ( 'NONE', ( #3655 ), #4745, .T. );
#1928=LINE ( 'NONE', #3398, #161 );
#1929=ORIENTED_EDGE ( 'NONE', *, *, #1507, .F. );
#1930=EDGE_LOOP ( 'NONE', ( #660, #73, #2051, #3105 ) );
#1931=B_SPLINE_CURVE_WITH_KNOTS ( 'NONE', 3,( #130, #308, #2995, #2712, #1278, #137 ),.UNSPECIFIED., .F., .F.,( 4, 2, 4 ),( 0.000000000000000000, 0.5000000000000000000, 1.000000000000000000 ),.UNSPECIFIED. );
#1932=EDGE_LOOP ( 'NONE', ( #2562, #2285, #555, #3738 ) );
#1933=STYLED_ITEM ( 'NONE', ( #165 ), #1937 );
#1934=EDGE_CURVE ( 'NONE', #749, #4430, #1089, .T. );
#1935=( GEOMETRIC_REPRESENTATION_CONTEXT ( 3 ) GLOBAL_UNCERTAINTY_ASSIGNED_CONTEXT ( ( #52 ) ) GLOBAL_UNIT_ASSIGNED_CONTEXT ( ( #20, #170, #26 ) ) REPRESENTATION_CONTEXT ( 'NONE', 'WORKASPACE' ) );
#1936=ADVANCED_FACE ( 'NONE', ( #3300 ), #1107, .T. );
#1937=ADVANCED_FACE ( 'NONE', ( #4323 ), #2616, .T. );
#1938=VERTEX_POINT ( 'NONE', #1623 );
#1939=STYLED_ITEM ( 'NONE', ( #36 ), #1683 );
#1940=ORIENTED_EDGE ( 'NONE', *, *, #3622, .F. );
#1941=EDGE_CURVE ( 'NONE', #1811, #3136, #3098, .T. );
#1942=AXIS2_PLACEMENT_3D ( 'NONE', #217, #271, #4306 );
#1943=CARTESIAN_POINT ( 'NONE',  ( 0.4000142767190000281, -3.249993160624999877, -0.7999989200000000578 ) );
#1944=VERTEX_POINT ( 'NONE', #466 );
#1945=EDGE_CURVE ( 'NONE', #751, #3095, #1042, .T. );
#1946=CARTESIAN_POINT ( 'NONE',  ( 2.499892908055374896, 2.250112720176466574, 5.326200000000000045 ) );
#1947=ORIENTED_EDGE ( 'NONE', *, *, #494, .F. );
#1948=VERTEX_POINT ( 'NONE', #1825 );
#1949=CARTESIAN_POINT ( 'NONE',  ( -2.484535345712889587, 3.888684796406191690, 4.622684672856999910 ) );
#1950=LINE ( 'NONE', #1116, #1599 );
#1951=ORIENTED_EDGE ( 'NONE', *, *, #1644, .T. );
#1952=VECTOR ( 'NONE', #919, 1000.000000000000000 );
#1953=PLANE ( 'NONE',  #1798 );
#1954=APPLICATION_CONTEXT ( 'automotive_design' );
#1955=ORIENTED_EDGE ( 'NONE', *, *, #2947, .F. );
#1956=AXIS2_PLACEMENT_3D ( 'NONE', #492, #75, #28 );
#1957=ADVANCED_FACE ( 'NONE', ( #2509 ), #4243, .T. );
#1958=EDGE_CURVE ( 'NONE', #2389, #2078, #3915, .T. );
#1959=LINE ( 'NONE', #1943, #142 );
#1960=EDGE_LOOP ( 'NONE', ( #2022, #2624, #4743, #1411 ) );
#1961=EDGE_LOOP ( 'NONE', ( #4555, #244 ) );
#1962=ADVANCED_FACE ( 'NONE', ( #965 ), #3935, .F. );
#1963=PRESENTATION_LAYER_ASSIGNMENT (  '', '', ( #3997 ) );
#1964=CARTESIAN_POINT ( 'NONE',  ( -3.734665603100729925, 3.734670893919263435, 0.2999999999999999889 ) );
#1965=ORIENTED_EDGE ( 'NONE', *, *, #447, .F. );
#1966=LINE ( 'NONE', #3058, #161 );
#1967=ORIENTED_EDGE ( 'NONE', *, *, #2513, .F. );
#1968=ORIENTED_EDGE ( 'NONE', *, *, #1173, .T. );
#1969=ORIENTED_EDGE ( 'NONE', *, *, #4054, .F. );
#1970=PRODUCT ( '149693-00_SCD4x_Datasheet', '149693-00_SCD4x_Datasheet', '', ( #3604 ) );
#1971=LINE ( 'NONE', #1222, #42 );
#1972=ORIENTED_EDGE ( 'NONE', *, *, #2923, .T. );
#1973=EDGE_CURVE ( 'NONE', #3977, #4286, #445, .T. );
#1974=FACE_OUTER_BOUND ( 'NONE', #2778, .T. );
#1975=LINE ( 'NONE', #2103, #43 );
#1976=CARTESIAN_POINT ( 'NONE',  ( 4.249892820632596546, 4.250112796671395188, 0.1499999999999999944 ) );
#1977=STYLED_ITEM ( 'NONE', ( #36 ), #2697 );
#1978=PRESENTATION_LAYER_ASSIGNMENT (  '', '', ( #3858 ) );
#1979=ORIENTED_EDGE ( 'NONE', *, *, #374, .F. );
#1980=FACE_OUTER_BOUND ( 'NONE', #3820, .T. );
#1981=AXIS2_PLACEMENT_3D ( 'NONE', #1964, #2769, #1705 );
#1982=LINE ( 'NONE', #280, #89 );
#1983=FACE_OUTER_BOUND ( 'NONE', #3460, .T. );
#1984=CARTESIAN_POINT ( 'NONE',  ( -1.649984123281000192, 4.750006839375000567, -0.8189997673030000591 ) );
#1985=AXIS2_PLACEMENT_3D ( 'NONE', #2025, #2047, #8 );
#1986=ORIENTED_EDGE ( 'NONE', *, *, #2655, .T. );
#1987=STYLED_ITEM ( 'NONE', ( #36 ), #3005 );
#1988=ORIENTED_EDGE ( 'NONE', *, *, #4393, .T. );
#1989=EDGE_CURVE ( 'NONE', #2125, #2341, #4096, .T. );
#1990=( GEOMETRIC_REPRESENTATION_CONTEXT ( 3 ) GLOBAL_UNCERTAINTY_ASSIGNED_CONTEXT ( ( #52 ) ) GLOBAL_UNIT_ASSIGNED_CONTEXT ( ( #20, #170, #26 ) ) REPRESENTATION_CONTEXT ( 'NONE', 'WORKASPACE' ) );
#1991=( GEOMETRIC_REPRESENTATION_CONTEXT ( 3 ) GLOBAL_UNCERTAINTY_ASSIGNED_CONTEXT ( ( #52 ) ) GLOBAL_UNIT_ASSIGNED_CONTEXT ( ( #20, #170, #26 ) ) REPRESENTATION_CONTEXT ( 'NONE', 'WORKASPACE' ) );
#1992=CARTESIAN_POINT ( 'NONE',  ( 3.249983519140999810, 2.100006599374999894, -0.7999989200000000578 ) );
#1993=EDGE_CURVE ( 'NONE', #4668, #2811, #3015, .T. );
#1994=ORIENTED_EDGE ( 'NONE', *, *, #4707, .T. );
#1995=ORIENTED_EDGE ( 'NONE', *, *, #281, .T. );
#1996=ORIENTED_EDGE ( 'NONE', *, *, #4329, .T. );
#1997=EDGE_CURVE ( 'NONE', #2830, #546, #1176, .T. );
#1998=EDGE_LOOP ( 'NONE', ( #3038, #2105, #2372, #821, #4363, #1156, #1251, #761, #829, #1455 ) );
#1999=CIRCLE ( 'NONE', #1361, 1.580000000000000071 );
#2000=PLANE ( 'NONE',  #3763 );
#2001=ORIENTED_EDGE ( 'NONE', *, *, #956, .F. );
#2002=AXIS2_PLACEMENT_3D ( 'NONE', #95, #150, #231 );
#2003=EDGE_CURVE ( 'NONE', #1635, #3776, #3369, .T. );
#2004=FACE_OUTER_BOUND ( 'NONE', #1209, .T. );
#2005=MECHANICAL_DESIGN_GEOMETRIC_PRESENTATION_REPRESENTATION (  '', ( #3662 ), #3748 );
#2006=ORIENTED_EDGE ( 'NONE', *, *, #811, .T. );
#2007=AXIS2_PLACEMENT_3D ( 'NONE', #287, #75, #28 );
#2008=AXIS2_PLACEMENT_3D ( 'NONE', #61, #271, #754 );
#2009=CARTESIAN_POINT ( 'NONE',  ( -4.250106807820596799, -4.249887574875395480, 0.1499999999999999944 ) );
#2010=LINE ( 'NONE', #1544, #43 );
#2011=PRESENTATION_LAYER_ASSIGNMENT (  '', '', ( #1212 ) );
#2012=EDGE_LOOP ( 'NONE', ( #2572, #2319, #603, #4523 ) );
#2013=CARTESIAN_POINT ( 'NONE',  ( 4.189508091998900952, 2.635675258814893063, 0.1499999999999999944 ) );
#2014=ORIENTED_EDGE ( 'NONE', *, *, #1259, .F. );
#2015=PLANE ( 'NONE',  #2296 );
#2016=AXIS2_PLACEMENT_3D ( 'NONE', #1438, #510, #309 );
#2017=LINE ( 'NONE', #2103, #161 );
#2018=CARTESIAN_POINT ( 'NONE',  ( -3.005426538558054972, 4.046199037011314559, 0.1499999999999999944 ) );
#2019=ORIENTED_EDGE ( 'NONE', *, *, #1780, .F. );
#2020=VERTEX_POINT ( 'NONE', #1691 );
#2021=EDGE_CURVE ( 'NONE', #4029, #3703, #3397, .T. );
#2022=ORIENTED_EDGE ( 'NONE', *, *, #4321, .T. );
#2023=CARTESIAN_POINT ( 'NONE',  ( -2.250106884315527633, -2.499887487452621126, 5.250000000000000000 ) );
#2024=EDGE_CURVE ( 'NONE', #419, #2964, #1966, .T. );
#2025=CARTESIAN_POINT ( 'NONE',  ( 4.189508322407088592, -2.635449670751101703, 0.2999999999999999889 ) );
#2026=VERTEX_POINT ( 'NONE', #3362 );
#2027=ORIENTED_EDGE ( 'NONE', *, *, #604, .F. );
#2028=ADVANCED_FACE ( 'NONE', ( #1400 ), #1425, .F. );
#2029=CARTESIAN_POINT ( 'NONE',  ( 2.299893120055608531, -2.599887288565807086, 5.299999999999999822 ) );
#2030=EDGE_LOOP ( 'NONE', ( #945, #934, #4159, #3849 ) );
#2031=AXIS2_PLACEMENT_3D ( 'NONE', #4359, #1853, #741 );
#2032=LINE ( 'NONE', #696, #142 );
#2033=CARTESIAN_POINT ( 'NONE',  ( -4.250107179367395460, 4.250112425124596527, 0.000000000000000000 ) );
#2034=ORIENTED_EDGE ( 'NONE', *, *, #352, .F. );
#2035=EDGE_CURVE ( 'NONE', #4209, #2533, #4848, .T. );
#2036=CIRCLE ( 'NONE', #4609, 0.1499999999999999944 );
#2037=DIRECTION ( 'NONE',  ( -4.371138800000000469E-08, 0.9999999999999991118, -1.020425574104000055E-16 ) );
#2038=EDGE_LOOP ( 'NONE', ( #265, #4198, #292, #3474 ) );
#2039=MECHANICAL_DESIGN_GEOMETRIC_PRESENTATION_REPRESENTATION (  '', ( #4058 ), #930 );
#2040=AXIS2_PLACEMENT_3D ( 'NONE', #1905, #75, #28 );
#2041=ORIENTED_EDGE ( 'NONE', *, *, #3842, .F. );
#2042=FACE_OUTER_BOUND ( 'NONE', #525, .T. );
#2043=ORIENTED_EDGE ( 'NONE', *, *, #3566, .F. );
#2044=ORIENTED_EDGE ( 'NONE', *, *, #1103, .T. );
#2045=LINE ( 'NONE', #3614, #2459 );
#2046=AXIS2_PLACEMENT_3D ( 'NONE', #1984, #75, #28 );
#2047=DIRECTION ( 'NONE',  ( 4.371138800000000469E-08, -0.9999999999999992228, 0.000000000000000000 ) );
#2048=CARTESIAN_POINT ( 'NONE',  ( 4.039647501160021470, 3.005690507656279209, 0.2933891210700000363 ) );
#2049=PLANE ( 'NONE',  #3376 );
#2050=VERTEX_POINT ( 'NONE', #95 );
#2051=ORIENTED_EDGE ( 'NONE', *, *, #3503, .F. );
#2052=LINE ( 'NONE', #961, #43 );
#2053=ORIENTED_EDGE ( 'NONE', *, *, #2204, .T. );
#2054=EDGE_CURVE ( 'NONE', #2135, #3372, #3573, .T. );
#2055=ADVANCED_FACE ( 'NONE', ( #2109 ), #2159, .F. );
#2056=CARTESIAN_POINT ( 'NONE',  ( 3.249983519140999810, -0.8500102594139999912, -0.8189997673030000591 ) );
#2057=ORIENTED_EDGE ( 'NONE', *, *, #1015, .F. );
#2058=EDGE_CURVE ( 'NONE', #3193, #4073, #2486, .T. );
#2059=DIRECTION ( 'NONE',  ( -4.371138789795744261E-08, 0.9999999999999991118, 0.000000000000000000 ) );
#2060=VERTEX_POINT ( 'NONE', #2883 );
#2061=EDGE_CURVE ( 'NONE', #1123, #302, #2498, .T. );
#2062=MECHANICAL_DESIGN_GEOMETRIC_PRESENTATION_REPRESENTATION (  '', ( #1733 ), #1649 );
#2063=LINE ( 'NONE', #1443, #142 );
#2064=CARTESIAN_POINT ( 'NONE',  ( -1.649984123281000192, 3.250004759375000329, -0.7999989200000000578 ) );
#2065=CARTESIAN_POINT ( 'NONE',  ( 0.8500158767190000297, -3.249993160624999877, -0.8189997673030000591 ) );
#2066=VERTEX_POINT ( 'NONE', #1783 );
#2067=PRESENTATION_LAYER_ASSIGNMENT (  '', '', ( #2892 ) );
#2068=PRESENTATION_LAYER_ASSIGNMENT (  '', '', ( #3196 ) );
#2069=EDGE_CURVE ( 'NONE', #3085, #2110, #4537, .T. );
#2070=EDGE_LOOP ( 'NONE', ( #3782, #1499, #3287, #2605 ) );
#2071=EDGE_LOOP ( 'NONE', ( #3550, #517, #1261, #3104 ) );
#2072=VERTEX_POINT ( 'NONE', #868 );
#2073=LINE ( 'NONE', #1493, #43 );
#2074=ORIENTED_EDGE ( 'NONE', *, *, #2835, .F. );
#2075=AXIS2_PLACEMENT_3D ( 'NONE', #869, #25, #8 );
#2076=CARTESIAN_POINT ( 'NONE',  ( -2.512239077687748345, 1.137980466733255147, 5.426199999999999690 ) );
#2077=ORIENTED_EDGE ( 'NONE', *, *, #3289, .F. );
#2078=VERTEX_POINT ( 'NONE', #3378 );
#2079=ORIENTED_EDGE ( 'NONE', *, *, #3983, .T. );
#2080=CYLINDRICAL_SURFACE ( 'NONE', #4191, 1.405000000000000249 );
#2081=CARTESIAN_POINT ( 'NONE',  ( 2.900014276718999806, -4.749995240625000115, -0.8189997673030000591 ) );
#2082=EDGE_LOOP ( 'NONE', ( #4466, #3882, #4549, #1072 ) );
#2083=CARTESIAN_POINT ( 'NONE',  ( 2.249892908055375340, 2.250112709248619502, 5.250000000000000000 ) );
#2084=ADVANCED_FACE ( 'NONE', ( #3891, #892 ), #1131, .F. );
#2085=AXIS2_PLACEMENT_3D ( 'NONE', #2130, #25, #8 );
#2086=LINE ( 'NONE', #1331, #2994 );
#2087=EDGE_CURVE ( 'NONE', #1045, #3623, #3843, .T. );
#2088=( GEOMETRIC_REPRESENTATION_CONTEXT ( 3 ) GLOBAL_UNCERTAINTY_ASSIGNED_CONTEXT ( ( #52 ) ) GLOBAL_UNIT_ASSIGNED_CONTEXT ( ( #20, #170, #26 ) ) REPRESENTATION_CONTEXT ( 'NONE', 'WORKASPACE' ) );
#2089=CYLINDRICAL_SURFACE ( 'NONE', #630, 0.6499999999999998002 );
#2090=ORIENTED_EDGE ( 'NONE', *, *, #465, .F. );
#2091=CARTESIAN_POINT ( 'NONE',  ( -4.189722309595088845, 2.635674892547101855, 0.2999999999999999889 ) );
#2092=CARTESIAN_POINT ( 'NONE',  ( 2.249892897127528268, 2.500112709248619058, 5.299999999999999822 ) );
#2093=VERTEX_POINT ( 'NONE', #1544 );
#2094=CARTESIAN_POINT ( 'NONE',  ( 4.249892889696590181, 2.670112796671396449, 0.000000000000000000 ) );
#2095=VERTEX_POINT ( 'NONE', #1565 );
#2096=EDGE_CURVE ( 'NONE', #58, #1660, #585, .T. );
#2097=CARTESIAN_POINT ( 'NONE',  ( -2.250107032778922989, 0.8965591219541005907, 5.250000000000000000 ) );
#2098=VECTOR ( 'NONE', #194, 1000.000000000000114 );
#2099=LINE ( 'NONE', #1192, #43 );
#2100=VERTEX_POINT ( 'NONE', #858 );
#2101=ORIENTED_EDGE ( 'NONE', *, *, #2886, .T. );
#2102=ORIENTED_EDGE ( 'NONE', *, *, #2886, .F. );
#2103=CARTESIAN_POINT ( 'NONE',  ( 3.249983519140999810, 0.4000049993750000032, -0.8189997673030000591 ) );
#2104=( GEOMETRIC_REPRESENTATION_CONTEXT ( 3 ) GLOBAL_UNCERTAINTY_ASSIGNED_CONTEXT ( ( #52 ) ) GLOBAL_UNIT_ASSIGNED_CONTEXT ( ( #20, #170, #26 ) ) REPRESENTATION_CONTEXT ( 'NONE', 'WORKASPACE' ) );
#2105=ORIENTED_EDGE ( 'NONE', *, *, #348, .T. );
#2106=LINE ( 'NONE', #791, #142 );
#2107=STYLED_ITEM ( 'NONE', ( #165 ), #4270 );
#2108=CARTESIAN_POINT ( 'NONE',  ( -3.239075132672362578, -2.687188018153794378, 5.249999999999999112 ) );
#2109=FACE_OUTER_BOUND ( 'NONE', #2692, .T. );
#2110=VERTEX_POINT ( 'NONE', #2810 );
#2111=ORIENTED_EDGE ( 'NONE', *, *, #140, .F. );
#2112=EDGE_CURVE ( 'NONE', #2409, #2316, #4823, .T. );
#2113=MECHANICAL_DESIGN_GEOMETRIC_PRESENTATION_REPRESENTATION (  '', ( #4756 ), #1236 );
#2114=ORIENTED_EDGE ( 'NONE', *, *, #2866, .T. );
#2115=PLANE ( 'NONE',  #2378 );
#2116=LINE ( 'NONE', #2883, #522 );
#2117=EDGE_CURVE ( 'NONE', #2316, #3671, #3134, .T. );
#2118=EDGE_LOOP ( 'NONE', ( #3052, #582, #3160, #4587 ) );
#2119=CIRCLE ( 'NONE', #2200, 0.6499999999999995781 );
#2120=LINE ( 'NONE', #1691, #428 );
#2121=CARTESIAN_POINT ( 'NONE',  ( -2.647670897684299529, -2.647451524649695909, -0.09794828718166999348 ) );
#2122=ORIENTED_EDGE ( 'NONE', *, *, #276, .F. );
#2123=PRESENTATION_LAYER_ASSIGNMENT (  '', '', ( #3031 ) );
#2124=CARTESIAN_POINT ( 'NONE',  ( 3.854834844340503608, 3.356170392251935919, 0.2928602498807593157 ) );
#2125=VERTEX_POINT ( 'NONE', #2056 );
#2126=ADVANCED_FACE ( 'NONE', ( #4213 ), #4850, .T. );
#2127=ORIENTED_EDGE ( 'NONE', *, *, #3268, .F. );
#2128=PLANE ( 'NONE',  #2085 );
#2129=CARTESIAN_POINT ( 'NONE',  ( 0.2500145367189999801, 0.2500027193749999044, -0.8289997577670000783 ) );
#2130=CARTESIAN_POINT ( 'NONE',  ( -0.3999841232810000258, 3.250004759375000329, -0.8189997673030000591 ) );
#2131=CARTESIAN_POINT ( 'NONE',  ( 2.829421450230467538, 4.039844499353502982, 0.2940437847197521770 ) );
#2132=FACE_OUTER_BOUND ( 'NONE', #2957, .T. );
#2133=VERTEX_POINT ( 'NONE', #111 );
#2134=FACE_BOUND ( 'NONE', #4507, .T. );
#2135=VERTEX_POINT ( 'NONE', #356 );
#2136=DIRECTION ( 'NONE',  ( -1.270000928339449655E-05, 0.9999999999193548428, 0.000000000000000000 ) );
#2137=CARTESIAN_POINT ( 'NONE',  ( 5.050000190735000061, 5.050000190735000061, -0.7999989200000000578 ) );
#2138=VECTOR ( 'NONE', #2758, 1000.000000000000114 );
#2139=ORIENTED_EDGE ( 'NONE', *, *, #3076, .T. );
#2140=CARTESIAN_POINT ( 'NONE',  ( 2.250000376718999995, -0.2499962006250000535, -0.7999989200000000578 ) );
#2141=ADVANCED_FACE ( 'NONE', ( #1974 ), #4488, .T. );
#2142=AXIS2_PLACEMENT_3D ( 'NONE', #2333, #279, #231 );
#2143=EDGE_LOOP ( 'NONE', ( #1352, #2184, #3562, #2666 ) );
#2144=LINE ( 'NONE', #679, #229 );
#2145=PLANE ( 'NONE',  #4446 );
#2146=EDGE_CURVE ( 'NONE', #534, #4133, #4369, .T. );
#2147=EDGE_LOOP ( 'NONE', ( #2199, #1421, #3628, #1965 ) );
#2148=DIRECTION ( 'NONE',  ( -0.03487826121779968175, -0.03487826426693743653, -0.9987827659587187323 ) );
#2149=PLANE ( 'NONE',  #2435 );
#2150=EDGE_CURVE ( 'NONE', #3305, #1468, #3255, .T. );
#2151=LINE ( 'NONE', #2129, #1599 );
#2152=VERTEX_POINT ( 'NONE', #2899 );
#2153=( GEOMETRIC_REPRESENTATION_CONTEXT ( 3 ) GLOBAL_UNCERTAINTY_ASSIGNED_CONTEXT ( ( #52 ) ) GLOBAL_UNIT_ASSIGNED_CONTEXT ( ( #20, #170, #26 ) ) REPRESENTATION_CONTEXT ( 'NONE', 'WORKASPACE' ) );
#2154=ORIENTED_EDGE ( 'NONE', *, *, #2894, .T. );
#2155=DIRECTION ( 'NONE',  ( -0.9999999999999991118, -4.371138797897539624E-08, -2.892577036270730511E-31 ) );
#2156=ORIENTED_EDGE ( 'NONE', *, *, #3585, .T. );
#2157=CARTESIAN_POINT ( 'NONE',  ( -2.300106893057803692, -2.299887489638191340, 5.299999999999999822 ) );
#2158=EDGE_CURVE ( 'NONE', #3542, #4693, #3930, .T. );
#2159=PLANE ( 'NONE',  #4764 );
#2160=CARTESIAN_POINT ( 'NONE',  ( -2.635669641510893335, 4.189727696490900932, 0.2999999999999999889 ) );
#2161=VERTEX_POINT ( 'NONE', #904 );
#2162=FACE_BOUND ( 'NONE', #1244, .T. );
#2163=ORIENTED_EDGE ( 'NONE', *, *, #2501, .F. );
#2164=ORIENTED_EDGE ( 'NONE', *, *, #4083, .F. );
#2165=AXIS2_PLACEMENT_3D ( 'NONE', #1154, #150, #231 );
#2166=CARTESIAN_POINT ( 'NONE',  ( -3.356164774948139140, 3.855054448833028058, 0.2928602498807847399 ) );
#2167=ORIENTED_EDGE ( 'NONE', *, *, #1051, .F. );
#2168=CARTESIAN_POINT ( 'NONE',  ( -1.649984123281000192, -3.249993160624999877, -0.7999989200000000578 ) );
#2169=FACE_BOUND ( 'NONE', #3500, .T. );
#2170=MECHANICAL_DESIGN_GEOMETRIC_PRESENTATION_REPRESENTATION (  '', ( #3137 ), #3968 );
#2171=ORIENTED_EDGE ( 'NONE', *, *, #4735, .T. );
#2172=CARTESIAN_POINT ( 'NONE',  ( -3.890174580509088376, -3.367062897549256473, 0.2926012031709999683 ) );
#2173=ORIENTED_EDGE ( 'NONE', *, *, #2146, .T. );
#2174=CARTESIAN_POINT ( 'NONE',  ( 3.999082841603226690, 3.018034556712482885, 0.2935851544070504082 ) );
#2175=ADVANCED_FACE ( 'NONE', ( #3978 ), #363, .F. );
#2176=EDGE_CURVE ( 'NONE', #1709, #2830, #4545, .T. );
#2177=CARTESIAN_POINT ( 'NONE',  ( 2.299892892756389973, 2.600112711434188206, 5.426199999999999690 ) );
#2178=CARTESIAN_POINT ( 'NONE',  ( 5.050000190735000061, -5.050000190735000061, 0.000000000000000000 ) );
#2179=EDGE_CURVE ( 'NONE', #4429, #4067, #913, .T. );
#2180=EDGE_LOOP ( 'NONE', ( #2006, #920, #3060, #2043 ) );
#2181=DIRECTION ( 'NONE',  ( 0.03487826426693745041, -0.03487826121778289656, 0.9987827659587191764 ) );
#2182=AXIS2_PLACEMENT_3D ( 'NONE', #2680, #457, #452 );
#2183=ORIENTED_EDGE ( 'NONE', *, *, #131, .T. );
#2184=ORIENTED_EDGE ( 'NONE', *, *, #2158, .F. );
#2185=FACE_BOUND ( 'NONE', #102, .T. );
#2186=ORIENTED_EDGE ( 'NONE', *, *, #4167, .F. );
#2187=EDGE_CURVE ( 'NONE', #505, #1055, #3841, .T. );
#2188=PRESENTATION_LAYER_ASSIGNMENT (  '', '', ( #4255 ) );
#2189=ORIENTED_EDGE ( 'NONE', *, *, #487, .T. );
#2190=PLANE ( 'NONE',  #755 );
#2191=MECHANICAL_DESIGN_GEOMETRIC_PRESENTATION_REPRESENTATION (  '', ( #2787 ), #4050 );
#2192=ORIENTED_EDGE ( 'NONE', *, *, #3846, .F. );
#2193=ADVANCED_FACE ( 'NONE', ( #2710 ), #1471, .T. );
#2194=CARTESIAN_POINT ( 'NONE',  ( 3.238861154352192351, 2.484540934621795483, 4.599999999999999645 ) );
#2195=LINE ( 'NONE', #689, #142 );
#2196=CARTESIAN_POINT ( 'NONE',  ( -3.633708114762240093, -3.633488827929751253, 0.1499999999999999944 ) );
#2197=STYLED_ITEM ( 'NONE', ( #1022 ), #4342 );
#2198=ORIENTED_EDGE ( 'NONE', *, *, #3918, .F. );
#2199=ORIENTED_EDGE ( 'NONE', *, *, #2208, .F. );
#2200=AXIS2_PLACEMENT_3D ( 'NONE', #855, #4767, #2684 );
#2201=LINE ( 'NONE', #480, #142 );
#2202=EDGE_CURVE ( 'NONE', #3387, #3477, #1911, .T. );
#2203=MECHANICAL_DESIGN_GEOMETRIC_PRESENTATION_REPRESENTATION (  '', ( #3321 ), #2946 );
#2204=EDGE_CURVE ( 'NONE', #3341, #4297, #4064, .T. );
#2205=CARTESIAN_POINT ( 'NONE',  ( 5.050000190735000061, 5.050000190735000061, -0.7939989199999999414 ) );
#2206=EDGE_CURVE ( 'NONE', #3073, #2979, #1245, .T. );
#2207=EDGE_LOOP ( 'NONE', ( #195, #4188, #238, #1299 ) );
#2208=EDGE_CURVE ( 'NONE', #737, #3939, #293, .T. );
#2209=ORIENTED_EDGE ( 'NONE', *, *, #1696, .F. );
#2210=CARTESIAN_POINT ( 'NONE',  ( -5.050000190735000061, 5.050000190735000061, -0.7939989199999999414 ) );
#2211=ORIENTED_EDGE ( 'NONE', *, *, #3559, .T. );
#2212=VECTOR ( 'NONE', #457, 1000.000000000000000 );
#2213=VERTEX_POINT ( 'NONE', #151 );
#2214=PRESENTATION_LAYER_ASSIGNMENT (  '', '', ( #2724 ) );
#2215=EDGE_LOOP ( 'NONE', ( #2340, #4807, #3022, #4638 ) );
#2216=STYLED_ITEM ( 'NONE', ( #36 ), #2369 );
#2217=EDGE_CURVE ( 'NONE', #2110, #1363, #3375, .T. );
#2218=FACE_OUTER_BOUND ( 'NONE', #2012, .T. );
#2219=ORIENTED_EDGE ( 'NONE', *, *, #2235, .F. );
#2220=AXIS2_PLACEMENT_3D ( 'NONE', #1576, #175, #150 );
#2221=VERTEX_POINT ( 'NONE', #696 );
#2222=PRESENTATION_LAYER_ASSIGNMENT (  '', '', ( #3194 ) );
#2223=DIRECTION ( 'NONE',  ( 4.368476005262041308E-08, -0.9993908270190946519, -0.03489949670250333535 ) );
#2224=LINE ( 'NONE', #2294, #1310 );
#2225=( BOUNDED_CURVE ( )  B_SPLINE_CURVE ( 3, ( #94, #4229, #2470, #605 ),.UNSPECIFIED., .F., .T. )B_SPLINE_CURVE_WITH_KNOTS ( ( 4, 4 ),( 2.091708371354999674E-16, 0.7847891758119999173 ),.UNSPECIFIED. )CURVE ( )  GEOMETRIC_REPRESENTATION_ITEM ( )  RATIONAL_B_SPLINE_CURVE ( ( 1.000000000000000000, 0.9493306762729999404, 0.9493306762729999404, 1.000000000000000000 ) )REPRESENTATION_ITEM ( '' )  );
#2226=MECHANICAL_DESIGN_GEOMETRIC_PRESENTATION_REPRESENTATION (  '', ( #3648 ), #1990 );
#2227=( GEOMETRIC_REPRESENTATION_CONTEXT ( 3 ) GLOBAL_UNCERTAINTY_ASSIGNED_CONTEXT ( ( #52 ) ) GLOBAL_UNIT_ASSIGNED_CONTEXT ( ( #20, #170, #26 ) ) REPRESENTATION_CONTEXT ( 'NONE', 'WORKASPACE' ) );
#2228=CARTESIAN_POINT ( 'NONE',  ( -5.050000190735000061, 5.050000190735000061, -0.7999989200000000578 ) );
#2229=FACE_OUTER_BOUND ( 'NONE', #3513, .T. );
#2230=ORIENTED_EDGE ( 'NONE', *, *, #2303, .F. );
#2231=ORIENTED_EDGE ( 'NONE', *, *, #2239, .T. );
#2232=MECHANICAL_DESIGN_GEOMETRIC_PRESENTATION_REPRESENTATION (  '', ( #4572 ), #4292 );
#2233=ORIENTED_EDGE ( 'NONE', *, *, #3388, .T. );
#2234=AXIS2_PLACEMENT_3D ( 'NONE', #2130, #8, #28 );
#2235=EDGE_CURVE ( 'NONE', #2799, #2740, #4766, .T. );
#2236=VECTOR ( 'NONE', #2181, 1000.000000000000227 );
#2237=EDGE_CURVE ( 'NONE', #2830, #3803, #803, .T. );
#2238=ORIENTED_EDGE ( 'NONE', *, *, #4079, .T. );
#2239=EDGE_CURVE ( 'NONE', #2964, #3095, #2272, .T. );
#2240=( GEOMETRIC_REPRESENTATION_CONTEXT ( 3 ) GLOBAL_UNCERTAINTY_ASSIGNED_CONTEXT ( ( #52 ) ) GLOBAL_UNIT_ASSIGNED_CONTEXT ( ( #20, #170, #26 ) ) REPRESENTATION_CONTEXT ( 'NONE', 'WORKASPACE' ) );
#2241=B_SPLINE_CURVE_WITH_KNOTS ( 'NONE', 3,( #144, #3340, #4709, #3645, #3272, #637 ),.UNSPECIFIED., .F., .F.,( 4, 2, 4 ),( 0.000000000000000000, 0.5000000000000000000, 1.000000000000000000 ),.UNSPECIFIED. );
#2242=( GEOMETRIC_REPRESENTATION_CONTEXT ( 3 ) GLOBAL_UNCERTAINTY_ASSIGNED_CONTEXT ( ( #52 ) ) GLOBAL_UNIT_ASSIGNED_CONTEXT ( ( #20, #170, #26 ) ) REPRESENTATION_CONTEXT ( 'NONE', 'WORKASPACE' ) );
#2243=AXIS2_PLACEMENT_3D ( 'NONE', #2157, #457, #150 );
#2244=ORIENTED_EDGE ( 'NONE', *, *, #1179, .T. );
#2245=EDGE_CURVE ( 'NONE', #4413, #1793, #4285, .T. );
#2246=ORIENTED_EDGE ( 'NONE', *, *, #1880, .F. );
#2247=PRESENTATION_LAYER_ASSIGNMENT (  '', '', ( #4240 ) );
#2248=ORIENTED_EDGE ( 'NONE', *, *, #1179, .F. );
#2249=PLANE ( 'NONE',  #4723 );
#2250=PRESENTATION_LAYER_ASSIGNMENT (  '', '', ( #3075 ) );
#2251=( BOUNDED_CURVE ( )  B_SPLINE_CURVE ( 3, ( #466, #2274, #4744, #356 ),.UNSPECIFIED., .F., .T. )B_SPLINE_CURVE_WITH_KNOTS ( ( 4, 4 ),( 7.180146837651998959E-17, 0.7847891758120000283 ),.UNSPECIFIED. )CURVE ( )  GEOMETRIC_REPRESENTATION_ITEM ( )  RATIONAL_B_SPLINE_CURVE ( ( 1.000000000000000000, 0.9493306762729999404, 0.9493306762729999404, 1.000000000000000000 ) )REPRESENTATION_ITEM ( '' )  );
#2252=CARTESIAN_POINT ( 'NONE',  ( -3.890174874876904276, 3.367287779264736436, 0.2926012031709999683 ) );
#2253=CARTESIAN_POINT ( 'NONE',  ( -4.250106807820596799, -4.249887574875395480, 0.000000000000000000 ) );
#2254=AXIS2_PLACEMENT_3D ( 'NONE', #554, #1773, #231 );
#2255=ORIENTED_EDGE ( 'NONE', *, *, #1581, .T. );
#2256=ORIENTED_EDGE ( 'NONE', *, *, #753, .T. );
#2257=CARTESIAN_POINT ( 'NONE',  ( -3.354352517591262739, -3.599810344671244167, 4.632061452930980039 ) );
#2258=ORIENTED_EDGE ( 'NONE', *, *, #358, .F. );
#2259=ORIENTED_EDGE ( 'NONE', *, *, #4037, .T. );
#2260=STYLED_ITEM ( 'NONE', ( #36 ), #3804 );
#2261=CARTESIAN_POINT ( 'NONE',  ( -2.600107034059198519, 0.9258484285364605437, 5.299999999999999822 ) );
#2262=PRESENTATION_LAYER_ASSIGNMENT (  '', '', ( #2337 ) );
#2263=ORIENTED_EDGE ( 'NONE', *, *, #3354, .T. );
#2264=ADVANCED_FACE ( 'NONE', ( #4388 ), #4740, .F. );
#2265=ADVANCED_FACE ( 'NONE', ( #3444 ), #1775, .T. );
#2266=PRESENTATION_LAYER_ASSIGNMENT (  '', '', ( #4831 ) );
#2267=ADVANCED_FACE ( 'NONE', ( #100 ), #66, .T. );
#2268=ORIENTED_EDGE ( 'NONE', *, *, #3472, .T. );
#2269=VERTEX_POINT ( 'NONE', #854 );
#2270=FACE_OUTER_BOUND ( 'NONE', #4368, .T. );
#2271=AXIS2_PLACEMENT_3D ( 'NONE', #1064, #28, #10 );
#2272=LINE ( 'NONE', #1186, #142 );
#2273=EDGE_LOOP ( 'NONE', ( #512, #1605, #4052, #4548 ) );
#2274=CARTESIAN_POINT ( 'NONE',  ( -2.874766055341280158, -3.161276918362339927, 5.249999999999999112 ) );
#2275=PRESENTATION_LAYER_ASSIGNMENT (  '', '', ( #2794 ) );
#2276=EDGE_LOOP ( 'NONE', ( #2808, #3590, #2898, #3642 ) );
#2277=VERTEX_POINT ( 'NONE', #766 );
#2278=CARTESIAN_POINT ( 'NONE',  ( -2.866659225503104480, -3.847708110608682119, 4.628236799001960833 ) );
#2279=ORIENTED_EDGE ( 'NONE', *, *, #328, .F. );
#2280=CARTESIAN_POINT ( 'NONE',  ( 3.734451289427263010, 3.734671220404729652, 0.2999999999999999889 ) );
#2281=PRESENTATION_LAYER_ASSIGNMENT (  '', '', ( #2807 ) );
#2282=STYLED_ITEM ( 'NONE', ( #36 ), #2321 );
#2283=ORIENTED_EDGE ( 'NONE', *, *, #1169, .T. );
#2284=EDGE_CURVE ( 'NONE', #4658, #704, #4014, .T. );
#2285=ORIENTED_EDGE ( 'NONE', *, *, #1522, .F. );
#2286=VERTEX_POINT ( 'NONE', #1484 );
#2287=ADVANCED_FACE ( 'NONE', ( #4642 ), #284, .T. );
#2288=FACE_OUTER_BOUND ( 'NONE', #3270, .T. );
#2289=MECHANICAL_DESIGN_GEOMETRIC_PRESENTATION_REPRESENTATION (  '', ( #1491 ), #3859 );
#2290=ORIENTED_EDGE ( 'NONE', *, *, #1907, .F. );
#2291=EDGE_CURVE ( 'NONE', #3812, #1123, #849, .T. );
#2292=CIRCLE ( 'NONE', #19, 0.1500000000000000222 );
#2293=CARTESIAN_POINT ( 'NONE',  ( -3.239075367309962594, 2.683348368563199582, 5.250000000000000000 ) );
#2294=CARTESIAN_POINT ( 'NONE',  ( -2.500107037305385305, 1.000112501619527139, 5.250000000000000000 ) );
#2295=VERTEX_POINT ( 'NONE', #679 );
#2296=AXIS2_PLACEMENT_3D ( 'NONE', #760, #25, #8 );
#2297=( GEOMETRIC_REPRESENTATION_CONTEXT ( 3 ) GLOBAL_UNCERTAINTY_ASSIGNED_CONTEXT ( ( #52 ) ) GLOBAL_UNIT_ASSIGNED_CONTEXT ( ( #20, #170, #26 ) ) REPRESENTATION_CONTEXT ( 'NONE', 'WORKASPACE' ) );
#2298=STYLED_ITEM ( 'NONE', ( #256 ), #4635 );
#2299=PLANE ( 'NONE',  #4017 );
#2300=ORIENTED_EDGE ( 'NONE', *, *, #2843, .F. );
#2301=PRESENTATION_LAYER_ASSIGNMENT (  '', '', ( #4362 ) );
#2302=EDGE_LOOP ( 'NONE', ( #3800, #2154, #2014, #2477 ) );
#2303=EDGE_CURVE ( 'NONE', #3898, #3081, #2744, .T. );
#2304=( GEOMETRIC_REPRESENTATION_CONTEXT ( 3 ) GLOBAL_UNCERTAINTY_ASSIGNED_CONTEXT ( ( #52 ) ) GLOBAL_UNIT_ASSIGNED_CONTEXT ( ( #20, #170, #26 ) ) REPRESENTATION_CONTEXT ( 'NONE', 'WORKASPACE' ) );
#2305=ORIENTED_EDGE ( 'NONE', *, *, #4003, .F. );
#2306=LINE ( 'NONE', #3702, #837 );
#2307=CARTESIAN_POINT ( 'NONE',  ( -4.749985963281000423, 2.100006599374999894, -0.7999989200000000578 ) );
#2308=PRESENTATION_LAYER_ASSIGNMENT (  '', '', ( #2831 ) );
#2309=AXIS2_PLACEMENT_3D ( 'NONE', #3567, #175, #150 );
#2310=ORIENTED_EDGE ( 'NONE', *, *, #4797, .F. );
#2311=( GEOMETRIC_REPRESENTATION_CONTEXT ( 3 ) GLOBAL_UNCERTAINTY_ASSIGNED_CONTEXT ( ( #52 ) ) GLOBAL_UNIT_ASSIGNED_CONTEXT ( ( #20, #170, #26 ) ) REPRESENTATION_CONTEXT ( 'NONE', 'WORKASPACE' ) );
#2312=EDGE_LOOP ( 'NONE', ( #159, #2560, #3973, #4791 ) );
#2313=( GEOMETRIC_REPRESENTATION_CONTEXT ( 3 ) GLOBAL_UNCERTAINTY_ASSIGNED_CONTEXT ( ( #52 ) ) GLOBAL_UNIT_ASSIGNED_CONTEXT ( ( #20, #170, #26 ) ) REPRESENTATION_CONTEXT ( 'NONE', 'WORKASPACE' ) );
#2314=ORIENTED_EDGE ( 'NONE', *, *, #4407, .T. );
#2315=EDGE_CURVE ( 'NONE', #2125, #4304, #3108, .T. );
#2316=VERTEX_POINT ( 'NONE', #936 );
#2317=CIRCLE ( 'NONE', #2243, 0.2999999999999999334 );
#2318=CARTESIAN_POINT ( 'NONE',  ( -3.018131427287028323, 3.018136780746965453, 4.599999999999999645 ) );
#2319=ORIENTED_EDGE ( 'NONE', *, *, #3176, .F. );
#2320=EDGE_CURVE ( 'NONE', #4634, #4687, #3830, .T. );
#2321=ADVANCED_FACE ( 'NONE', ( #27 ), #3144, .T. );
#2322=LINE ( 'NONE', #874, #428 );
#2323=STYLED_ITEM ( 'NONE', ( #36 ), #127 );
#2324=( BOUNDED_SURFACE ( )  B_SPLINE_SURFACE ( 3, 2, (( #1921, #4684, #1155 ),( #443, #4113, #2719 ),( #4834, #2739, #1604 ),( #88, #2196, #1341 ) ),.UNSPECIFIED., .F., .F., .F. )B_SPLINE_SURFACE_WITH_KNOTS ( ( 4, 4 ),( 3, 3 ),( 5.498396131367999651, 6.283185307180000123 ),( 0.000000000000000000, 1.000000000000000000 ),.UNSPECIFIED. )GEOMETRIC_REPRESENTATION_ITEM ( )  RATIONAL_B_SPLINE_SURFACE ( (( 1.000000000000000000, 0.7193398003390000239, 1.000000000000000000),( 1.000000000000000000, 0.7225252651429999728, 1.000000000000000000),( 1.000000000000000000, 0.7243530631100000283, 1.000000000000000000),( 1.000000000000000000, 0.7243360104960000490, 1.000000000000000000) ) )REPRESENTATION_ITEM ( '' )  SURFACE ( )  );
#2325=ADVANCED_FACE ( 'NONE', ( #4357 ), #2959, .T. );
#2326=DIRECTION ( 'NONE',  ( 0.03487826426693745041, -0.03487826121778289656, -0.9987827659587191764 ) );
#2327=ORIENTED_EDGE ( 'NONE', *, *, #3401, .T. );
#2328=LINE ( 'NONE', #357, #189 );
#2329=EDGE_CURVE ( 'NONE', #3446, #72, #2627, .T. );
#2330=VERTEX_POINT ( 'NONE', #361 );
#2331=ORIENTED_EDGE ( 'NONE', *, *, #1630, .F. );
#2332=VECTOR ( 'NONE', #1853, 1000.000000000000000 );
#2333=CARTESIAN_POINT ( 'NONE',  ( -3.239075358735801657, 2.484540651462199268, 4.599999999999999645 ) );
#2334=CARTESIAN_POINT ( 'NONE',  ( -3.239075141540193048, -2.484315712825795330, 4.599999999999999645 ) );
#2335=EDGE_LOOP ( 'NONE', ( #1715, #4703, #188, #63 ) );
#2336=CARTESIAN_POINT ( 'NONE',  ( -0.2499996232810000329, 2.250003799374999947, -0.7999989200000000578 ) );
#2337=STYLED_ITEM ( 'NONE', ( #256 ), #3828 );
#2338=EDGE_CURVE ( 'NONE', #2969, #737, #4755, .T. );
#2339=LINE ( 'NONE', #4434, #950 );
#2340=ORIENTED_EDGE ( 'NONE', *, *, #4393, .F. );
#2341=VERTEX_POINT ( 'NONE', #718 );
#2342=MECHANICAL_DESIGN_GEOMETRIC_PRESENTATION_REPRESENTATION (  '', ( #1078 ), #3681 );
#2343=EDGE_LOOP ( 'NONE', ( #2677, #3366, #3393, #2305 ) );
#2344=AXIS2_PLACEMENT_3D ( 'NONE', #2375, #2047, #8 );
#2345=ADVANCED_FACE ( 'NONE', ( #2646 ), #819, .T. );
#2346=EDGE_CURVE ( 'NONE', #4501, #982, #1602, .T. );
#2347=VERTEX_POINT ( 'NONE', #269 );
#2348=ADVANCED_FACE ( 'NONE', ( #1909 ), #3545, .T. );
#2349=EDGE_CURVE ( 'NONE', #1891, #3081, #2695, .T. );
#2350=CARTESIAN_POINT ( 'NONE',  ( 0.2500145367189999801, 0.2500027193749999044, -0.7999989200000000578 ) );
#2351=ORIENTED_EDGE ( 'NONE', *, *, #3688, .F. );
#2352=PRESENTATION_LAYER_ASSIGNMENT (  '', '', ( #2648 ) );
#2353=ORIENTED_EDGE ( 'NONE', *, *, #2894, .F. );
#2354=EDGE_LOOP ( 'NONE', ( #3248, #3758, #3458, #2495 ) );
#2355=ORIENTED_EDGE ( 'NONE', *, *, #1870, .F. );
#2356=EDGE_CURVE ( 'NONE', #3703, #3230, #1931, .T. );
#2357=ORIENTED_EDGE ( 'NONE', *, *, #2501, .T. );
#2358=LINE ( 'NONE', #480, #43 );
#2359=AXIS2_PLACEMENT_3D ( 'NONE', #773, #150, #231 );
#2360=ORIENTED_EDGE ( 'NONE', *, *, #2976, .T. );
#2361=CARTESIAN_POINT ( 'NONE',  ( -0.8499857232809999719, 3.250004759375000329, -0.8189997673030000591 ) );
#2362=FACE_OUTER_BOUND ( 'NONE', #1532, .T. );
#2363=DIRECTION ( 'NONE',  ( 0.9999999999999990008, 4.371138789291830464E-08, 0.000000000000000000 ) );
#2364=CIRCLE ( 'NONE', #1570, 0.6499999999999995781 );
#2365=ORIENTED_EDGE ( 'NONE', *, *, #2329, .T. );
#2366=PLANE ( 'NONE',  #1087 );
#2367=LINE ( 'NONE', #1626, #161 );
#2368=MECHANICAL_DESIGN_GEOMETRIC_PRESENTATION_REPRESENTATION (  '', ( #3788 ), #2733 );
#2369=ADVANCED_FACE ( 'NONE', ( #4805 ), #405, .F. );
#2370=FACE_OUTER_BOUND ( 'NONE', #2180, .T. );
#2371=PRESENTATION_LAYER_ASSIGNMENT (  '', '', ( #870 ) );
#2372=ORIENTED_EDGE ( 'NONE', *, *, #3774, .T. );
#2373=ADVANCED_FACE ( 'NONE', ( #1983 ), #882, .T. );
#2374=AXIS2_PLACEMENT_3D ( 'NONE', #2121, #2148, #3587 );
#2375=CARTESIAN_POINT ( 'NONE',  ( -4.189722079186902093, -2.635450037018892910, 0.2999999999999999889 ) );
#2376=ADVANCED_FACE ( 'NONE', ( #498 ), #47, .F. );
#2377=VERTEX_POINT ( 'NONE', #548 );
#2378=AXIS2_PLACEMENT_3D ( 'NONE', #1071, #150, #231 );
#2379=EDGE_LOOP ( 'NONE', ( #1995, #3862, #1721, #1180 ) );
#2380=AXIS2_PLACEMENT_3D ( 'NONE', #2056, #75, #28 );
#2381=EDGE_LOOP ( 'NONE', ( #4088, #1839, #3130, #2765 ) );
#2382=AXIS2_PLACEMENT_3D ( 'NONE', #2776, #28, #10 );
#2383=CARTESIAN_POINT ( 'NONE',  ( 2.250000376718999995, 2.250003799374999947, -0.7999989200000000578 ) );
#2384=ORIENTED_EDGE ( 'NONE', *, *, #3661, .F. );
#2385=EDGE_CURVE ( 'NONE', #1392, #3827, #4282, .T. );
#2386=PLANE ( 'NONE',  #2842 );
#2387=VERTEX_POINT ( 'NONE', #2673 );
#2388=CARTESIAN_POINT ( 'NONE',  ( -2.647670836307211673, -4.051595636611693863, -0.04891449431465999531 ) );
#2389=VERTEX_POINT ( 'NONE', #116 );
#2390=( GEOMETRIC_REPRESENTATION_CONTEXT ( 3 ) GLOBAL_UNCERTAINTY_ASSIGNED_CONTEXT ( ( #52 ) ) GLOBAL_UNIT_ASSIGNED_CONTEXT ( ( #20, #170, #26 ) ) REPRESENTATION_CONTEXT ( 'NONE', 'WORKASPACE' ) );
#2391=( GEOMETRIC_REPRESENTATION_CONTEXT ( 3 ) GLOBAL_UNCERTAINTY_ASSIGNED_CONTEXT ( ( #52 ) ) GLOBAL_UNIT_ASSIGNED_CONTEXT ( ( #20, #170, #26 ) ) REPRESENTATION_CONTEXT ( 'NONE', 'WORKASPACE' ) );
#2392=ORIENTED_EDGE ( 'NONE', *, *, #1630, .T. );
#2393=CARTESIAN_POINT ( 'NONE',  ( -4.050106816562873746, -4.049887566133117289, 0.000000000000000000 ) );
#2394=LINE ( 'NONE', #844, #2494 );
#2395=LINE ( 'NONE', #2130, #229 );
#2396=( GEOMETRIC_REPRESENTATION_CONTEXT ( 3 ) GLOBAL_UNCERTAINTY_ASSIGNED_CONTEXT ( ( #52 ) ) GLOBAL_UNIT_ASSIGNED_CONTEXT ( ( #20, #170, #26 ) ) REPRESENTATION_CONTEXT ( 'NONE', 'WORKASPACE' ) );
#2397=ORIENTED_EDGE ( 'NONE', *, *, #4536, .T. );
#2398=CARTESIAN_POINT ( 'NONE',  ( -3.005684890352279037, 4.039867105652021451, 0.2933891210700000363 ) );
#2399=ADVANCED_FACE ( 'NONE', ( #995 ), #2487, .T. );
#2400=ORIENTED_EDGE ( 'NONE', *, *, #281, .F. );
#2401=EDGE_CURVE ( 'NONE', #4302, #3090, #3166, .T. );
#2402=EDGE_CURVE ( 'NONE', #728, #1948, #4593, .T. );
#2403=PRESENTATION_LAYER_ASSIGNMENT (  '', '', ( #3297 ) );
#2404=CARTESIAN_POINT ( 'NONE',  ( 2.484321019532662156, 3.866778679663798624, 5.250000000000000000 ) );
#2405=ORIENTED_EDGE ( 'NONE', *, *, #1085, .F. );
#2406=CARTESIAN_POINT ( 'NONE',  ( -1.073330404375139491, 2.426889259282552835, 5.250000000000000000 ) );
#2407=ORIENTED_EDGE ( 'NONE', *, *, #2096, .F. );
#2408=VERTEX_POINT ( 'NONE', #2462 );
#2409=VERTEX_POINT ( 'NONE', #827 );
#2410=CARTESIAN_POINT ( 'NONE',  ( 2.874552344530717285, -3.161276667051652556, 5.249999999999999112 ) );
#2411=EDGE_CURVE ( 'NONE', #4441, #2341, #1729, .T. );
#2412=B_SPLINE_CURVE_WITH_KNOTS ( 'NONE', 3,( #538, #4540, #1674, #526, #2790, #3310 ),.UNSPECIFIED., .F., .F.,( 4, 2, 4 ),( 0.000000000000000000, 0.5000000000000000000, 1.000000000000000000 ),.UNSPECIFIED. );
#2413=CARTESIAN_POINT ( 'NONE',  ( 4.749985599140999604, 0.4000049993750000032, -0.7999989200000000578 ) );
#2414=CARTESIAN_POINT ( 'NONE',  ( -2.874766331718717094, 3.161501888847652264, 5.249999999999999112 ) );
#2415=VERTEX_POINT ( 'NONE', #623 );
#2416=PLANE ( 'NONE',  #3169 );
#2417=EDGE_LOOP ( 'NONE', ( #3056, #310, #1445, #2436 ) );
#2418=CARTESIAN_POINT ( 'NONE',  ( 3.703331143897795830, 3.204666678572929417, 4.631358778608557714 ) );
#2419=ORIENTED_EDGE ( 'NONE', *, *, #1313, .F. );
#2420=ORIENTED_EDGE ( 'NONE', *, *, #2766, .F. );
#2421=PLANE ( 'NONE',  #3234 );
#2422=EDGE_CURVE ( 'NONE', #2528, #2964, #3190, .T. );
#2423=CARTESIAN_POINT ( 'NONE',  ( -3.847927715100682544, 2.866664842807105540, 4.628236799001960833 ) );
#2424=CARTESIAN_POINT ( 'NONE',  ( 4.189508074073622801, 3.045140159360892440, 0.1499999999999999944 ) );
#2425=ORIENTED_EDGE ( 'NONE', *, *, #2069, .F. );
#2426=PLANE ( 'NONE',  #2476 );
#2427=ORIENTED_EDGE ( 'NONE', *, *, #2636, .T. );
#2428=EDGE_CURVE ( 'NONE', #3845, #4658, #2292, .T. );
#2429=EDGE_LOOP ( 'NONE', ( #495, #3917, #3229, #2912 ) );
#2430=CARTESIAN_POINT ( 'NONE',  ( 0.2500069167190000496, -0.2499911206249999795, -0.7999989200000000578 ) );
#2431=PLANE ( 'NONE',  #880 );
#2432=VECTOR ( 'NONE', #1215, 1000.000000000000000 );
#2433=ORIENTED_EDGE ( 'NONE', *, *, #1914, .F. );
#2434=EDGE_CURVE ( 'NONE', #4133, #2213, #2882, .T. );
#2435=AXIS2_PLACEMENT_3D ( 'NONE', #2647, #25, #8 );
#2436=ORIENTED_EDGE ( 'NONE', *, *, #4315, .F. );
#2437=ORIENTED_EDGE ( 'NONE', *, *, #1047, .F. );
#2438=ORIENTED_EDGE ( 'NONE', *, *, #4018, .F. );
#2439=CARTESIAN_POINT ( 'NONE',  ( 0.8499853591409999298, 3.250004759375000329, -0.8189997673030000591 ) );
#2440=( GEOMETRIC_REPRESENTATION_CONTEXT ( 3 ) GLOBAL_UNCERTAINTY_ASSIGNED_CONTEXT ( ( #52 ) ) GLOBAL_UNIT_ASSIGNED_CONTEXT ( ( #20, #170, #26 ) ) REPRESENTATION_CONTEXT ( 'NONE', 'WORKASPACE' ) );
#2441=ORIENTED_EDGE ( 'NONE', *, *, #454, .F. );
#2442=CARTESIAN_POINT ( 'NONE',  ( 2.100015876719000030, -3.249993160624999877, -0.7999989200000000578 ) );
#2443=CARTESIAN_POINT ( 'NONE',  ( -2.846714764240594331, 3.861042266669824308, 5.250000000000000000 ) );
#2444=PRESENTATION_LAYER_ASSIGNMENT (  '', '', ( #3205 ) );
#2445=DIRECTION ( 'NONE',  ( -2.540008302815425568E-06, -0.9999999999967742470, 0.000000000000000000 ) );
#2446=ORIENTED_EDGE ( 'NONE', *, *, #3007, .F. );
#2447=MECHANICAL_DESIGN_GEOMETRIC_PRESENTATION_REPRESENTATION (  '', ( #252 ), #3125 );
#2448=PRESENTATION_LAYER_ASSIGNMENT (  '', '', ( #4572 ) );
#2449=LINE ( 'NONE', #198, #142 );
#2450=LINE ( 'NONE', #1401, #161 );
#2451=ORIENTED_EDGE ( 'NONE', *, *, #4591, .T. );
#2452=ORIENTED_EDGE ( 'NONE', *, *, #2623, .F. );
#2453=MECHANICAL_DESIGN_GEOMETRIC_PRESENTATION_REPRESENTATION (  '', ( #4803 ), #1433 );
#2454=LINE ( 'NONE', #2567, #142 );
#2455=EDGE_CURVE ( 'NONE', #915, #1654, #1019, .T. );
#2456=ADVANCED_FACE ( 'NONE', ( #563 ), #3244, .F. );
#2457=VERTEX_POINT ( 'NONE', #435 );
#2458=LINE ( 'NONE', #3886, #161 );
#2459=VECTOR ( 'NONE', #2136, 1000.000000000000000 );
#2460=ADVANCED_FACE ( 'NONE', ( #4373 ), #2640, .F. );
#2461=FACE_OUTER_BOUND ( 'NONE', #4556, .T. );
#2462=CARTESIAN_POINT ( 'NONE',  ( 3.024997760000000202, -2.924997959999999786, -0.7999989200000000578 ) );
#2463=LINE ( 'NONE', #332, #43 );
#2464=EDGE_LOOP ( 'NONE', ( #2074, #3530, #1149, #4116 ) );
#2465=VERTEX_POINT ( 'NONE', #3936 );
#2466=STYLED_ITEM ( 'NONE', ( #256 ), #1651 );
#2467=ORIENTED_EDGE ( 'NONE', *, *, #1243, .T. );
#2468=CARTESIAN_POINT ( 'NONE',  ( 3.367068514853256200, -3.889954976017087951, 0.2926012031709999683 ) );
#2469=ORIENTED_EDGE ( 'NONE', *, *, #4402, .T. );
#2470=CARTESIAN_POINT ( 'NONE',  ( 3.053291991785894499, -4.189502456430699517, 0.1499999999999999944 ) );
#2471=CARTESIAN_POINT ( 'NONE',  ( -0.3999841232810000258, -4.749995240625000115, -0.7999989200000000578 ) );
#2472=LINE ( 'NONE', #95, #89 );
#2473=FACE_OUTER_BOUND ( 'NONE', #2118, .T. );
#2474=LINE ( 'NONE', #1666, #89 );
#2475=EDGE_CURVE ( 'NONE', #751, #749, #3355, .T. );
#2476=AXIS2_PLACEMENT_3D ( 'NONE', #1857, #25, #8 );
#2477=ORIENTED_EDGE ( 'NONE', *, *, #3217, .F. );
#2478=LINE ( 'NONE', #983, #89 );
#2479=ORIENTED_EDGE ( 'NONE', *, *, #1406, .F. );
#2480=DIRECTION ( 'NONE',  ( -0.03487826426693745041, 0.03487826121778289656, -0.9987827659587191764 ) );
#2481=ORIENTED_EDGE ( 'NONE', *, *, #1645, .F. );
#2482=CARTESIAN_POINT ( 'NONE',  ( -3.866772845164189842, -2.484315740263334682, 5.250000000000000000 ) );
#2483=ORIENTED_EDGE ( 'NONE', *, *, #501, .T. );
#2484=PRESENTATION_LAYER_ASSIGNMENT (  '', '', ( #2787 ) );
#2485=ADVANCED_FACE ( 'NONE', ( #756 ), #726, .T. );
#2486=LINE ( 'NONE', #115, #43 );
#2487=CYLINDRICAL_SURFACE ( 'NONE', #3041, 0.2999999999999999889 );
#2488=LINE ( 'NONE', #591, #1599 );
#2489=LINE ( 'NONE', #1401, #43 );
#2490=ORIENTED_EDGE ( 'NONE', *, *, #3462, .T. );
#2491=ORIENTED_EDGE ( 'NONE', *, *, #753, .F. );
#2492=ADVANCED_FACE ( 'NONE', ( #3408 ), #399, .T. );
#2493=EDGE_CURVE ( 'NONE', #2135, #518, #2364, .T. );
#2494=VECTOR ( 'NONE', #3413, 1000.000000000000000 );
#2495=ORIENTED_EDGE ( 'NONE', *, *, #2754, .F. );
#2496=ORIENTED_EDGE ( 'NONE', *, *, #4827, .F. );
#2497=ORIENTED_EDGE ( 'NONE', *, *, #1253, .F. );
#2498=CIRCLE ( 'NONE', #4337, 0.2999999999999999334 );
#2499=FACE_OUTER_BOUND ( 'NONE', #1932, .T. );
#2500=VERTEX_POINT ( 'NONE', #2013 );
#2501=EDGE_CURVE ( 'NONE', #4573, #2857, #1567, .T. );
#2502=STYLED_ITEM ( 'NONE', ( #165 ), #2264 );
#2503=CARTESIAN_POINT ( 'NONE',  ( -4.051815241103693843, 2.647676453611211844, -0.04891449431465999531 ) );
#2504=EDGE_LOOP ( 'NONE', ( #1350, #228, #3304, #157 ) );
#2505=CARTESIAN_POINT ( 'NONE',  ( 5.050000190735000061, -5.050000190735000061, -0.7999989200000000578 ) );
#2506=CIRCLE ( 'NONE', #942, 0.1500000000000000222 );
#2507=DIRECTION ( 'NONE',  ( -4.371138797897539624E-08, 0.9999999999999991118, -1.323488980084844133E-23 ) );
#2508=EDGE_LOOP ( 'NONE', ( #684, #4226, #4380, #1876 ) );
#2509=FACE_OUTER_BOUND ( 'NONE', #4410, .T. );
#2510=ORIENTED_EDGE ( 'NONE', *, *, #3860, .F. );
#2511=EDGE_LOOP ( 'NONE', ( #29, #2467, #972, #1263, #946, #878 ) );
#2512=MECHANICAL_DESIGN_GEOMETRIC_PRESENTATION_REPRESENTATION (  '', ( #3780 ), #4558 );
#2513=EDGE_CURVE ( 'NONE', #2221, #1357, #2032, .T. );
#2514=STYLED_ITEM ( 'NONE', ( #256 ), #561 );
#2515=ORIENTED_EDGE ( 'NONE', *, *, #2866, .F. );
#2516=ADVANCED_FACE ( 'NONE', ( #4469 ), #1250, .F. );
#2517=ADVANCED_FACE ( 'NONE', ( #1670 ), #4798, .T. );
#2518=LINE ( 'NONE', #4309, #442 );
#2519=ADVANCED_FACE ( 'NONE', ( #3975 ), #1033, .F. );
#2520=EDGE_LOOP ( 'NONE', ( #3970, #1143, #796, #3884 ) );
#2521=STYLED_ITEM ( 'NONE', ( #1022 ), #3020 );
#2522=STYLED_ITEM ( 'NONE', ( #36 ), #4636 );
#2523=ORIENTED_EDGE ( 'NONE', *, *, #408, .F. );
#2524=MECHANICAL_DESIGN_GEOMETRIC_PRESENTATION_REPRESENTATION (  '', ( #3353 ), #1428 );
#2525=EDGE_CURVE ( 'NONE', #2703, #976, #610, .T. );
#2526=STYLED_ITEM ( 'NONE', ( #165 ), #4652 );
#2527=CYLINDRICAL_SURFACE ( 'NONE', #156, 0.2999999999999997669 );
#2528=VERTEX_POINT ( 'NONE', #689 );
#2529=DIRECTION ( 'NONE',  ( -0.9993908270190946519, -4.368476005262041308E-08, -0.03489949670250334229 ) );
#2530=CARTESIAN_POINT ( 'NONE',  ( 3.017917176254965028, 3.018137044591028495, 4.599999999999999645 ) );
#2531=MECHANICAL_DESIGN_GEOMETRIC_PRESENTATION_REPRESENTATION (  '', ( #4370 ), #2240 );
#2532=VERTEX_POINT ( 'NONE', #1402 );
#2533=VERTEX_POINT ( 'NONE', #350 );
#2534=FACE_BOUND ( 'NONE', #3434, .T. );
#2535=VERTEX_POINT ( 'NONE', #1493 );
#2536=( GEOMETRIC_REPRESENTATION_CONTEXT ( 3 ) GLOBAL_UNCERTAINTY_ASSIGNED_CONTEXT ( ( #52 ) ) GLOBAL_UNIT_ASSIGNED_CONTEXT ( ( #20, #170, #26 ) ) REPRESENTATION_CONTEXT ( 'NONE', 'WORKASPACE' ) );
#2537=PLANE ( 'NONE',  #3618 );
#2538=AXIS2_PLACEMENT_3D ( 'NONE', #4076, #510, #794 );
#2539=ORIENTED_EDGE ( 'NONE', *, *, #4182, .F. );
#2540=VERTEX_POINT ( 'NONE', #278 );
#2541=CIRCLE ( 'NONE', #2008, 0.2500000000000000000 );
#2542=EDGE_CURVE ( 'NONE', #4647, #1753, #3903, .T. );
#2543=ORIENTED_EDGE ( 'NONE', *, *, #2475, .T. );
#2544=EDGE_CURVE ( 'NONE', #1557, #3039, #1873, .T. );
#2545=MECHANICAL_DESIGN_GEOMETRIC_PRESENTATION_REPRESENTATION (  '', ( #3894 ), #1450 );
#2546=MECHANICAL_DESIGN_GEOMETRIC_PRESENTATION_REPRESENTATION (  '', ( #1298 ), #4822 );
#2547=CARTESIAN_POINT ( 'NONE',  ( 2.637603607883069134, -4.041741810568011850, 0.2332555483279999953 ) );
#2548=EDGE_LOOP ( 'NONE', ( #2730, #1440, #4851, #4608 ) );
#2549=ORIENTED_EDGE ( 'NONE', *, *, #3897, .F. );
#2550=VERTEX_POINT ( 'NONE', #191 );
#2551=STYLED_ITEM ( 'NONE', ( #36 ), #3829 );
#2552=ADVANCED_FACE ( 'NONE', ( #1847 ), #2149, .T. );
#2553=ORIENTED_EDGE ( 'NONE', *, *, #607, .F. );
#2554=CIRCLE ( 'NONE', #4109, 0.6500000000000002442 );
#2555=ORIENTED_EDGE ( 'NONE', *, *, #2711, .T. );
#2556=( GEOMETRIC_REPRESENTATION_CONTEXT ( 3 ) GLOBAL_UNCERTAINTY_ASSIGNED_CONTEXT ( ( #52 ) ) GLOBAL_UNIT_ASSIGNED_CONTEXT ( ( #20, #170, #26 ) ) REPRESENTATION_CONTEXT ( 'NONE', 'WORKASPACE' ) );
#2557=CARTESIAN_POINT ( 'NONE',  ( -2.500106895243373817, -2.249887498380468198, 5.250000000000000000 ) );
#2558=CARTESIAN_POINT ( 'NONE',  ( -4.039861488348022611, -3.005465285860278613, 0.2933891210700000363 ) );
#2559=AXIS2_PLACEMENT_3D ( 'NONE', #2318, #2819, #4843 );
#2560=ORIENTED_EDGE ( 'NONE', *, *, #2117, .T. );
#2561=STYLED_ITEM ( 'NONE', ( #256 ), #4185 );
#2562=ORIENTED_EDGE ( 'NONE', *, *, #3149, .F. );
#2563=CARTESIAN_POINT ( 'NONE',  ( 3.238861262949996878, 0.0001127524777981814795, 4.599999999999999645 ) );
#2564=ORIENTED_EDGE ( 'NONE', *, *, #1581, .F. );
#2565=PRESENTATION_LAYER_ASSIGNMENT (  '', '', ( #1395 ) );
#2566=PRESENTATION_LAYER_ASSIGNMENT (  '', '', ( #3473 ) );
#2567=CARTESIAN_POINT ( 'NONE',  ( 1.650014276719000250, -3.249993160624999877, -0.8189997673030000591 ) );
#2568=CARTESIAN_POINT ( 'NONE',  ( -4.050107163568887891, 3.888684727972874455, 4.622684672856999910 ) );
#2569=EDGE_CURVE ( 'NONE', #4634, #3671, #3712, .T. );
#2570=CARTESIAN_POINT ( 'NONE',  ( -4.024023974567472628, 3.445312497119006778, 0.1499999999999999944 ) );
#2571=PLANE ( 'NONE',  #2234 );
#2572=ORIENTED_EDGE ( 'NONE', *, *, #4493, .F. );
#2573=EDGE_LOOP ( 'NONE', ( #4334, #2625, #471, #3256 ) );
#2574=ORIENTED_EDGE ( 'NONE', *, *, #1047, .T. );
#2575=PLANE ( 'NONE',  #4749 );
#2576=LINE ( 'NONE', #1493, #161 );
#2577=PLANE ( 'NONE',  #3549 );
#2578=ADVANCED_FACE ( 'NONE', ( #828 ), #4401, .T. );
#2579=ORIENTED_EDGE ( 'NONE', *, *, #3631, .T. );
#2580=ORIENTED_EDGE ( 'NONE', *, *, #957, .T. );
#2581=MECHANICAL_DESIGN_GEOMETRIC_PRESENTATION_REPRESENTATION (  '', ( #4565 ), #507 );
#2582=MECHANICAL_DESIGN_GEOMETRIC_PRESENTATION_REPRESENTATION (  '', ( #1749 ), #2440 );
#2583=AXIS2_PLACEMENT_3D ( 'NONE', #174, #25, #8 );
#2584=FACE_OUTER_BOUND ( 'NONE', #3574, .T. );
#2585=EDGE_CURVE ( 'NONE', #4164, #4524, #1928, .T. );
#2586=EDGE_CURVE ( 'NONE', #3717, #300, #3059, .T. );
#2587=( GEOMETRIC_REPRESENTATION_CONTEXT ( 3 ) GLOBAL_UNCERTAINTY_ASSIGNED_CONTEXT ( ( #52 ) ) GLOBAL_UNIT_ASSIGNED_CONTEXT ( ( #20, #170, #26 ) ) REPRESENTATION_CONTEXT ( 'NONE', 'WORKASPACE' ) );
#2588=ORIENTED_EDGE ( 'NONE', *, *, #702, .F. );
#2589=ORIENTED_EDGE ( 'NONE', *, *, #4417, .F. );
#2590=PRESENTATION_LAYER_ASSIGNMENT (  '', '', ( #48 ) );
#2591=EDGE_LOOP ( 'NONE', ( #3168, #1969, #4027, #2549 ) );
#2592=EDGE_CURVE ( 'NONE', #1753, #2408, #795, .T. );
#2593=LINE ( 'NONE', #666, #142 );
#2594=ORIENTED_EDGE ( 'NONE', *, *, #3981, .F. );
#2595=AXIS2_PLACEMENT_3D ( 'NONE', #147, #3885, #2529 );
#2596=STYLED_ITEM ( 'NONE', ( #36 ), #3343 );
#2597=FACE_OUTER_BOUND ( 'NONE', #4620, .T. );
#2598=DIRECTION ( 'NONE',  ( -0.7071068120951657932, 0.7071067502779280201, 0.000000000000000000 ) );
#2599=AXIS2_PLACEMENT_3D ( 'NONE', #1412, #175, #150 );
#2600=ORIENTED_EDGE ( 'NONE', *, *, #1880, .T. );
#2601=( GEOMETRIC_REPRESENTATION_CONTEXT ( 3 ) GLOBAL_UNCERTAINTY_ASSIGNED_CONTEXT ( ( #52 ) ) GLOBAL_UNIT_ASSIGNED_CONTEXT ( ( #20, #170, #26 ) ) REPRESENTATION_CONTEXT ( 'NONE', 'WORKASPACE' ) );
#2602=FACE_OUTER_BOUND ( 'NONE', #105, .T. );
#2603=CARTESIAN_POINT ( 'NONE',  ( -2.484535317317795755, 3.239080758844192776, 4.599999999999999645 ) );
#2604=( GEOMETRIC_REPRESENTATION_CONTEXT ( 3 ) GLOBAL_UNCERTAINTY_ASSIGNED_CONTEXT ( ( #52 ) ) GLOBAL_UNIT_ASSIGNED_CONTEXT ( ( #20, #170, #26 ) ) REPRESENTATION_CONTEXT ( 'NONE', 'WORKASPACE' ) );
#2605=ORIENTED_EDGE ( 'NONE', *, *, #2475, .F. );
#2606=ORIENTED_EDGE ( 'NONE', *, *, #1716, .F. );
#2607=CIRCLE ( 'NONE', #3138, 0.6499999999999995781 );
#2608=EDGE_CURVE ( 'NONE', #3623, #3958, #2676, .T. );
#2609=ORIENTED_EDGE ( 'NONE', *, *, #210, .F. );
#2610=ORIENTED_EDGE ( 'NONE', *, *, #2202, .T. );
#2611=LINE ( 'NONE', #2567, #43 );
#2612=FACE_OUTER_BOUND ( 'NONE', #4012, .T. );
#2613=AXIS2_PLACEMENT_3D ( 'NONE', #4574, #741, #4203 );
#2614=CARTESIAN_POINT ( 'NONE',  ( -0.0001069935939999999951, 0.0001126108979999999974, 0.1499999999999999944 ) );
#2615=PLANE ( 'NONE',  #1702 );
#2616=PLANE ( 'NONE',  #4432 );
#2617=CIRCLE ( 'NONE', #1608, 0.1500000000000000222 );
#2618=ORIENTED_EDGE ( 'NONE', *, *, #3688, .T. );
#2619=ORIENTED_EDGE ( 'NONE', *, *, #4263, .F. );
#2620=ORIENTED_EDGE ( 'NONE', *, *, #3129, .T. );
#2621=EDGE_CURVE ( 'NONE', #4647, #4544, #2339, .T. );
#2622=FACE_BOUND ( 'NONE', #4098, .T. );
#2623=EDGE_CURVE ( 'NONE', #1386, #1658, #3370, .T. );
#2624=ORIENTED_EDGE ( 'NONE', *, *, #3842, .T. );
#2625=ORIENTED_EDGE ( 'NONE', *, *, #2356, .F. );
#2626=LINE ( 'NONE', #4663, #49 );
#2627=LINE ( 'NONE', #1171, #1952 );
#2628=ADVANCED_FACE ( 'NONE', ( #768 ), #1511, .T. );
#2629=AXIS2_PLACEMENT_3D ( 'NONE', #280, #150, #231 );
#2630=LINE ( 'NONE', #3377, #229 );
#2631=ORIENTED_EDGE ( 'NONE', *, *, #2835, .T. );
#2632=CARTESIAN_POINT ( 'NONE',  ( -4.029940733708843759, 3.439395737498377681, 0.1499999999999999944 ) );
#2633=FACE_OUTER_BOUND ( 'NONE', #4655, .T. );
#2634=ORIENTED_EDGE ( 'NONE', *, *, #710, .T. );
#2635=ORIENTED_EDGE ( 'NONE', *, *, #1447, .F. );
#2636=EDGE_CURVE ( 'NONE', #1658, #4584, #2630, .T. );
#2637=CIRCLE ( 'NONE', #2559, 0.6500000000000002442 );
#2638=( BOUNDED_SURFACE ( )  B_SPLINE_SURFACE ( 3, 2, (( #88, #2196, #1341 ),( #2941, #3974, #2172 ),( #1008, #1462, #2558 ),( #1074, #3904, #1003 ) ),.UNSPECIFIED., .F., .F., .F. )B_SPLINE_SURFACE_WITH_KNOTS ( ( 4, 4 ),( 3, 3 ),( 6.972361237848998458E-17, 0.7847891758120000283 ),( 0.000000000000000000, 1.000000000000000000 ),.UNSPECIFIED. )GEOMETRIC_REPRESENTATION_ITEM ( )  RATIONAL_B_SPLINE_SURFACE ( (( 1.000000000000000000, 0.7243360104960000490, 1.000000000000000000),( 1.000000000000000000, 0.7243530631100000283, 1.000000000000000000),( 1.000000000000000000, 0.7225252651429999728, 1.000000000000000000),( 1.000000000000000000, 0.7193398003390000239, 1.000000000000000000) ) )REPRESENTATION_ITEM ( '' )  SURFACE ( )  );
#2639=CYLINDRICAL_SURFACE ( 'NONE', #1878, 1.580000000000000515 );
#2640=PLANE ( 'NONE',  #2960 );
#2641=CARTESIAN_POINT ( 'NONE',  ( 0.2500145367189999801, -2.249997280624999707, -0.7999989200000000578 ) );
#2642=EDGE_LOOP ( 'NONE', ( #4751, #1710, #2635, #2122 ) );
#2643=ORIENTED_EDGE ( 'NONE', *, *, #1855, .T. );
#2644=MECHANICAL_DESIGN_GEOMETRIC_PRESENTATION_REPRESENTATION (  '', ( #4338 ), #1477 );
#2645=ORIENTED_EDGE ( 'NONE', *, *, #1266, .T. );
#2646=FACE_OUTER_BOUND ( 'NONE', #3853, .T. );
#2647=CARTESIAN_POINT ( 'NONE',  ( 3.249983519140999810, 0.8500065993750000048, -0.8189997673030000591 ) );
#2648=STYLED_ITEM ( 'NONE', ( #165 ), #2265 );
#2649=ORIENTED_EDGE ( 'NONE', *, *, #3037, .T. );
#2650=MECHANICAL_DESIGN_GEOMETRIC_PRESENTATION_REPRESENTATION (  '', ( #2954 ), #1810 );
#2651=CARTESIAN_POINT ( 'NONE',  ( 3.445093244408985900, -4.023804068886518870, 0.1499999999999999944 ) );
#2652=EDGE_CURVE ( 'NONE', #2060, #4117, #2116, .T. );
#2653=ORIENTED_EDGE ( 'NONE', *, *, #3543, .T. );
#2654=EDGE_CURVE ( 'NONE', #1922, #4117, #446, .T. );
#2655=EDGE_CURVE ( 'NONE', #2664, #1580, #574, .T. );
#2656=ORIENTED_EDGE ( 'NONE', *, *, #4372, .T. );
#2657=AXIS2_PLACEMENT_3D ( 'NONE', #1255, #25, #8 );
#2658=ORIENTED_EDGE ( 'NONE', *, *, #210, .T. );
#2659=MECHANICAL_DESIGN_GEOMETRIC_PRESENTATION_REPRESENTATION (  '', ( #4481 ), #1037 );
#2660=PRESENTATION_LAYER_ASSIGNMENT (  '', '', ( #2817 ) );
#2661=MECHANICAL_DESIGN_GEOMETRIC_PRESENTATION_REPRESENTATION (  '', ( #3196 ), #3577 );
#2662=EDGE_CURVE ( 'NONE', #988, #3283, #2743, .T. );
#2663=MECHANICAL_DESIGN_GEOMETRIC_PRESENTATION_REPRESENTATION (  '', ( #3864 ), #4420 );
#2664=VERTEX_POINT ( 'NONE', #2094 );
#2665=LINE ( 'NONE', #1861, #636 );
#2666=ORIENTED_EDGE ( 'NONE', *, *, #675, .F. );
#2667=VECTOR ( 'NONE', #3985, 1000.000000000000227 );
#2668=AXIS2_PLACEMENT_3D ( 'NONE', #191, #1734, #231 );
#2669=AXIS2_PLACEMENT_3D ( 'NONE', #1857, #8, #28 );
#2670=CIRCLE ( 'NONE', #2832, 0.2500000000000002220 );
#2671=VERTEX_POINT ( 'NONE', #1801 );
#2672=ORIENTED_EDGE ( 'NONE', *, *, #62, .T. );
#2673=CARTESIAN_POINT ( 'NONE',  ( 0.8499853591409999298, 3.250004759375000329, -0.7999989200000000578 ) );
#2674=ORIENTED_EDGE ( 'NONE', *, *, #977, .F. );
#2675=AXIS2_PLACEMENT_3D ( 'NONE', #1906, #2445, #4419 );
#2676=LINE ( 'NONE', #4097, #2212 );
#2677=ORIENTED_EDGE ( 'NONE', *, *, #1489, .F. );
#2678=PRESENTATION_LAYER_ASSIGNMENT (  '', '', ( #2840 ) );
#2679=PRESENTATION_LAYER_ASSIGNMENT (  '', '', ( #4649 ) );
#2680=CARTESIAN_POINT ( 'NONE',  ( -2.300107034059198696, 0.9258484416498768965, 5.299999999999999822 ) );
#2681=EDGE_CURVE ( 'NONE', #1056, #186, #57, .T. );
#2682=ORIENTED_EDGE ( 'NONE', *, *, #1082, .T. );
#2683=EDGE_CURVE ( 'NONE', #3085, #424, #3084, .T. );
#2684=DIRECTION ( 'NONE',  ( -6.672013369141570147E-16, 0.000000000000000000, -1.000000000000000000 ) );
#2685=ADVANCED_FACE ( 'NONE', ( #3103 ), #497, .F. );
#2686=EDGE_CURVE ( 'NONE', #3498, #469, #472, .T. );
#2687=AXIS2_PLACEMENT_3D ( 'NONE', #2103, #75, #28 );
#2688=ADVANCED_FACE ( 'NONE', ( #2042 ), #3148, .F. );
#2689=ORIENTED_EDGE ( 'NONE', *, *, #4553, .T. );
#2690=PLANE ( 'NONE',  #3220 );
#2691=MECHANICAL_DESIGN_GEOMETRIC_PRESENTATION_REPRESENTATION (  '', ( #734 ), #182 );
#2692=EDGE_LOOP ( 'NONE', ( #4456, #3621, #3535, #406 ) );
#2693=CARTESIAN_POINT ( 'NONE',  ( 2.877425111658142853, -3.158403899509080848, 5.250000000000000000 ) );
#2694=LINE ( 'NONE', #791, #43 );
#2695=LINE ( 'NONE', #2383, #788 );
#2696=ORIENTED_EDGE ( 'NONE', *, *, #702, .T. );
#2697=ADVANCED_FACE ( 'NONE', ( #4250 ), #3945, .T. );
#2698=( BOUNDED_SURFACE ( )  B_SPLINE_SURFACE ( 3, 2, (( #50, #3649, #151 ),( #2924, #3293, #3670 ),( #1903, #4110, #745 ),( #31, #3831, #1204 ) ),.UNSPECIFIED., .F., .F., .F. )B_SPLINE_SURFACE_WITH_KNOTS ( ( 4, 4 ),( 3, 3 ),( 5.498396131367999651, 6.283185307180000123 ),( 0.000000000000000000, 1.000000000000000000 ),.UNSPECIFIED. )GEOMETRIC_REPRESENTATION_ITEM ( )  RATIONAL_B_SPLINE_SURFACE ( (( 1.000000000000000000, 0.7193398003390000239, 1.000000000000000000),( 1.000000000000000000, 0.7225252651429999728, 1.000000000000000000),( 1.000000000000000000, 0.7243530631100000283, 1.000000000000000000),( 1.000000000000000000, 0.7243360104960000490, 1.000000000000000000) ) )REPRESENTATION_ITEM ( '' )  SURFACE ( )  );
#2699=FACE_OUTER_BOUND ( 'NONE', #735, .T. );
#2700=MECHANICAL_DESIGN_GEOMETRIC_PRESENTATION_REPRESENTATION (  '', ( #2337 ), #4522 );
#2701=VERTEX_POINT ( 'NONE', #1003 );
#2702=VERTEX_POINT ( 'NONE', #1836 );
#2703=VERTEX_POINT ( 'NONE', #283 );
#2704=PRESENTATION_LAYER_ASSIGNMENT (  '', '', ( #1317 ) );
#2705=EDGE_CURVE ( 'NONE', #1735, #2060, #4600, .T. );
#2706=EDGE_CURVE ( 'NONE', #3334, #2752, #1367, .T. );
#2707=MECHANICAL_DESIGN_GEOMETRIC_PRESENTATION_REPRESENTATION (  '', ( #106 ), #583 );
#2708=ORIENTED_EDGE ( 'NONE', *, *, #3802, .F. );
#2709=LINE ( 'NONE', #1648, #1599 );
#2710=FACE_OUTER_BOUND ( 'NONE', #1643, .T. );
#2711=EDGE_CURVE ( 'NONE', #4117, #1230, #1409, .T. );
#2712=CARTESIAN_POINT ( 'NONE',  ( 3.703331424048623699, -3.204441133012412291, 4.631358778608557714 ) );
#2713=LINE ( 'NONE', #4126, #49 );
#2714=CARTESIAN_POINT ( 'NONE',  ( -2.600107107243605054, 2.600112497248387555, 5.479999999999999538 ) );
#2715=LINE ( 'NONE', #1984, #43 );
#2716=VERTEX_POINT ( 'NONE', #2168 );
#2717=MECHANICAL_DESIGN_GEOMETRIC_PRESENTATION_REPRESENTATION (  '', ( #3031 ), #938 );
#2718=CARTESIAN_POINT ( 'NONE',  ( -1.073330404375139269, 2.426889259282552391, 5.250000000000000000 ) );
#2719=CARTESIAN_POINT ( 'NONE',  ( -3.005684537185715488, -4.039642146611969409, 0.2933891210700000363 ) );
#2720=EDGE_CURVE ( 'NONE', #2277, #4534, #3556, .T. );
#2721=ORIENTED_EDGE ( 'NONE', *, *, #4707, .F. );
#2722=ORIENTED_EDGE ( 'NONE', *, *, #3802, .T. );
#2723=LINE ( 'NONE', #3106, #232 );
#2724=STYLED_ITEM ( 'NONE', ( #36 ), #4586 );
#2725=ORIENTED_EDGE ( 'NONE', *, *, #3771, .T. );
#2726=CIRCLE ( 'NONE', #1566, 0.2500000000000002220 );
#2727=ORIENTED_EDGE ( 'NONE', *, *, #2021, .F. );
#2728=PLANE ( 'NONE',  #2380 );
#2729=CARTESIAN_POINT ( 'NONE',  ( -2.600106893057803514, -2.299887502751608359, 5.299999999999999822 ) );
#2730=ORIENTED_EDGE ( 'NONE', *, *, #257, .T. );
#2731=AXIS2_PLACEMENT_3D ( 'NONE', #3323, #2047, #8 );
#2732=EDGE_LOOP ( 'NONE', ( #2618, #954, #4151, #4283 ) );
#2733=( GEOMETRIC_REPRESENTATION_CONTEXT ( 3 ) GLOBAL_UNCERTAINTY_ASSIGNED_CONTEXT ( ( #52 ) ) GLOBAL_UNIT_ASSIGNED_CONTEXT ( ( #20, #170, #26 ) ) REPRESENTATION_CONTEXT ( 'NONE', 'WORKASPACE' ) );
#2734=EDGE_CURVE ( 'NONE', #3192, #1789, #3601, .T. );
#2735=DIRECTION ( 'NONE',  ( 4.371138800000000469E-08, -0.9999999999999991118, 0.000000000000000000 ) );
#2736=ORIENTED_EDGE ( 'NONE', *, *, #802, .T. );
#2737=EDGE_LOOP ( 'NONE', ( #1560, #4800, #4348, #1044 ) );
#2738=EDGE_CURVE ( 'NONE', #3241, #1386, #3228, .T. );
#2739=CARTESIAN_POINT ( 'NONE',  ( -3.370898375198461139, -3.896298544481976212, 0.1499999999999999944 ) );
#2740=VERTEX_POINT ( 'NONE', #1875 );
#2741=CARTESIAN_POINT ( 'NONE',  ( 2.924997959999999786, -2.924997959999999786, -0.7999989200000000578 ) );
#2742=CARTESIAN_POINT ( 'NONE',  ( -0.9258430254182614672, 2.300112570432793824, 5.299999999999999822 ) );
#2743=LINE ( 'NONE', #1338, #616 );
#2744=LINE ( 'NONE', #1018, #43 );
#2745=ORIENTED_EDGE ( 'NONE', *, *, #427, .T. );
#2746=PRESENTATION_LAYER_ASSIGNMENT (  '', '', ( #3723 ) );
#2747=ORIENTED_EDGE ( 'NONE', *, *, #4163, .T. );
#2748=CARTESIAN_POINT ( 'NONE',  ( 2.846500439519394909, 3.861042515529165886, 5.250000000000000000 ) );
#2749=( BOUNDED_CURVE ( )  B_SPLINE_CURVE ( 3, ( #65, #3203, #4254, #94 ),.UNSPECIFIED., .F., .T. )B_SPLINE_CURVE_WITH_KNOTS ( ( 4, 4 ),( 5.498396131367999651, 6.283185307180000123 ),.UNSPECIFIED. )CURVE ( )  GEOMETRIC_REPRESENTATION_ITEM ( )  RATIONAL_B_SPLINE_CURVE ( ( 1.000000000000000000, 0.9493306762729999404, 0.9493306762729999404, 1.000000000000000000 ) )REPRESENTATION_ITEM ( '' )  );
#2750=PRESENTATION_LAYER_ASSIGNMENT (  '', '', ( #4804 ) );
#2751=EDGE_LOOP ( 'NONE', ( #1687, #953, #3021, #1553 ) );
#2752=VERTEX_POINT ( 'NONE', #1385 );
#2753=STYLED_ITEM ( 'NONE', ( #256 ), #1183 );
#2754=EDGE_CURVE ( 'NONE', #439, #2295, #2868, .T. );
#2755=STYLED_ITEM ( 'NONE', ( #36 ), #3529 );
#2756=VERTEX_POINT ( 'NONE', #899 );
#2757=AXIS2_PLACEMENT_3D ( 'NONE', #353, #457, #1887 );
#2758=DIRECTION ( 'NONE',  ( -4.371138799999999807E-08, 0.9999999999999991118, 0.000000000000000000 ) );
#2759=EDGE_LOOP ( 'NONE', ( #903, #3131, #1138, #2392 ) );
#2760=CARTESIAN_POINT ( 'NONE',  ( 2.687193635457794549, -3.238855528180362597, 5.249999999999999112 ) );
#2761=MECHANICAL_DESIGN_GEOMETRIC_PRESENTATION_REPRESENTATION (  '', ( #543 ), #4236 );
#2762=LINE ( 'NONE', #6, #142 );
#2763=LINE ( 'NONE', #2065, #161 );
#2764=AXIS2_PLACEMENT_3D ( 'NONE', #1503, #2445, #4419 );
#2765=ORIENTED_EDGE ( 'NONE', *, *, #2608, .T. );
#2766=EDGE_CURVE ( 'NONE', #4785, #221, #4354, .T. );
#2767=PLANE ( 'NONE',  #3490 );
#2768=AXIS2_PLACEMENT_3D ( 'NONE', #3687, #510, #309 );
#2769=DIRECTION ( 'NONE',  ( -0.7071067502779280201, -0.7071068120951657932, 0.000000000000000000 ) );
#2770=CARTESIAN_POINT ( 'NONE',  ( -2.670107179367396277, 4.250112494188589274, 0.000000000000000000 ) );
#2771=ADVANCED_FACE ( 'NONE', ( #3364 ), #3009, .T. );
#2772=ORIENTED_EDGE ( 'NONE', *, *, #3836, .T. );
#2773=ORIENTED_EDGE ( 'NONE', *, *, #2871, .T. );
#2774=MECHANICAL_DESIGN_GEOMETRIC_PRESENTATION_REPRESENTATION (  '', ( #3147 ), #3151 );
#2775=ADVANCED_FACE ( 'NONE', ( #4750 ), #382, .F. );
#2776=CARTESIAN_POINT ( 'NONE',  ( -3.249983883281000185, 1.650004999374999892, -0.8189997673030000591 ) );
#2777=CARTESIAN_POINT ( 'NONE',  ( 2.678152838054118412, 3.888575873949128070, 4.625810266214890554 ) );
#2778=EDGE_LOOP ( 'NONE', ( #1574, #2913, #3127, #1070 ) );
#2779=CARTESIAN_POINT ( 'NONE',  ( -2.300106879944387117, -2.599887489638191607, 5.299999999999999822 ) );
#2780=ADVANCED_FACE ( 'NONE', ( #359 ), #3055, .T. );
#2781=CARTESIAN_POINT ( 'NONE',  ( 4.045979695252676756, -3.005206580345936018, 0.1499999999999999944 ) );
#2782=LINE ( 'NONE', #319, #161 );
#2783=ORIENTED_EDGE ( 'NONE', *, *, #4075, .F. );
#2784=MECHANICAL_DESIGN_GEOMETRIC_PRESENTATION_REPRESENTATION (  '', ( #4828 ), #2855 );
#2785=EDGE_LOOP ( 'NONE', ( #395, #3337, #4394, #3484 ) );
#2786=LINE ( 'NONE', #809, #89 );
#2787=STYLED_ITEM ( 'NONE', ( #36 ), #4013 );
#2788=ADVANCED_FACE ( 'NONE', ( #1550 ), #4412, .T. );
#2789=VERTEX_POINT ( 'NONE', #2065 );
#2790=CARTESIAN_POINT ( 'NONE',  ( -4.039838882049960667, 2.829641054722471960, 0.2940437847197681087 ) );
#2791=PLANE ( 'NONE',  #2007 );
#2792=EDGE_LOOP ( 'NONE', ( #3279, #1100, #2658, #4512 ) );
#2793=ORIENTED_EDGE ( 'NONE', *, *, #3066, .F. );
#2794=STYLED_ITEM ( 'NONE', ( #36 ), #149 );
#2795=DIRECTION ( 'NONE',  ( 0.7071068120951659042, -0.7071067502779279090, 0.000000000000000000 ) );
#2796=MECHANICAL_DESIGN_GEOMETRIC_PRESENTATION_REPRESENTATION (  '', ( #1395 ), #109 );
#2797=ORIENTED_EDGE ( 'NONE', *, *, #3037, .F. );
#2798=VERTEX_POINT ( 'NONE', #1071 );
#2799=VERTEX_POINT ( 'NONE', #2413 );
#2800=LINE ( 'NONE', #145, #161 );
#2801=DIRECTION ( 'NONE',  ( 4.368476009645610849E-08, -0.9993908270190947629, -0.03489949670250334923 ) );
#2802=STYLED_ITEM ( 'NONE', ( #36 ), #392 );
#2803=EDGE_CURVE ( 'NONE', #4225, #389, #1279, .T. );
#2804=CARTESIAN_POINT ( 'NONE',  ( -1.137975069046811116, 2.512244595516172296, 5.426199999999999690 ) );
#2805=CARTESIAN_POINT ( 'NONE',  ( 4.249893123115401572, -2.669887203328598524, 0.000000000000000000 ) );
#2806=VERTEX_POINT ( 'NONE', #2228 );
#2807=STYLED_ITEM ( 'NONE', ( #165 ), #4570 );
#2808=ORIENTED_EDGE ( 'NONE', *, *, #3278, .T. );
#2809=EDGE_CURVE ( 'NONE', #4036, #2110, #499, .T. );
#2810=CARTESIAN_POINT ( 'NONE',  ( -0.9258430385316777089, 2.600112570432793646, 5.299999999999999822 ) );
#2811=VERTEX_POINT ( 'NONE', #50 );
#2812=VERTEX_POINT ( 'NONE', #82 );
#2813=LINE ( 'NONE', #111, #142 );
#2814=CARTESIAN_POINT ( 'NONE',  ( -2.500107032778922989, 0.8965591110262536301, 5.299999999999999822 ) );
#2815=( GEOMETRIC_REPRESENTATION_CONTEXT ( 3 ) GLOBAL_UNCERTAINTY_ASSIGNED_CONTEXT ( ( #52 ) ) GLOBAL_UNIT_ASSIGNED_CONTEXT ( ( #20, #170, #26 ) ) REPRESENTATION_CONTEXT ( 'NONE', 'WORKASPACE' ) );
#2816=CARTESIAN_POINT ( 'NONE',  ( -3.161496271543652536, -2.874546727226717557, 5.249999999999999112 ) );
#2817=STYLED_ITEM ( 'NONE', ( #36 ), #2771 );
#2818=DIRECTION ( 'NONE',  ( 0.03487826121778289656, 0.03487826426693745041, -0.9987827659587191764 ) );
#2819=DIRECTION ( 'NONE',  ( 0.7071067502779280201, 0.7071068120951657932, 0.000000000000000000 ) );
#2820=ORIENTED_EDGE ( 'NONE', *, *, #16, .T. );
#2821=CARTESIAN_POINT ( 'NONE',  ( 4.029726445849148853, 3.439396089797616352, 0.1499999999999999944 ) );
#2822=ORIENTED_EDGE ( 'NONE', *, *, #4525, .F. );
#2823=PLANE ( 'NONE',  #1167 );
#2824=CARTESIAN_POINT ( 'NONE',  ( 2.249893115684469258, -2.499887290751374280, 5.250000000000000000 ) );
#2825=EDGE_LOOP ( 'NONE', ( #4568, #1335, #2479, #3600 ) );
#2826=ORIENTED_EDGE ( 'NONE', *, *, #3615, .T. );
#2827=CARTESIAN_POINT ( 'NONE',  ( -3.751566940405563599, -3.505670525535669491, 0.2926012031700143123 ) );
#2828=CARTESIAN_POINT ( 'NONE',  ( 4.039599406118874469, 4.050112787479177356, 0.2947650754950000285 ) );
#2829=( GEOMETRIC_REPRESENTATION_CONTEXT ( 3 ) GLOBAL_UNCERTAINTY_ASSIGNED_CONTEXT ( ( #52 ) ) GLOBAL_UNIT_ASSIGNED_CONTEXT ( ( #20, #170, #26 ) ) REPRESENTATION_CONTEXT ( 'NONE', 'WORKASPACE' ) );
#2830=VERTEX_POINT ( 'NONE', #1600 );
#2831=STYLED_ITEM ( 'NONE', ( #165 ), #4719 );
#2832=AXIS2_PLACEMENT_3D ( 'NONE', #4162, #175, #150 );
#2833=CARTESIAN_POINT ( 'NONE',  ( 4.749985599140999604, -2.900008659413999990, -0.7999989200000000578 ) );
#2834=ORIENTED_EDGE ( 'NONE', *, *, #4510, .T. );
#2835=EDGE_CURVE ( 'NONE', #979, #1725, #3079, .T. );
#2836=ORIENTED_EDGE ( 'NONE', *, *, #2237, .T. );
#2837=CARTESIAN_POINT ( 'NONE',  ( -4.039813747369117358, 4.050112434316813115, 0.2947650754950000285 ) );
#2838=ADVANCED_FACE ( 'NONE', ( #4173 ), #436, .T. );
#2839=ORIENTED_EDGE ( 'NONE', *, *, #4221, .T. );
#2840=STYLED_ITEM ( 'NONE', ( #165 ), #3496 );
#2841=EDGE_CURVE ( 'NONE', #334, #2716, #468, .T. );
#2842=AXIS2_PLACEMENT_3D ( 'NONE', #791, #28, #10 );
#2843=EDGE_CURVE ( 'NONE', #3126, #1056, #84, .T. );
#2844=DIRECTION ( 'NONE',  ( 0.9999999999999991118, 4.371138778583661120E-08, 0.000000000000000000 ) );
#2845=ORIENTED_EDGE ( 'NONE', *, *, #2683, .T. );
#2846=AXIS2_PLACEMENT_3D ( 'NONE', #591, #114, #8 );
#2847=STYLED_ITEM ( 'NONE', ( #165 ), #1397 );
#2848=ORIENTED_EDGE ( 'NONE', *, *, #2245, .F. );
#2849=EDGE_LOOP ( 'NONE', ( #3602, #304, #4328, #1955 ) );
#2850=EDGE_CURVE ( 'NONE', #2955, #3181, #3715, .T. );
#2851=VERTEX_POINT ( 'NONE', #883 );
#2852=LINE ( 'NONE', #1565, #89 );
#2853=CARTESIAN_POINT ( 'NONE',  ( -0.8965537122791953362, 2.500112571713070775, 5.250000000000000000 ) );
#2854=EDGE_LOOP ( 'NONE', ( #2745, #4423, #401, #3439 ) );
#2855=( GEOMETRIC_REPRESENTATION_CONTEXT ( 3 ) GLOBAL_UNCERTAINTY_ASSIGNED_CONTEXT ( ( #52 ) ) GLOBAL_UNIT_ASSIGNED_CONTEXT ( ( #20, #170, #26 ) ) REPRESENTATION_CONTEXT ( 'NONE', 'WORKASPACE' ) );
#2856=CARTESIAN_POINT ( 'NONE',  ( -3.738636470705958281, -3.215526425151315593, 4.632061452936999224 ) );
#2857=VERTEX_POINT ( 'NONE', #3328 );
#2858=EDGE_CURVE ( 'NONE', #3446, #3232, #593, .T. );
#2859=( GEOMETRIC_REPRESENTATION_CONTEXT ( 3 ) GLOBAL_UNCERTAINTY_ASSIGNED_CONTEXT ( ( #52 ) ) GLOBAL_UNIT_ASSIGNED_CONTEXT ( ( #20, #170, #26 ) ) REPRESENTATION_CONTEXT ( 'NONE', 'WORKASPACE' ) );
#2860=LINE ( 'NONE', #44, #161 );
#2861=EDGE_CURVE ( 'NONE', #3605, #3193, #35, .T. );
#2862=LINE ( 'NONE', #1402, #42 );
#2863=PRESENTATION_LAYER_ASSIGNMENT (  '', '', ( #4833 ) );
#2864=FACE_BOUND ( 'NONE', #117, .T. );
#2865=ORIENTED_EDGE ( 'NONE', *, *, #4482, .T. );
#2866=EDGE_CURVE ( 'NONE', #2671, #2095, #1785, .T. );
#2867=CARTESIAN_POINT ( 'NONE',  ( -5.050000190735000061, -5.050000190735000061, 0.000000000000000000 ) );
#2868=LINE ( 'NONE', #1192, #89 );
#2869=ORIENTED_EDGE ( 'NONE', *, *, #4378, .T. );
#2870=VERTEX_POINT ( 'NONE', #668 );
#2871=EDGE_CURVE ( 'NONE', #4067, #2050, #1021, .T. );
#2872=FACE_OUTER_BOUND ( 'NONE', #3778, .T. );
#2873=PRESENTATION_LAYER_ASSIGNMENT (  '', '', ( #4849 ) );
#2874=CARTESIAN_POINT ( 'NONE',  ( -2.484535344755334219, 3.866778462468190014, 5.250000000000000000 ) );
#2875=CARTESIAN_POINT ( 'NONE',  ( -2.500107032778922989, 0.8965591110262536301, 5.250000000000000000 ) );
#2876=VERTEX_POINT ( 'NONE', #3053 );
#2877=LINE ( 'NONE', #2833, #89 );
#2878=PRESENTATION_LAYER_ASSIGNMENT (  '', '', ( #1722 ) );
#2879=ORIENTED_EDGE ( 'NONE', *, *, #4445, .F. );
#2880=( BOUNDED_CURVE ( )  B_SPLINE_CURVE ( 3, ( #435, #529, #4170, #548 ),.UNSPECIFIED., .F., .T. )B_SPLINE_CURVE_WITH_KNOTS ( ( 4, 4 ),( 0.000000000000000000, 0.7847891758120000283 ),.UNSPECIFIED. )CURVE ( )  GEOMETRIC_REPRESENTATION_ITEM ( )  RATIONAL_B_SPLINE_CURVE ( ( 1.000000000000000000, 0.9493306762729999404, 0.9493306762729999404, 1.000000000000000000 ) )REPRESENTATION_ITEM ( '' )  );
#2881=ORIENTED_EDGE ( 'NONE', *, *, #1030, .F. );
#2882=B_SPLINE_CURVE_WITH_KNOTS ( 'NONE', 3,( #1204, #83, #590, #3892, #2131, #151 ),.UNSPECIFIED., .F., .F.,( 4, 2, 4 ),( 0.000000000000000000, 0.5000000000000000000, 1.000000000000000000 ),.UNSPECIFIED. );
#2883=CARTESIAN_POINT ( 'NONE',  ( 2.250025776719000170, -2.249994740625000045, -0.7999989200000000578 ) );
#2884=VERTEX_POINT ( 'NONE', #91 );
#2885=ORIENTED_EDGE ( 'NONE', *, *, #1945, .F. );
#2886=EDGE_CURVE ( 'NONE', #4668, #1802, #3426, .T. );
#2887=EDGE_CURVE ( 'NONE', #4501, #1607, #2463, .T. );
#2888=VERTEX_POINT ( 'NONE', #1066 );
#2889=AXIS2_PLACEMENT_3D ( 'NONE', #827, #150, #231 );
#2890=CARTESIAN_POINT ( 'NONE',  ( 4.049892829374873493, 4.050112787929116998, 0.000000000000000000 ) );
#2891=EDGE_CURVE ( 'NONE', #1527, #3111, #1426, .T. );
#2892=STYLED_ITEM ( 'NONE', ( #165 ), #2775 );
#2893=ORIENTED_EDGE ( 'NONE', *, *, #1644, .F. );
#2894=EDGE_CURVE ( 'NONE', #385, #4262, #3191, .T. );
#2895=VERTEX_POINT ( 'NONE', #3245 );
#2896=AXIS2_PLACEMENT_3D ( 'NONE', #3937, #271, #1233 );
#2897=DIRECTION ( 'NONE',  ( 0.9993908270190947629, 4.368476020347257377E-08, -0.03489949670250334923 ) );
#2898=ORIENTED_EDGE ( 'NONE', *, *, #3146, .F. );
#2899=CARTESIAN_POINT ( 'NONE',  ( -4.749985963281000423, 1.650004999374999892, -0.7999989200000000578 ) );
#2900=EDGE_LOOP ( 'NONE', ( #1405, #4092, #3459, #1867 ) );
#2901=STYLED_ITEM ( 'NONE', ( #36 ), #4814 );
#2902=LINE ( 'NONE', #1825, #788 );
#2903=MECHANICAL_DESIGN_GEOMETRIC_PRESENTATION_REPRESENTATION (  '', ( #2526 ), #4228 );
#2904=EDGE_CURVE ( 'NONE', #2967, #4049, #680, .T. );
#2905=LINE ( 'NONE', #668, #43 );
#2906=( GEOMETRIC_REPRESENTATION_CONTEXT ( 3 ) GLOBAL_UNCERTAINTY_ASSIGNED_CONTEXT ( ( #52 ) ) GLOBAL_UNIT_ASSIGNED_CONTEXT ( ( #20, #170, #26 ) ) REPRESENTATION_CONTEXT ( 'NONE', 'WORKASPACE' ) );
#2907=CARTESIAN_POINT ( 'NONE',  ( -1.050107107243606341, 2.600112565001039044, 5.426199999999999690 ) );
#2908=CARTESIAN_POINT ( 'NONE',  ( 2.299893106942191956, -2.299887288565807264, 5.299999999999999822 ) );
#2909=( GEOMETRIC_REPRESENTATION_CONTEXT ( 3 ) GLOBAL_UNCERTAINTY_ASSIGNED_CONTEXT ( ( #52 ) ) GLOBAL_UNIT_ASSIGNED_CONTEXT ( ( #20, #170, #26 ) ) REPRESENTATION_CONTEXT ( 'NONE', 'WORKASPACE' ) );
#2910=CARTESIAN_POINT ( 'NONE',  ( -2.500107032778922989, 0.8965591110262536301, 5.326200000000000045 ) );
#2911=VERTEX_POINT ( 'NONE', #31 );
#2912=ORIENTED_EDGE ( 'NONE', *, *, #2592, .F. );
#2913=ORIENTED_EDGE ( 'NONE', *, *, #1611, .T. );
#2914=PRESENTATION_LAYER_ASSIGNMENT (  '', '', ( #4091 ) );
#2915=ORIENTED_EDGE ( 'NONE', *, *, #2585, .T. );
#2916=CARTESIAN_POINT ( 'NONE',  ( -3.356164437938562450, -3.854829520432815571, 0.2928602498807805210 ) );
#2917=VERTEX_POINT ( 'NONE', #2776 );
#2918=VERTEX_POINT ( 'NONE', #480 );
#2919=FACE_OUTER_BOUND ( 'NONE', #2070, .T. );
#2920=AXIS2_PLACEMENT_3D ( 'NONE', #1391, #457, #2963 );
#2921=EDGE_CURVE ( 'NONE', #2532, #1546, #2862, .T. );
#2922=CARTESIAN_POINT ( 'NONE',  ( 2.924997959999999786, -2.924997959999999786, 0.000000000000000000 ) );
#2923=EDGE_CURVE ( 'NONE', #1289, #4659, #3895, .T. );
#2924=CARTESIAN_POINT ( 'NONE',  ( 3.044920188601100808, 4.189727944770368140, 0.1499999999999999944 ) );
#2925=ORIENTED_EDGE ( 'NONE', *, *, #2652, .F. );
#2926=VERTEX_POINT ( 'NONE', #3389 );
#2927=STYLED_ITEM ( 'NONE', ( #36 ), #3824 );
#2928=EDGE_CURVE ( 'NONE', #898, #4045, #3223, .T. );
#2929=DIRECTION ( 'NONE',  ( 0.7071068120951657932, -0.7071067502779280201, 9.358480530972694658E-24 ) );
#2930=PLANE ( 'NONE',  #3817 );
#2931=CARTESIAN_POINT ( 'NONE',  ( -4.749985963281000423, -2.100010259414000213, -0.8189997673030000591 ) );
#2932=ORIENTED_EDGE ( 'NONE', *, *, #412, .F. );
#2933=ORIENTED_EDGE ( 'NONE', *, *, #2204, .F. );
#2934=FACE_BOUND ( 'NONE', #3713, .T. );
#2935=ORIENTED_EDGE ( 'NONE', *, *, #3226, .F. );
#2936=PRESENTATION_LAYER_ASSIGNMENT (  '', '', ( #1228 ) );
#2937=PLANE ( 'NONE',  #1956 );
#2938=( GEOMETRIC_REPRESENTATION_CONTEXT ( 3 ) GLOBAL_UNCERTAINTY_ASSIGNED_CONTEXT ( ( #52 ) ) GLOBAL_UNIT_ASSIGNED_CONTEXT ( ( #20, #170, #26 ) ) REPRESENTATION_CONTEXT ( 'NONE', 'WORKASPACE' ) );
#2939=ORIENTED_EDGE ( 'NONE', *, *, #1015, .T. );
#2940=STYLED_ITEM ( 'NONE', ( #256 ), #4310 );
#2941=CARTESIAN_POINT ( 'NONE',  ( -4.024023673378518851, -3.445087627104985728, 0.1499999999999999944 ) );
#2942=PRESENTATION_LAYER_ASSIGNMENT (  '', '', ( #106 ) );
#2943=ORIENTED_EDGE ( 'NONE', *, *, #4211, .F. );
#2944=PRODUCT_RELATED_PRODUCT_CATEGORY ( 'part', '', ( #1970 ) );
#2945=ADVANCED_FACE ( 'NONE', ( #4245 ), #997, .T. );
#2946=( GEOMETRIC_REPRESENTATION_CONTEXT ( 3 ) GLOBAL_UNCERTAINTY_ASSIGNED_CONTEXT ( ( #52 ) ) GLOBAL_UNIT_ASSIGNED_CONTEXT ( ( #20, #170, #26 ) ) REPRESENTATION_CONTEXT ( 'NONE', 'WORKASPACE' ) );
#2947=EDGE_CURVE ( 'NONE', #4659, #4376, #1858, .T. );
#2948=EDGE_CURVE ( 'NONE', #4073, #1938, #1041, .T. );
#2949=FACE_OUTER_BOUND ( 'NONE', #2591, .T. );
#2950=LINE ( 'NONE', #349, #43 );
#2951=ORIENTED_EDGE ( 'NONE', *, *, #1813, .T. );
#2952=ORIENTED_EDGE ( 'NONE', *, *, #1202, .F. );
#2953=ORIENTED_EDGE ( 'NONE', *, *, #3418, .F. );
#2954=STYLED_ITEM ( 'NONE', ( #36 ), #2345 );
#2955=VERTEX_POINT ( 'NONE', #4675 );
#2956=LINE ( 'NONE', #247, #522 );
#2957=EDGE_LOOP ( 'NONE', ( #2620, #3697, #3402, #3453 ) );
#2958=LINE ( 'NONE', #4119, #42 );
#2959=PLANE ( 'NONE',  #1334 );
#2960=AXIS2_PLACEMENT_3D ( 'NONE', #782, #8, #28 );
#2961=AXIS2_PLACEMENT_3D ( 'NONE', #349, #28, #10 );
#2962=PLANE ( 'NONE',  #1353 );
#2963=DIRECTION ( 'NONE',  ( -1.445602896647339508E-15, -1.000000000000000000, 0.000000000000000000 ) );
#2964=VERTEX_POINT ( 'NONE', #1186 );
#2965=CARTESIAN_POINT ( 'NONE',  ( -0.2499742232810000520, 0.2500052593749999552, -0.7999989200000000578 ) );
#2966=AXIS2_PLACEMENT_3D ( 'NONE', #3731, #303, #1896 );
#2967=VERTEX_POINT ( 'NONE', #2931 );
#2968=( GEOMETRIC_REPRESENTATION_CONTEXT ( 3 ) GLOBAL_UNCERTAINTY_ASSIGNED_CONTEXT ( ( #52 ) ) GLOBAL_UNIT_ASSIGNED_CONTEXT ( ( #20, #170, #26 ) ) REPRESENTATION_CONTEXT ( 'NONE', 'WORKASPACE' ) );
#2969=VERTEX_POINT ( 'NONE', #1161 );
#2970=LINE ( 'NONE', #409, #42 );
#2971=FACE_OUTER_BOUND ( 'NONE', #3924, .T. );
#2972=EDGE_CURVE ( 'NONE', #1709, #3193, #3302, .T. );
#2973=PLANE ( 'NONE',  #2961 );
#2974=AXIS2_PLACEMENT_3D ( 'NONE', #1825, #2445, #4419 );
#2975=( BOUNDED_CURVE ( )  B_SPLINE_CURVE ( 3, ( #350, #981, #1291, #1492 ),.UNSPECIFIED., .F., .T. )B_SPLINE_CURVE_WITH_KNOTS ( ( 4, 4 ),( 7.180146837651998959E-17, 0.7847891758120000283 ),.UNSPECIFIED. )CURVE ( )  GEOMETRIC_REPRESENTATION_ITEM ( )  RATIONAL_B_SPLINE_CURVE ( ( 1.000000000000000000, 0.9493306762729999404, 0.9493306762729999404, 1.000000000000000000 ) )REPRESENTATION_ITEM ( '' )  );
#2976=EDGE_CURVE ( 'NONE', #3703, #704, #4086, .T. );
#2977=ORIENTED_EDGE ( 'NONE', *, *, #2035, .F. );
#2978=EDGE_CURVE ( 'NONE', #1055, #1081, #1473, .T. );
#2979=VERTEX_POINT ( 'NONE', #1090 );
#2980=CARTESIAN_POINT ( 'NONE',  ( -3.204660737504631651, -3.703325806745141779, 4.631358778608586135 ) );
#2981=PRESENTATION_LAYER_ASSIGNMENT (  '', '', ( #4803 ) );
#2982=ORIENTED_EDGE ( 'NONE', *, *, #4497, .F. );
#2983=ORIENTED_EDGE ( 'NONE', *, *, #994, .F. );
#2984=AXIS2_PLACEMENT_3D ( 'NONE', #1128, #8, #754 );
#2985=STYLED_ITEM ( 'NONE', ( #165 ), #3382 );
#2986=MECHANICAL_DESIGN_GEOMETRIC_PRESENTATION_REPRESENTATION (  '', ( #3215 ), #808 );
#2987=VERTEX_POINT ( 'NONE', #666 );
#2988=MECHANICAL_DESIGN_GEOMETRIC_PRESENTATION_REPRESENTATION (  '', ( #2755 ), #2604 );
#2989=VECTOR ( 'NONE', #396, 1000.000000000000114 );
#2990=PRESENTATION_LAYER_ASSIGNMENT (  '', '', ( #1676 ) );
#2991=ADVANCED_FACE ( 'NONE', ( #4725 ), #2299, .T. );
#2992=ORIENTED_EDGE ( 'NONE', *, *, #1579, .F. );
#2993=ORIENTED_EDGE ( 'NONE', *, *, #2455, .T. );
#2994=VECTOR ( 'NONE', #2818, 1000.000000000000227 );
#2995=CARTESIAN_POINT ( 'NONE',  ( 3.847713727912179138, -2.866439621011034777, 4.628236799001939517 ) );
#2996=FACE_OUTER_BOUND ( 'NONE', #286, .T. );
#2997=CARTESIAN_POINT ( 'NONE',  ( -3.239075358735801657, 2.484540651462199268, 5.250000000000000000 ) );
#2998=PRESENTATION_LAYER_ASSIGNMENT (  '', '', ( #2466 ) );
#2999=DIRECTION ( 'NONE',  ( 0.03487826426693743653, -0.03487826121779968175, -0.9987827659587187323 ) );
#3000=ORIENTED_EDGE ( 'NONE', *, *, #678, .F. );
#3001=AXIS2_PLACEMENT_3D ( 'NONE', #2210, #75, #28 );
#3002=PLANE ( 'NONE',  #4721 );
#3003=ORIENTED_EDGE ( 'NONE', *, *, #2858, .T. );
#3004=ORIENTED_EDGE ( 'NONE', *, *, #3553, .T. );
#3005=ADVANCED_FACE ( 'NONE', ( #3384 ), #1916, .T. );
#3006=EDGE_CURVE ( 'NONE', #2798, #3977, #1300, .T. );
#3007=EDGE_CURVE ( 'NONE', #3498, #2806, #1569, .T. );
#3008=LINE ( 'NONE', #3362, #142 );
#3009=PLANE ( 'NONE',  #24 );
#3010=ORIENTED_EDGE ( 'NONE', *, *, #206, .T. );
#3011=( GEOMETRIC_REPRESENTATION_CONTEXT ( 3 ) GLOBAL_UNCERTAINTY_ASSIGNED_CONTEXT ( ( #52 ) ) GLOBAL_UNIT_ASSIGNED_CONTEXT ( ( #20, #170, #26 ) ) REPRESENTATION_CONTEXT ( 'NONE', 'WORKASPACE' ) );
#3012=ORIENTED_EDGE ( 'NONE', *, *, #2112, .F. );
#3013=EDGE_CURVE ( 'NONE', #1387, #2535, #1672, .T. );
#3014=CARTESIAN_POINT ( 'NONE',  ( -2.512239077687748345, 1.137980466733255147, 5.299999999999999822 ) );
#3015=LINE ( 'NONE', #4400, #4375 );
#3016=CARTESIAN_POINT ( 'NONE',  ( 3.024997760000000202, -2.924997959999999786, -0.7939989199999999414 ) );
#3017=ORIENTED_EDGE ( 'NONE', *, *, #2861, .T. );
#3018=EDGE_LOOP ( 'NONE', ( #3745, #2865, #2606, #2248 ) );
#3019=STYLED_ITEM ( 'NONE', ( #165 ), #4121 );
#3020=ADVANCED_FACE ( 'NONE', ( #3767 ), #1446, .F. );
#3021=ORIENTED_EDGE ( 'NONE', *, *, #528, .F. );
#3022=ORIENTED_EDGE ( 'NONE', *, *, #176, .F. );
#3023=PLANE ( 'NONE',  #2075 );
#3024=ADVANCED_FACE ( 'NONE', ( #3789 ), #911, .T. );
#3025=LINE ( 'NONE', #1090, #636 );
#3026=CARTESIAN_POINT ( 'NONE',  ( -2.670106876884591696, -2.669887505811403106, 0.1499999999999999944 ) );
#3027=AXIS2_PLACEMENT_3D ( 'NONE', #2530, #1583, #4265 );
#3028=FACE_OUTER_BOUND ( 'NONE', #3211, .T. );
#3029=CARTESIAN_POINT ( 'NONE',  ( -2.678366825242131988, -3.888350652153584441, 4.625810266214909205 ) );
#3030=EDGE_LOOP ( 'NONE', ( #3101, #545, #2845, #390 ) );
#3031=STYLED_ITEM ( 'NONE', ( #36 ), #378 );
#3032=DIRECTION ( 'NONE',  ( -0.7071067502779277980, -0.7071068120951660152, 0.000000000000000000 ) );
#3033=EDGE_LOOP ( 'NONE', ( #1036, #1294, #4258, #1803 ) );
#3034=EDGE_CURVE ( 'NONE', #1793, #851, #493, .T. );
#3035=EDGE_CURVE ( 'NONE', #2702, #3192, #336, .T. );
#3036=LINE ( 'NONE', #712, #89 );
#3037=EDGE_CURVE ( 'NONE', #1387, #817, #3260, .T. );
#3038=ORIENTED_EDGE ( 'NONE', *, *, #566, .T. );
#3039=VERTEX_POINT ( 'NONE', #2178 );
#3040=ADVANCED_FACE ( 'NONE', ( #77 ), #2527, .T. );
#3041=AXIS2_PLACEMENT_3D ( 'NONE', #1332, #457, #651 );
#3042=CARTESIAN_POINT ( 'NONE',  ( -0.0001068843155293749958, -2.499887389101997481, 5.326200000000000045 ) );
#3043=AXIS2_PLACEMENT_3D ( 'NONE', #1438, #8, #121 );
#3044=ORIENTED_EDGE ( 'NONE', *, *, #1145, .F. );
#3045=CARTESIAN_POINT ( 'NONE',  ( -3.455612500228934625, 3.455617815443064345, 5.250000000000000000 ) );
#3046=LINE ( 'NONE', #1084, #89 );
#3047=EDGE_LOOP ( 'NONE', ( #2171, #1345, #3012, #2523 ) );
#3048=LINE ( 'NONE', #191, #428 );
#3049=PRESENTATION_LAYER_ASSIGNMENT (  '', '', ( #1821 ) );
#3050=EDGE_CURVE ( 'NONE', #2415, #3225, #3185, .T. );
#3051=PRESENTATION_LAYER_ASSIGNMENT (  '', '', ( #4565 ) );
#3052=ORIENTED_EDGE ( 'NONE', *, *, #2720, .T. );
#3053=CARTESIAN_POINT ( 'NONE',  ( -4.749985963281000423, 0.4000049993750000032, -0.7999989200000000578 ) );
#3054=( GEOMETRIC_REPRESENTATION_CONTEXT ( 3 ) GLOBAL_UNCERTAINTY_ASSIGNED_CONTEXT ( ( #52 ) ) GLOBAL_UNIT_ASSIGNED_CONTEXT ( ( #20, #170, #26 ) ) REPRESENTATION_CONTEXT ( 'NONE', 'WORKASPACE' ) );
#3055=CYLINDRICAL_SURFACE ( 'NONE', #4141, 0.3000000000000002109 );
#3056=ORIENTED_EDGE ( 'NONE', *, *, #3418, .T. );
#3057=AXIS2_PLACEMENT_3D ( 'NONE', #3906, #231, #651 );
#3058=CARTESIAN_POINT ( 'NONE',  ( 2.099985359140999819, 4.750006839375000567, -0.7999989200000000578 ) );
#3059=LINE ( 'NONE', #1142, #43 );
#3060=ORIENTED_EDGE ( 'NONE', *, *, #4402, .F. );
#3061=EDGE_LOOP ( 'NONE', ( #4200, #3329, #4489, #3617 ) );
#3062=LINE ( 'NONE', #2033, #189 );
#3063=EDGE_CURVE ( 'NONE', #4067, #1860, #1778, .T. );
#3064=EDGE_LOOP ( 'NONE', ( #2353, #3768, #1628, #2992 ) );
#3065=STYLED_ITEM ( 'NONE', ( #36 ), #3609 );
#3066=EDGE_CURVE ( 'NONE', #2752, #76, #1699, .T. );
#3067=CARTESIAN_POINT ( 'NONE',  ( 4.045979432519315466, 3.005432155862055588, 0.1499999999999999944 ) );
#3068=ORIENTED_EDGE ( 'NONE', *, *, #639, .T. );
#3069=CIRCLE ( 'NONE', #4508, 1.579999999999999627 );
#3070=ADVANCED_FACE ( 'NONE', ( #4261 ), #108, .T. );
#3071=CARTESIAN_POINT ( 'NONE',  ( 4.039599467945902411, 2.635675252262179136, 0.2947650754950000285 ) );
#3072=CYLINDRICAL_SURFACE ( 'NONE', #4713, 0.1500000000000001055 );
#3073=VERTEX_POINT ( 'NONE', #635 );
#3074=CARTESIAN_POINT ( 'NONE',  ( 2.635455288055101430, 4.189727926899088573, 0.2999999999999999889 ) );
#3075=STYLED_ITEM ( 'NONE', ( #165 ), #1760 );
#3076=EDGE_CURVE ( 'NONE', #4326, #2812, #4279, .T. );
#3077=( GEOMETRIC_REPRESENTATION_CONTEXT ( 3 ) GLOBAL_UNCERTAINTY_ASSIGNED_CONTEXT ( ( #52 ) ) GLOBAL_UNIT_ASSIGNED_CONTEXT ( ( #20, #170, #26 ) ) REPRESENTATION_CONTEXT ( 'NONE', 'WORKASPACE' ) );
#3078=FACE_OUTER_BOUND ( 'NONE', #4448, .T. );
#3079=LINE ( 'NONE', #1333, #161 );
#3080=ORIENTED_EDGE ( 'NONE', *, *, #4727, .F. );
#3081=VERTEX_POINT ( 'NONE', #1235 );
#3082=PLANE ( 'NONE',  #1713 );
#3083=ORIENTED_EDGE ( 'NONE', *, *, #1993, .T. );
#3084=LINE ( 'NONE', #1659, #232 );
#3085=VERTEX_POINT ( 'NONE', #558 );
#3086=ORIENTED_EDGE ( 'NONE', *, *, #4180, .T. );
#3087=CARTESIAN_POINT ( 'NONE',  ( -2.866659561889913554, 3.847933081802753286, 4.628236799001958168 ) );
#3088=MECHANICAL_DESIGN_GEOMETRIC_PRESENTATION_REPRESENTATION (  '', ( #2107 ), #2859 );
#3089=PRESENTATION_LAYER_ASSIGNMENT (  '', '', ( #1078 ) );
#3090=VERTEX_POINT ( 'NONE', #145 );
#3091=PRESENTATION_LAYER_ASSIGNMENT (  '', '', ( #575 ) );
#3092=EDGE_CURVE ( 'NONE', #1218, #2020, #1752, .T. );
#3093=ADVANCED_FACE ( 'NONE', ( #1355 ), #3216, .F. );
#3094=CARTESIAN_POINT ( 'NONE',  ( -0.9258430254182614672, 2.300112570432793824, 5.479999999999999538 ) );
#3095=VERTEX_POINT ( 'NONE', #983 );
#3096=ADVANCED_FACE ( 'NONE', ( #617 ), #3593, .F. );
#3097=ORIENTED_EDGE ( 'NONE', *, *, #1253, .T. );
#3098=LINE ( 'NONE', #589, #428 );
#3099=ORIENTED_EDGE ( 'NONE', *, *, #4627, .T. );
#3100=ORIENTED_EDGE ( 'NONE', *, *, #2654, .F. );
#3101=ORIENTED_EDGE ( 'NONE', *, *, #3774, .F. );
#3102=PLANE ( 'NONE',  #4639 );
#3103=FACE_OUTER_BOUND ( 'NONE', #565, .T. );
#3104=ORIENTED_EDGE ( 'NONE', *, *, #1322, .T. );
#3105=ORIENTED_EDGE ( 'NONE', *, *, #2608, .F. );
#3106=CARTESIAN_POINT ( 'NONE',  ( -1.050107107243606341, 2.600112565001039044, 5.479999999999999538 ) );
#3107=( GEOMETRIC_REPRESENTATION_CONTEXT ( 3 ) GLOBAL_UNCERTAINTY_ASSIGNED_CONTEXT ( ( #52 ) ) GLOBAL_UNIT_ASSIGNED_CONTEXT ( ( #20, #170, #26 ) ) REPRESENTATION_CONTEXT ( 'NONE', 'WORKASPACE' ) );
#3108=LINE ( 'NONE', #2056, #161 );
#3109=EDGE_LOOP ( 'NONE', ( #2656, #4062, #805, #894 ) );
#3110=CARTESIAN_POINT ( 'NONE',  ( 3.053291625518103292, 4.189727945163300049, 0.1499999999999999944 ) );
#3111=VERTEX_POINT ( 'NONE', #1854 );
#3112=EDGE_LOOP ( 'NONE', ( #1808, #168, #1647, #1314 ) );
#3113=PRESENTATION_LAYER_ASSIGNMENT (  '', '', ( #323 ) );
#3114=AXIS2_PLACEMENT_3D ( 'NONE', #2129, #114, #8 );
#3115=FACE_OUTER_BOUND ( 'NONE', #3047, .T. );
#3116=EDGE_CURVE ( 'NONE', #2409, #4634, #4320, .T. );
#3117=VERTEX_POINT ( 'NONE', #1885 );
#3118=PLANE ( 'NONE',  #343 );
#3119=EDGE_CURVE ( 'NONE', #1077, #4524, #2611, .T. );
#3120=LINE ( 'NONE', #335, #43 );
#3121=ADVANCED_FACE ( 'NONE', ( #3346 ), #4002, .F. );
#3122=CARTESIAN_POINT ( 'NONE',  ( 4.749985599140999604, -2.100010259414000213, -0.7999989200000000578 ) );
#3123=EDGE_LOOP ( 'NONE', ( #2483, #3450, #862, #986 ) );
#3124=CARTESIAN_POINT ( 'NONE',  ( -2.829635790582916144, 4.039844251988706780, 0.2940437847197683308 ) );
#3125=( GEOMETRIC_REPRESENTATION_CONTEXT ( 3 ) GLOBAL_UNCERTAINTY_ASSIGNED_CONTEXT ( ( #52 ) ) GLOBAL_UNIT_ASSIGNED_CONTEXT ( ( #20, #170, #26 ) ) REPRESENTATION_CONTEXT ( 'NONE', 'WORKASPACE' ) );
#3126=VERTEX_POINT ( 'NONE', #1255 );
#3127=ORIENTED_EDGE ( 'NONE', *, *, #4372, .F. );
#3128=PRESENTATION_LAYER_ASSIGNMENT (  '', '', ( #1205 ) );
#3129=EDGE_CURVE ( 'NONE', #1818, #1081, #4669, .T. );
#3130=ORIENTED_EDGE ( 'NONE', *, *, #615, .F. );
#3131=ORIENTED_EDGE ( 'NONE', *, *, #1110, .T. );
#3132=ORIENTED_EDGE ( 'NONE', *, *, #2320, .T. );
#3133=PRESENTATION_LAYER_ASSIGNMENT (  '', '', ( #3065 ) );
#3134=LINE ( 'NONE', #936, #89 );
#3135=B_SPLINE_CURVE_WITH_KNOTS ( 'NONE', 3,( #1728, #3124, #3942, #2166, #4499, #538 ),.UNSPECIFIED., .F., .F.,( 4, 2, 4 ),( 0.000000000000000000, 0.4999999999999997780, 1.000000000000000000 ),.UNSPECIFIED. );
#3136=VERTEX_POINT ( 'NONE', #591 );
#3137=STYLED_ITEM ( 'NONE', ( #36 ), #87 );
#3138=AXIS2_PLACEMENT_3D ( 'NONE', #2194, #279, #231 );
#3139=PLANE ( 'NONE',  #1539 );
#3140=FACE_OUTER_BOUND ( 'NONE', #4598, .T. );
#3141=PRODUCT_DEFINITION ( 'UNKNOWN', '', #4149, #1460 );
#3142=CARTESIAN_POINT ( 'NONE',  ( -0.0001071351737978346410, 3.239080867441997302, 4.599999999999999645 ) );
#3143=ORIENTED_EDGE ( 'NONE', *, *, #1782, .F. );
#3144=PLANE ( 'NONE',  #1731 );
#3145=ADVANCED_FACE ( 'NONE', ( #2971 ), #3023, .T. );
#3146=EDGE_CURVE ( 'NONE', #3090, #3939, #1448, .T. );
#3147=STYLED_ITEM ( 'NONE', ( #256 ), #3691 );
#3148=PLANE ( 'NONE',  #330 );
#3149=EDGE_CURVE ( 'NONE', #1642, #2066, #2670, .T. );
#3150=VERTEX_POINT ( 'NONE', #1717 );
#3151=( GEOMETRIC_REPRESENTATION_CONTEXT ( 3 ) GLOBAL_UNCERTAINTY_ASSIGNED_CONTEXT ( ( #52 ) ) GLOBAL_UNIT_ASSIGNED_CONTEXT ( ( #20, #170, #26 ) ) REPRESENTATION_CONTEXT ( 'NONE', 'WORKASPACE' ) );
#3152=LINE ( 'NONE', #3581, #4313 );
#3153=PLANE ( 'NONE',  #4618 );
#3154=( GEOMETRIC_REPRESENTATION_CONTEXT ( 3 ) GLOBAL_UNCERTAINTY_ASSIGNED_CONTEXT ( ( #52 ) ) GLOBAL_UNIT_ASSIGNED_CONTEXT ( ( #20, #170, #26 ) ) REPRESENTATION_CONTEXT ( 'NONE', 'WORKASPACE' ) );
#3155=CARTESIAN_POINT ( 'NONE',  ( -3.600029949163245035, 3.354358134895262467, 4.632061452930980039 ) );
#3156=ORIENTED_EDGE ( 'NONE', *, *, #358, .T. );
#3157=EDGE_CURVE ( 'NONE', #1948, #458, #4792, .T. );
#3158=AXIS2_PLACEMENT_3D ( 'NONE', #2907, #2929, #1824 );
#3159=ORIENTED_EDGE ( 'NONE', *, *, #3566, .T. );
#3160=ORIENTED_EDGE ( 'NONE', *, *, #2187, .F. );
#3161=PRESENTATION_LAYER_ASSIGNMENT (  '', '', ( #1622 ) );
#3162=STYLED_ITEM ( 'NONE', ( #36 ), #3994 );
#3163=ADVANCED_FACE ( 'NONE', ( #4189 ), #1561, .T. );
#3164=ORIENTED_EDGE ( 'NONE', *, *, #1645, .T. );
#3165=LINE ( 'NONE', #881, #43 );
#3166=LINE ( 'NONE', #174, #229 );
#3167=AXIS2_PLACEMENT_3D ( 'NONE', #1018, #1734, #231 );
#3168=ORIENTED_EDGE ( 'NONE', *, *, #1000, .F. );
#3169=AXIS2_PLACEMENT_3D ( 'NONE', #1309, #75, #28 );
#3170=LINE ( 'NONE', #1781, #229 );
#3171=ORIENTED_EDGE ( 'NONE', *, *, #2385, .F. );
#3172=EDGE_CURVE ( 'NONE', #2550, #4129, #3048, .T. );
#3173=VERTEX_POINT ( 'NONE', #1207 );
#3174=ADVANCED_FACE ( 'NONE', ( #1641 ), #2728, .T. );
#3175=ORIENTED_EDGE ( 'NONE', *, *, #2586, .T. );
#3176=EDGE_CURVE ( 'NONE', #2811, #2911, #4421, .T. );
#3177=DIRECTION ( 'NONE',  ( 0.03487826121778289656, 0.03487826426693745041, 0.9987827659587191764 ) );
#3178=CARTESIAN_POINT ( 'NONE',  ( 4.189508340278369047, -3.044914571297101080, 0.1499999999999999944 ) );
#3179=EDGE_CURVE ( 'NONE', #4115, #3998, #3711, .T. );
#3180=EDGE_LOOP ( 'NONE', ( #4068, #4349, #2953, #1693 ) );
#3181=VERTEX_POINT ( 'NONE', #1704 );
#3182=( BOUNDED_CURVE ( )  B_SPLINE_CURVE ( 3, ( #31, #2821, #4199, #2013 ),.UNSPECIFIED., .F., .T. )B_SPLINE_CURVE_WITH_KNOTS ( ( 4, 4 ),( 2.788944495140000223E-16, 0.7847891758120000283 ),.UNSPECIFIED. )CURVE ( )  GEOMETRIC_REPRESENTATION_ITEM ( )  RATIONAL_B_SPLINE_CURVE ( ( 1.000000000000000000, 0.9493306762729999404, 0.9493306762729999404, 1.000000000000000000 ) )REPRESENTATION_ITEM ( '' )  );
#3183=VERTEX_POINT ( 'NONE', #425 );
#3184=PLANE ( 'NONE',  #209 );
#3185=LINE ( 'NONE', #623, #43 );
#3186=VERTEX_POINT ( 'NONE', #1443 );
#3187=LINE ( 'NONE', #3219, #2236 );
#3188=ADVANCED_FACE ( 'NONE', ( #553 ), #4257, .T. );
#3189=( GEOMETRIC_REPRESENTATION_CONTEXT ( 3 ) GLOBAL_UNCERTAINTY_ASSIGNED_CONTEXT ( ( #52 ) ) GLOBAL_UNIT_ASSIGNED_CONTEXT ( ( #20, #170, #26 ) ) REPRESENTATION_CONTEXT ( 'NONE', 'WORKASPACE' ) );
#3190=LINE ( 'NONE', #689, #43 );
#3191=LINE ( 'NONE', #2471, #42 );
#3192=VERTEX_POINT ( 'NONE', #3854 );
#3193=VERTEX_POINT ( 'NONE', #2853 );
#3194=STYLED_ITEM ( 'NONE', ( #36 ), #2552 );
#3195=ADVANCED_BREP_SHAPE_REPRESENTATION ( '149693-00_SCD4x_Datasheet', ( #3804, #1276 ), #2906 );
#3196=STYLED_ITEM ( 'NONE', ( #36 ), #744 );
#3197=ORIENTED_EDGE ( 'NONE', *, *, #3119, .F. );
#3198=MECHANICAL_DESIGN_GEOMETRIC_PRESENTATION_REPRESENTATION (  '', ( #870 ), #4710 );
#3199=ORIENTED_EDGE ( 'NONE', *, *, #4407, .F. );
#3200=CARTESIAN_POINT ( 'NONE',  ( 3.866559075171798643, -2.484315402228661984, 5.250000000000000000 ) );
#3201=AXIS2_PLACEMENT_3D ( 'NONE', #961, #150, #231 );
#3202=( GEOMETRIC_REPRESENTATION_CONTEXT ( 3 ) GLOBAL_UNCERTAINTY_ASSIGNED_CONTEXT ( ( #52 ) ) GLOBAL_UNIT_ASSIGNED_CONTEXT ( ( #20, #170, #26 ) ) REPRESENTATION_CONTEXT ( 'NONE', 'WORKASPACE' ) );
#3203=CARTESIAN_POINT ( 'NONE',  ( 4.189508340671300068, -3.053286008214103120, 0.1499999999999999944 ) );
#3204=FACE_OUTER_BOUND ( 'NONE', #2825, .T. );
#3205=STYLED_ITEM ( 'NONE', ( #36 ), #941 );
#3206=STYLED_ITEM ( 'NONE', ( #36 ), #3188 );
#3207=CARTESIAN_POINT ( 'NONE',  ( 3.354138845118009193, -3.599810051433454117, 4.632061452930953394 ) );
#3208=VERTEX_POINT ( 'NONE', #2833 );
#3209=ADVANCED_FACE ( 'NONE', ( #2499 ), #1347, .T. );
#3210=CYLINDRICAL_SURFACE ( 'NONE', #277, 0.1499999999999999944 );
#3211=EDGE_LOOP ( 'NONE', ( #3673, #1410, #2619, #3274 ) );
#3212=EDGE_CURVE ( 'NONE', #3095, #125, #2478, .T. );
#3213=ORIENTED_EDGE ( 'NONE', *, *, #2655, .F. );
#3214=AXIS2_PLACEMENT_3D ( 'NONE', #692, #150, #231 );
#3215=STYLED_ITEM ( 'NONE', ( #36 ), #1151 );
#3216=PLANE ( 'NONE',  #800 );
#3217=EDGE_CURVE ( 'NONE', #4377, #4824, #4583, .T. );
#3218=ORIENTED_EDGE ( 'NONE', *, *, #2422, .T. );
#3219=CARTESIAN_POINT ( 'NONE',  ( -2.647671190518784190, 4.051820626950296322, -0.04891449431465999531 ) );
#3220=AXIS2_PLACEMENT_3D ( 'NONE', #357, #1163, #3386 );
#3221=CARTESIAN_POINT ( 'NONE',  ( -3.239075141540193048, -2.484315712825795330, 5.250000000000000000 ) );
#3222=DIRECTION ( 'NONE',  ( -4.371138806237555725E-08, 0.9999999999999991118, -1.323488980084844280E-23 ) );
#3223=LINE ( 'NONE', #237, #616 );
#3224=FACE_BOUND ( 'NONE', #2215, .T. );
#3225=VERTEX_POINT ( 'NONE', #1992 );
#3226=EDGE_CURVE ( 'NONE', #3230, #3111, #4607, .T. );
#3227=VERTEX_POINT ( 'NONE', #2439 );
#3228=LINE ( 'NONE', #1083, #142 );
#3229=ORIENTED_EDGE ( 'NONE', *, *, #848, .F. );
#3230=VERTEX_POINT ( 'NONE', #137 );
#3231=CARTESIAN_POINT ( 'NONE',  ( 3.204446750316412906, 3.703551028540623680, 4.631358778608557714 ) );
#3232=VERTEX_POINT ( 'NONE', #2875 );
#3233=CYLINDRICAL_SURFACE ( 'NONE', #2374, 1.405000000000000249 );
#3234=AXIS2_PLACEMENT_3D ( 'NONE', #3042, #1853, #741 );
#3235=SHAPE_DEFINITION_REPRESENTATION ( #362, #3195 );
#3236=ORIENTED_EDGE ( 'NONE', *, *, #2493, .F. );
#3237=FACE_OUTER_BOUND ( 'NONE', #3865, .T. );
#3238=ORIENTED_EDGE ( 'NONE', *, *, #2346, .F. );
#3239=EDGE_CURVE ( 'NONE', #424, #2702, #4210, .T. );
#3240=EDGE_CURVE ( 'NONE', #186, #4233, #4274, .T. );
#3241=VERTEX_POINT ( 'NONE', #1083 );
#3242=FACE_OUTER_BOUND ( 'NONE', #1908, .T. );
#3243=EDGE_CURVE ( 'NONE', #1369, #1748, #2449, .T. );
#3244=( BOUNDED_SURFACE ( )  B_SPLINE_SURFACE ( 3, 2, (( #3328, #4699, #3310 ),( #3727, #4673, #3633 ),( #2570, #1108, #2252 ),( #91, #544, #538 ) ),.UNSPECIFIED., .F., .F., .F. )B_SPLINE_SURFACE_WITH_KNOTS ( ( 4, 4 ),( 3, 3 ),( 5.498396131367999651, 6.283185307180000123 ),( 0.000000000000000000, 1.000000000000000000 ),.UNSPECIFIED. )GEOMETRIC_REPRESENTATION_ITEM ( )  RATIONAL_B_SPLINE_SURFACE ( (( 1.000000000000000000, 0.7193398003390000239, 1.000000000000000000),( 1.000000000000000000, 0.7225252651429999728, 1.000000000000000000),( 1.000000000000000000, 0.7243530631100000283, 1.000000000000000000),( 1.000000000000000000, 0.7243360104960000490, 1.000000000000000000) ) )REPRESENTATION_ITEM ( '' )  SURFACE ( )  );
#3245=CARTESIAN_POINT ( 'NONE',  ( -1.649984123281000192, 4.750006839375000567, -0.7999989200000000578 ) );
#3246=ORIENTED_EDGE ( 'NONE', *, *, #3066, .T. );
#3247=EDGE_LOOP ( 'NONE', ( #1375, #3164, #3199, #2452 ) );
#3248=ORIENTED_EDGE ( 'NONE', *, *, #4445, .T. );
#3249=PRESENTATION_LAYER_ASSIGNMENT (  '', '', ( #2940 ) );
#3250=ORIENTED_EDGE ( 'NONE', *, *, #1476, .T. );
#3251=ORIENTED_EDGE ( 'NONE', *, *, #1907, .T. );
#3252=STYLED_ITEM ( 'NONE', ( #36 ), #4428 );
#3253=PLANE ( 'NONE',  #4094 );
#3254=DIRECTION ( 'NONE',  ( -0.03489949670250330066, -1.525505441367843637E-09, -0.9993908270190955401 ) );
#3255=LINE ( 'NONE', #2503, #767 );
#3256=ORIENTED_EDGE ( 'NONE', *, *, #639, .F. );
#3257=B_SPLINE_CURVE_WITH_KNOTS ( 'NONE', 3,( #1341, #662, #2916, #3599, #1408, #1155 ),.UNSPECIFIED., .F., .F.,( 4, 2, 4 ),( 0.000000000000000000, 0.5000000000000002220, 1.000000000000000000 ),.UNSPECIFIED. );
#3258=PRESENTATION_LAYER_ASSIGNMENT (  '', '', ( #4473 ) );
#3259=CARTESIAN_POINT ( 'NONE',  ( -3.455612198139063729, -3.455392895736934200, 5.250000000000000000 ) );
#3260=LINE ( 'NONE', #178, #43 );
#3261=ADVANCED_FACE ( 'NONE', ( #2218 ), #2698, .F. );
#3262=CARTESIAN_POINT ( 'NONE',  ( 3.738422483517957584, 3.215751646947315745, 4.632061452936999224 ) );
#3263=ORIENTED_EDGE ( 'NONE', *, *, #4664, .F. );
#3264=AXIS2_PLACEMENT_3D ( 'NONE', #180, #8, #1163 );
#3265=FACE_BOUND ( 'NONE', #1164, .T. );
#3266=ORIENTED_EDGE ( 'NONE', *, *, #739, .T. );
#3267=EDGE_LOOP ( 'NONE', ( #3707, #571, #3525, #3544 ) );
#3268=EDGE_CURVE ( 'NONE', #334, #3334, #1819, .T. );
#3269=( GEOMETRIC_REPRESENTATION_CONTEXT ( 3 ) GLOBAL_UNCERTAINTY_ASSIGNED_CONTEXT ( ( #52 ) ) GLOBAL_UNIT_ASSIGNED_CONTEXT ( ( #20, #170, #26 ) ) REPRESENTATION_CONTEXT ( 'NONE', 'WORKASPACE' ) );
#3270=EDGE_LOOP ( 'NONE', ( #2600, #3294, #3787, #3159 ) );
#3271=ORIENTED_EDGE ( 'NONE', *, *, #1030, .T. );
#3272=CARTESIAN_POINT ( 'NONE',  ( -3.888570022504535650, -2.678147560690553153, 4.625810266214919864 ) );
#3273=PRESENTATION_LAYER_ASSIGNMENT (  '', '', ( #2298 ) );
#3274=ORIENTED_EDGE ( 'NONE', *, *, #224, .F. );
#3275=CIRCLE ( 'NONE', #958, 0.6499999999999995781 );
#3276=ORIENTED_EDGE ( 'NONE', *, *, #640, .F. );
#3277=CARTESIAN_POINT ( 'NONE',  ( -4.189722327859298545, 3.053511230010102828, 0.1499999999999999944 ) );
#3278=EDGE_CURVE ( 'NONE', #4302, #737, #1076, .T. );
#3279=ORIENTED_EDGE ( 'NONE', *, *, #646, .F. );
#3280=VERTEX_POINT ( 'NONE', #409 );
#3281=VERTEX_POINT ( 'NONE', #1848 );
#3282=FACE_BOUND ( 'NONE', #1320, .T. );
#3283=VERTEX_POINT ( 'NONE', #2965 );
#3284=PRESENTATION_LAYER_ASSIGNMENT (  '', '', ( #543 ) );
#3285=FACE_OUTER_BOUND ( 'NONE', #3344, .T. );
#3286=VERTEX_POINT ( 'NONE', #1453 );
#3287=ORIENTED_EDGE ( 'NONE', *, *, #1024, .F. );
#3288=ADVANCED_FACE ( 'NONE', ( #3316 ), #3976, .T. );
#3289=EDGE_CURVE ( 'NONE', #2911, #2500, #3182, .T. );
#3290=CARTESIAN_POINT ( 'NONE',  ( -4.050107170175177629, 4.039819010610874450, 0.2947650754950000285 ) );
#3291=PRESENTATION_LAYER_ASSIGNMENT (  '', '', ( #4100 ) );
#3292=EDGE_CURVE ( 'NONE', #3372, #3111, #4645, .T. );
#3293=CARTESIAN_POINT ( 'NONE',  ( 3.005212197649937078, 4.046199299744676736, 0.1499999999999999944 ) );
#3294=ORIENTED_EDGE ( 'NONE', *, *, #1507, .T. );
#3295=EDGE_LOOP ( 'NONE', ( #3483, #508, #3307, #2446 ) );
#3296=MECHANICAL_DESIGN_GEOMETRIC_PRESENTATION_REPRESENTATION (  '', ( #368 ), #3077 );
#3297=STYLED_ITEM ( 'NONE', ( #36 ), #3805 );
#3298=LINE ( 'NONE', #904, #142 );
#3299=EDGE_CURVE ( 'NONE', #4340, #3387, #916, .T. );
#3300=FACE_OUTER_BOUND ( 'NONE', #3061, .T. );
#3301=FACE_OUTER_BOUND ( 'NONE', #2143, .T. );
#3302=LINE ( 'NONE', #4324, #1417 );
#3303=ORIENTED_EDGE ( 'NONE', *, *, #1837, .T. );
#3304=ORIENTED_EDGE ( 'NONE', *, *, #3354, .F. );
#3305=VERTEX_POINT ( 'NONE', #1667 );
#3306=PRESENTATION_LAYER_ASSIGNMENT (  '', '', ( #572 ) );
#3307=ORIENTED_EDGE ( 'NONE', *, *, #3349, .F. );
#3308=( GEOMETRIC_REPRESENTATION_CONTEXT ( 3 ) GLOBAL_UNCERTAINTY_ASSIGNED_CONTEXT ( ( #52 ) ) GLOBAL_UNIT_ASSIGNED_CONTEXT ( ( #20, #170, #26 ) ) REPRESENTATION_CONTEXT ( 'NONE', 'WORKASPACE' ) );
#3309=ORIENTED_EDGE ( 'NONE', *, *, #802, .F. );
#3310=CARTESIAN_POINT ( 'NONE',  ( -4.039813685542089416, 2.635674899099816226, 0.2947650754950000285 ) );
#3311=EDGE_CURVE ( 'NONE', #2100, #4413, #833, .T. );
#3312=PLANE ( 'NONE',  #520 );
#3313=CARTESIAN_POINT ( 'NONE',  ( 5.050000190735000061, 5.050000190735000061, 0.000000000000000000 ) );
#3314=ORIENTED_EDGE ( 'NONE', *, *, #3240, .F. );
#3315=STYLED_ITEM ( 'NONE', ( #36 ), #4237 );
#3316=FACE_OUTER_BOUND ( 'NONE', #3180, .T. );
#3317=ORIENTED_EDGE ( 'NONE', *, *, #3686, .F. );
#3318=ADVANCED_FACE ( 'NONE', ( #2370 ), #2089, .T. );
#3319=PLANE ( 'NONE',  #3595 );
#3320=ORIENTED_EDGE ( 'NONE', *, *, #2841, .F. );
#3321=STYLED_ITEM ( 'NONE', ( #36 ), #2055 );
#3322=EDGE_CURVE ( 'NONE', #982, #2895, #2715, .T. );
#3323=CARTESIAN_POINT ( 'NONE',  ( 4.189508091998900952, 2.635675258814893063, 0.2999999999999999889 ) );
#3324=CARTESIAN_POINT ( 'NONE',  ( -0.9258430385316777089, 2.600112570432793646, 5.426199999999999690 ) );
#3325=AXIS2_PLACEMENT_3D ( 'NONE', #4023, #3674, #2223 );
#3326=EDGE_CURVE ( 'NONE', #4139, #3150, #118, .T. );
#3327=AXIS2_PLACEMENT_3D ( 'NONE', #79, #75, #28 );
#3328=CARTESIAN_POINT ( 'NONE',  ( -4.189722309595088845, 2.635674892547101855, 0.1499999999999999944 ) );
#3329=ORIENTED_EDGE ( 'NONE', *, *, #2402, .F. );
#3330=ORIENTED_EDGE ( 'NONE', *, *, #765, .T. );
#3331=ORIENTED_EDGE ( 'NONE', *, *, #3415, .F. );
#3332=STYLED_ITEM ( 'NONE', ( #36 ), #2348 );
#3333=EDGE_CURVE ( 'NONE', #1050, #4045, #1307, .T. );
#3334=VERTEX_POINT ( 'NONE', #337 );
#3335=PRESENTATION_LAYER_ASSIGNMENT (  '', '', ( #4070 ) );
#3336=CARTESIAN_POINT ( 'NONE',  ( 3.888465191914191266, 2.484540963016889759, 4.622684672856999910 ) );
#3337=ORIENTED_EDGE ( 'NONE', *, *, #4552, .T. );
#3338=ORIENTED_EDGE ( 'NONE', *, *, #3756, .F. );
#3339=( GEOMETRIC_REPRESENTATION_CONTEXT ( 3 ) GLOBAL_UNCERTAINTY_ASSIGNED_CONTEXT ( ( #52 ) ) GLOBAL_UNIT_ASSIGNED_CONTEXT ( ( #20, #170, #26 ) ) REPRESENTATION_CONTEXT ( 'NONE', 'WORKASPACE' ) );
#3340=CARTESIAN_POINT ( 'NONE',  ( -3.600029655925828020, -3.354133227814434903, 4.632061452930985368 ) );
#3341=VERTEX_POINT ( 'NONE', #1064 );
#3342=ORIENTED_EDGE ( 'NONE', *, *, #4167, .T. );
#3343=ADVANCED_FACE ( 'NONE', ( #1256 ), #2431, .T. );
#3344=EDGE_LOOP ( 'NONE', ( #1994, #177, #3739, #1196, #1538, #3516, #4143, #3399, #415, #3659, #4108, #3068 ) );
#3345=PRESENTATION_LAYER_ASSIGNMENT (  '', '', ( #1987 ) );
#3346=FACE_OUTER_BOUND ( 'NONE', #4330, .T. );
#3347=LINE ( 'NONE', #3721, #950 );
#3348=FACE_OUTER_BOUND ( 'NONE', #1148, .T. );
#3349=EDGE_CURVE ( 'NONE', #2806, #2926, #626, .T. );
#3350=FACE_OUTER_BOUND ( 'NONE', #1434, .T. );
#3351=ADVANCED_FACE ( 'NONE', ( #3938, #1069, #3636, #683, #3619, #1804, #2134, #1757, #3224, #154, #239, #2534, #3282, #1828, #2864, #706, #4657, #3265, #4247, #1457, #657, #3658, #2185, #4011, #2934, #2162 ), #4327, .F. );
#3352=AXIS2_PLACEMENT_3D ( 'NONE', #1871, #279, #231 );
#3353=STYLED_ITEM ( 'NONE', ( #36 ), #4781 );
#3354=EDGE_CURVE ( 'NONE', #1748, #1711, #1404, .T. );
#3355=LINE ( 'NONE', #514, #89 );
#3356=VERTEX_POINT ( 'NONE', #538 );
#3357=EDGE_LOOP ( 'NONE', ( #3491, #2932, #160, #3931 ) );
#3358=ORIENTED_EDGE ( 'NONE', *, *, #3299, .F. );
#3359=ORIENTED_EDGE ( 'NONE', *, *, #2237, .F. );
#3360=LINE ( 'NONE', #591, #43 );
#3361=CARTESIAN_POINT ( 'NONE',  ( 3.215532042455315320, -3.738416866213957857, 4.632061452936999224 ) );
#3362=CARTESIAN_POINT ( 'NONE',  ( -3.249983883281000185, 1.650004999374999892, -0.7999989200000000578 ) );
#3363=EDGE_CURVE ( 'NONE', #4839, #2286, #2665, .T. );
#3364=FACE_OUTER_BOUND ( 'NONE', #1031, .T. );
#3365=B_SPLINE_CURVE_WITH_KNOTS ( 'NONE', 3,( #899, #2777, #1005, #3231, #3826, #476 ),.UNSPECIFIED., .F., .F.,( 4, 2, 4 ),( 0.000000000000000000, 0.5000000000000000000, 1.000000000000000000 ),.UNSPECIFIED. );
#3366=ORIENTED_EDGE ( 'NONE', *, *, #1381, .T. );
#3367=( BOUNDED_CURVE ( )  B_SPLINE_CURVE ( 3, ( #3328, #3277, #2632, #91 ),.UNSPECIFIED., .F., .T. )B_SPLINE_CURVE_WITH_KNOTS ( ( 4, 4 ),( 5.498396131367999651, 6.283185307180000123 ),.UNSPECIFIED. )CURVE ( )  GEOMETRIC_REPRESENTATION_ITEM ( )  RATIONAL_B_SPLINE_CURVE ( ( 1.000000000000000000, 0.9493306762729999404, 0.9493306762729999404, 1.000000000000000000 ) )REPRESENTATION_ITEM ( '' )  );
#3368=STYLED_ITEM ( 'NONE', ( #36 ), #3586 );
#3369=CIRCLE ( 'NONE', #2538, 1.580000000000000071 );
#3370=LINE ( 'NONE', #773, #89 );
#3371=ORIENTED_EDGE ( 'NONE', *, *, #2455, .F. );
#3372=VERTEX_POINT ( 'NONE', #1275 );
#3373=LINE ( 'NONE', #747, #908 );
#3374=EDGE_LOOP ( 'NONE', ( #3947, #4691, #798, #4132 ) );
#3375=LINE ( 'NONE', #3324, #49 );
#3376=AXIS2_PLACEMENT_3D ( 'NONE', #1493, #75, #28 );
#3377=CARTESIAN_POINT ( 'NONE',  ( 3.249983519140999810, -0.3999934006250000507, -0.8189997673030000591 ) );
#3378=CARTESIAN_POINT ( 'NONE',  ( -3.249983883281000185, 2.900004999374999670, -0.7999989200000000578 ) );
#3379=ORIENTED_EDGE ( 'NONE', *, *, #1874, .T. );
#3380=STYLED_ITEM ( 'NONE', ( #165 ), #1742 );
#3381=EDGE_CURVE ( 'NONE', #2876, #2851, #3698, .T. );
#3382=ADVANCED_FACE ( 'NONE', ( #376 ), #2690, .T. );
#3383=AXIS2_PLACEMENT_3D ( 'NONE', #3614, #1200, #1394 );
#3384=FACE_OUTER_BOUND ( 'NONE', #2354, .T. );
#3385=EDGE_LOOP ( 'NONE', ( #1500, #3773, #51, #1917 ) );
#3386=DIRECTION ( 'NONE',  ( -0.9999999999999991118, -4.371138800000000469E-08, 0.000000000000000000 ) );
#3387=VERTEX_POINT ( 'NONE', #1084 );
#3388=EDGE_CURVE ( 'NONE', #518, #1888, #148, .T. );
#3389=CARTESIAN_POINT ( 'NONE',  ( -5.050000190735000061, 5.050000190735000061, 0.000000000000000000 ) );
#3390=ADVANCED_FACE ( 'NONE', ( #325 ), #3751, .T. );
#3391=FACE_OUTER_BOUND ( 'NONE', #1820, .T. );
#3392=MECHANICAL_DESIGN_GEOMETRIC_PRESENTATION_REPRESENTATION (  '', ( #4602 ), #1703 );
#3393=ORIENTED_EDGE ( 'NONE', *, *, #568, .F. );
#3394=FACE_OUTER_BOUND ( 'NONE', #482, .T. );
#3395=( GEOMETRIC_REPRESENTATION_CONTEXT ( 3 ) GLOBAL_UNCERTAINTY_ASSIGNED_CONTEXT ( ( #52 ) ) GLOBAL_UNIT_ASSIGNED_CONTEXT ( ( #20, #170, #26 ) ) REPRESENTATION_CONTEXT ( 'NONE', 'WORKASPACE' ) );
#3396=FACE_OUTER_BOUND ( 'NONE', #4656, .T. );
#3397=LINE ( 'NONE', #387, #1549 );
#3398=CARTESIAN_POINT ( 'NONE',  ( 0.8500158767190000297, -3.249993160624999877, -0.7999989200000000578 ) );
#3399=ORIENTED_EDGE ( 'NONE', *, *, #568, .T. );
#3400=ORIENTED_EDGE ( 'NONE', *, *, #4559, .T. );
#3401=EDGE_CURVE ( 'NONE', #221, #4441, #1136, .T. );
#3402=ORIENTED_EDGE ( 'NONE', *, *, #4786, .F. );
#3403=( GEOMETRIC_REPRESENTATION_CONTEXT ( 3 ) GLOBAL_UNCERTAINTY_ASSIGNED_CONTEXT ( ( #52 ) ) GLOBAL_UNIT_ASSIGNED_CONTEXT ( ( #20, #170, #26 ) ) REPRESENTATION_CONTEXT ( 'NONE', 'WORKASPACE' ) );
#3404=CARTESIAN_POINT ( 'NONE',  ( 2.499893006405999429, 0.0001127201764692970388, 5.250000000000000000 ) );
#3405=ORIENTED_EDGE ( 'NONE', *, *, #2422, .F. );
#3406=PLANE ( 'NONE',  #969 );
#3407=LINE ( 'NONE', #2837, #1549 );
#3408=FACE_OUTER_BOUND ( 'NONE', #3109, .T. );
#3409=PLANE ( 'NONE',  #717 );
#3410=ORIENTED_EDGE ( 'NONE', *, *, #2315, .T. );
#3411=PRESENTATION_LAYER_ASSIGNMENT (  '', '', ( #1398 ) );
#3412=MECHANICAL_DESIGN_GEOMETRIC_PRESENTATION_REPRESENTATION (  '', ( #1722 ), #1175 );
#3413=DIRECTION ( 'NONE',  ( 0.7071067502779280201, 0.7071068120951657932, -9.108457002991235235E-24 ) );
#3414=LINE ( 'NONE', #597, #42 );
#3415=EDGE_CURVE ( 'NONE', #4734, #2888, #4449, .T. );
#3416=MECHANICAL_DESIGN_GEOMETRIC_PRESENTATION_REPRESENTATION (  '', ( #4473 ), #596 );
#3417=ORIENTED_EDGE ( 'NONE', *, *, #3292, .F. );
#3418=EDGE_CURVE ( 'NONE', #875, #3833, #2709, .T. );
#3419=MECHANICAL_DESIGN_GEOMETRIC_PRESENTATION_REPRESENTATION (  '', ( #2724 ), #4127 );
#3420=EDGE_CURVE ( 'NONE', #2072, #1144, #3791, .T. );
#3421=ORIENTED_EDGE ( 'NONE', *, *, #3278, .F. );
#3422=ORIENTED_EDGE ( 'NONE', *, *, #2024, .F. );
#3423=( GEOMETRIC_REPRESENTATION_CONTEXT ( 3 ) GLOBAL_UNCERTAINTY_ASSIGNED_CONTEXT ( ( #52 ) ) GLOBAL_UNIT_ASSIGNED_CONTEXT ( ( #20, #170, #26 ) ) REPRESENTATION_CONTEXT ( 'NONE', 'WORKASPACE' ) );
#3424=ORIENTED_EDGE ( 'NONE', *, *, #765, .F. );
#3425=EDGE_CURVE ( 'NONE', #1050, #132, #1231, .T. );
#3426=CIRCLE ( 'NONE', #1342, 0.1500000000000000222 );
#3427=AXIS2_PLACEMENT_3D ( 'NONE', #698, #75, #28 );
#3428=CARTESIAN_POINT ( 'NONE',  ( 2.499892908055374896, 2.250112720176466574, 5.299999999999999822 ) );
#3429=CARTESIAN_POINT ( 'NONE',  ( -2.899984123280999970, -4.749995240625000115, -0.7999989200000000578 ) );
#3430=EDGE_LOOP ( 'NONE', ( #2114, #1288, #4729, #2331 ) );
#3431=CARTESIAN_POINT ( 'NONE',  ( -3.439390472493616624, 4.029946050341149721, 0.1499999999999999944 ) );
#3432=( GEOMETRIC_REPRESENTATION_CONTEXT ( 3 ) GLOBAL_UNCERTAINTY_ASSIGNED_CONTEXT ( ( #52 ) ) GLOBAL_UNIT_ASSIGNED_CONTEXT ( ( #20, #170, #26 ) ) REPRESENTATION_CONTEXT ( 'NONE', 'WORKASPACE' ) );
#3433=MECHANICAL_DESIGN_GEOMETRIC_PRESENTATION_REPRESENTATION (  '', ( #1194 ), #2153 );
#3434=EDGE_LOOP ( 'NONE', ( #4347, #3921, #2258, #4248 ) );
#3435=MECHANICAL_DESIGN_GEOMETRIC_PRESENTATION_REPRESENTATION (  '', ( #48 ), #4227 );
#3436=CARTESIAN_POINT ( 'NONE',  ( 2.599893120055608353, -2.599887275452390512, 5.299999999999999822 ) );
#3437=MECHANICAL_DESIGN_GEOMETRIC_PRESENTATION_REPRESENTATION (  '', ( #1759 ), #53 );
#3438=EDGE_CURVE ( 'NONE', #534, #4029, #4515, .T. );
#3439=ORIENTED_EDGE ( 'NONE', *, *, #4497, .T. );
#3440=AXIS2_PLACEMENT_3D ( 'NONE', #185, #8, #28 );
#3441=EDGE_LOOP ( 'NONE', ( #4287, #4069, #2925, #1093 ) );
#3442=EDGE_CURVE ( 'NONE', #1230, #1735, #4826, .T. );
#3443=ORIENTED_EDGE ( 'NONE', *, *, #3638, .T. );
#3444=FACE_OUTER_BOUND ( 'NONE', #4000, .T. );
#3445=LINE ( 'NONE', #1848, #42 );
#3446=VERTEX_POINT ( 'NONE', #2814 );
#3447=STYLED_ITEM ( 'NONE', ( #165 ), #1419 );
#3448=ORIENTED_EDGE ( 'NONE', *, *, #4474, .F. );
#3449=( GEOMETRIC_REPRESENTATION_CONTEXT ( 3 ) GLOBAL_UNCERTAINTY_ASSIGNED_CONTEXT ( ( #52 ) ) GLOBAL_UNIT_ASSIGNED_CONTEXT ( ( #20, #170, #26 ) ) REPRESENTATION_CONTEXT ( 'NONE', 'WORKASPACE' ) );
#3450=ORIENTED_EDGE ( 'NONE', *, *, #935, .T. );
#3451=CARTESIAN_POINT ( 'NONE',  ( -2.600106893057803514, -2.299887502751608359, 5.479999999999999538 ) );
#3452=ADVANCED_FACE ( 'NONE', ( #3840 ), #432, .T. );
#3453=ORIENTED_EDGE ( 'NONE', *, *, #1813, .F. );
#3454=EDGE_LOOP ( 'NONE', ( #1418, #3909, #2539, #2933 ) );
#3455=CARTESIAN_POINT ( 'NONE',  ( 2.299892892756389973, 2.600112711434188206, 5.299999999999999822 ) );
#3456=ORIENTED_EDGE ( 'NONE', *, *, #4214, .F. );
#3457=CARTESIAN_POINT ( 'NONE',  ( -4.029940433037149994, -3.439170868001616643, 0.1499999999999999944 ) );
#3458=ORIENTED_EDGE ( 'NONE', *, *, #4145, .F. );
#3459=ORIENTED_EDGE ( 'NONE', *, *, #4417, .T. );
#3460=EDGE_LOOP ( 'NONE', ( #4576, #3303, #3594, #3238 ) );
#3461=FACE_OUTER_BOUND ( 'NONE', #3990, .T. );
#3462=EDGE_CURVE ( 'NONE', #3356, #1468, #2412, .T. );
#3463=CARTESIAN_POINT ( 'NONE',  ( 3.199894937107657711, 3.711121368785528674, 5.250000000000000888 ) );
#3464=CARTESIAN_POINT ( 'NONE',  ( 4.023809987379472375, -3.445087275323006626, 0.1499999999999999944 ) );
#3465=ORIENTED_EDGE ( 'NONE', *, *, #276, .T. );
#3466=MECHANICAL_DESIGN_GEOMETRIC_PRESENTATION_REPRESENTATION (  '', ( #204 ), #2938 );
#3467=LINE ( 'NONE', #425, #89 );
#3468=EDGE_CURVE ( 'NONE', #4340, #4418, #940, .T. );
#3469=LINE ( 'NONE', #1207, #43 );
#3470=EDGE_LOOP ( 'NONE', ( #2645, #2839, #4604, #104 ) );
#3471=LINE ( 'NONE', #460, #89 );
#3472=EDGE_CURVE ( 'NONE', #2884, #4668, #628, .T. );
#3473=STYLED_ITEM ( 'NONE', ( #256 ), #135 );
#3474=ORIENTED_EDGE ( 'NONE', *, *, #2904, .F. );
#3475=LINE ( 'NONE', #2065, #43 );
#3476=PLANE ( 'NONE',  #3167 );
#3477=VERTEX_POINT ( 'NONE', #1595 );
#3478=EDGE_CURVE ( 'NONE', #3372, #2457, #4399, .T. );
#3479=ORIENTED_EDGE ( 'NONE', *, *, #3720, .F. );
#3480=CARTESIAN_POINT ( 'NONE',  ( 3.024997760000000202, -2.924997959999999786, 0.000000000000000000 ) );
#3481=EDGE_LOOP ( 'NONE', ( #3650, #138, #3405, #2057 ) );
#3482=MECHANICAL_DESIGN_GEOMETRIC_PRESENTATION_REPRESENTATION (  '', ( #3775 ), #4072 );
#3483=ORIENTED_EDGE ( 'NONE', *, *, #2686, .T. );
#3484=ORIENTED_EDGE ( 'NONE', *, *, #1934, .F. );
#3485=PLANE ( 'NONE',  #1806 );
#3486=PRESENTATION_LAYER_ASSIGNMENT (  '', '', ( #778 ) );
#3487=ORIENTED_EDGE ( 'NONE', *, *, #1301, .F. );
#3488=CARTESIAN_POINT ( 'NONE',  ( -2.300106879944387117, -2.599887489638191607, 5.479999999999999538 ) );
#3489=ORIENTED_EDGE ( 'NONE', *, *, #3157, .T. );
#3490=AXIS2_PLACEMENT_3D ( 'NONE', #423, #8, #28 );
#3491=ORIENTED_EDGE ( 'NONE', *, *, #2861, .F. );
#3492=MECHANICAL_DESIGN_GEOMETRIC_PRESENTATION_REPRESENTATION (  '', ( #4480 ), #3189 );
#3493=( GEOMETRIC_REPRESENTATION_CONTEXT ( 3 ) GLOBAL_UNCERTAINTY_ASSIGNED_CONTEXT ( ( #52 ) ) GLOBAL_UNIT_ASSIGNED_CONTEXT ( ( #20, #170, #26 ) ) REPRESENTATION_CONTEXT ( 'NONE', 'WORKASPACE' ) );
#3494=EDGE_CURVE ( 'NONE', #2213, #2811, #54, .T. );
#3495=AXIS2_PLACEMENT_3D ( 'NONE', #1142, #8, #28 );
#3496=ADVANCED_FACE ( 'NONE', ( #3242 ), #1449, .F. );
#3497=ADVANCED_FACE ( 'NONE', ( #3611 ), #3630, .T. );
#3498=VERTEX_POINT ( 'NONE', #185 );
#3499=PRESENTATION_LAYER_ASSIGNMENT (  '', '', ( #3578 ) );
#3500=EDGE_LOOP ( 'NONE', ( #4708, #4661, #3932, #4436, #1068, #2365, #1779, #3456, #431, #2783 ) );
#3501=FACE_OUTER_BOUND ( 'NONE', #2759, .T. );
#3502=AXIS2_PLACEMENT_3D ( 'NONE', #2056, #8, #28 );
#3503=EDGE_CURVE ( 'NONE', #3958, #355, #2317, .T. );
#3504=ORIENTED_EDGE ( 'NONE', *, *, #4104, .T. );
#3505=CARTESIAN_POINT ( 'NONE',  ( -3.445307231596986153, 4.024029290682518578, 0.1499999999999999944 ) );
#3506=ORIENTED_EDGE ( 'NONE', *, *, #1617, .T. );
#3507=( GEOMETRIC_REPRESENTATION_CONTEXT ( 3 ) GLOBAL_UNCERTAINTY_ASSIGNED_CONTEXT ( ( #52 ) ) GLOBAL_UNIT_ASSIGNED_CONTEXT ( ( #20, #170, #26 ) ) REPRESENTATION_CONTEXT ( 'NONE', 'WORKASPACE' ) );
#3508=ORIENTED_EDGE ( 'NONE', *, *, #890, .F. );
#3509=ORIENTED_EDGE ( 'NONE', *, *, #1435, .T. );
#3510=CARTESIAN_POINT ( 'NONE',  ( -3.703545411237141760, 3.204666354808631823, 4.631358778608586135 ) );
#3511=MECHANICAL_DESIGN_GEOMETRIC_PRESENTATION_REPRESENTATION (  '', ( #4802 ), #810 );
#3512=( GEOMETRIC_REPRESENTATION_CONTEXT ( 3 ) GLOBAL_UNCERTAINTY_ASSIGNED_CONTEXT ( ( #52 ) ) GLOBAL_UNIT_ASSIGNED_CONTEXT ( ( #20, #170, #26 ) ) REPRESENTATION_CONTEXT ( 'NONE', 'WORKASPACE' ) );
#3513=EDGE_LOOP ( 'NONE', ( #3379, #2951, #2682, #4252 ) );
#3514=ORIENTED_EDGE ( 'NONE', *, *, #4816, .F. );
#3515=ORIENTED_EDGE ( 'NONE', *, *, #4374, .T. );
#3516=ORIENTED_EDGE ( 'NONE', *, *, #2245, .T. );
#3517=MECHANICAL_DESIGN_GEOMETRIC_PRESENTATION_REPRESENTATION (  '', ( #2847 ), #262 );
#3518=ORIENTED_EDGE ( 'NONE', *, *, #4153, .F. );
#3519=EDGE_CURVE ( 'NONE', #300, #4418, #2458, .T. );
#3520=EDGE_CURVE ( 'NONE', #1665, #1889, #2106, .T. );
#3521=LINE ( 'NONE', #1598, #142 );
#3522=LINE ( 'NONE', #82, #43 );
#3523=LINE ( 'NONE', #2064, #42 );
#3524=DIRECTION ( 'NONE',  ( -0.7071068120951660152, 0.7071067502779277980, 0.000000000000000000 ) );
#3525=ORIENTED_EDGE ( 'NONE', *, *, #3612, .F. );
#3526=EDGE_CURVE ( 'NONE', #2540, #3812, #814, .T. );
#3527=CARTESIAN_POINT ( 'NONE',  ( 4.749985599140999604, 2.900004999374999670, -0.7999989200000000578 ) );
#3528=PRESENTATION_LAYER_ASSIGNMENT (  '', '', ( #1298 ) );
#3529=ADVANCED_FACE ( 'NONE', ( #587 ), #2128, .T. );
#3530=ORIENTED_EDGE ( 'NONE', *, *, #4536, .F. );
#3531=CARTESIAN_POINT ( 'NONE',  ( -3.045134542056892712, 4.189727678565622782, 0.1499999999999999944 ) );
#3532=ORIENTED_EDGE ( 'NONE', *, *, #1039, .T. );
#3533=ORIENTED_EDGE ( 'NONE', *, *, #3622, .T. );
#3534=LINE ( 'NONE', #2776, #142 );
#3535=ORIENTED_EDGE ( 'NONE', *, *, #3918, .T. );
#3536=PRESENTATION_LAYER_ASSIGNMENT (  '', '', ( #4602 ) );
#3537=CARTESIAN_POINT ( 'NONE',  ( 3.633494445233750980, -3.633488510270240113, 0.1499999999999999944 ) );
#3538=LINE ( 'NONE', #1066, #142 );
#3539=ORIENTED_EDGE ( 'NONE', *, *, #4753, .F. );
#3540=PRESENTATION_LAYER_ASSIGNMENT (  '', '', ( #294 ) );
#3541=FACE_OUTER_BOUND ( 'NONE', #4616, .T. );
#3542=VERTEX_POINT ( 'NONE', #296 );
#3543=EDGE_CURVE ( 'NONE', #1889, #4376, #318, .T. );
#3544=ORIENTED_EDGE ( 'NONE', *, *, #2315, .F. );
#3545=PLANE ( 'NONE',  #2359 );
#3546=PRESENTATION_LAYER_ASSIGNMENT (  '', '', ( #204 ) );
#3547=VERTEX_POINT ( 'NONE', #605 );
#3548=PRESENTATION_LAYER_ASSIGNMENT (  '', '', ( #4756 ) );
#3549=AXIS2_PLACEMENT_3D ( 'NONE', #2931, #8, #28 );
#3550=ORIENTED_EDGE ( 'NONE', *, *, #2346, .T. );
#3551=ORIENTED_EDGE ( 'NONE', *, *, #3734, .F. );
#3552=LINE ( 'NONE', #13, #2459 );
#3553=EDGE_CURVE ( 'NONE', #3117, #3839, #1129, .T. );
#3554=EDGE_LOOP ( 'NONE', ( #3875, #3568, #3905, #3358 ) );
#3555=LINE ( 'NONE', #4224, #43 );
#3556=LINE ( 'NONE', #766, #43 );
#3557=EDGE_CURVE ( 'NONE', #220, #2133, #2950, .T. );
#3558=ORIENTED_EDGE ( 'NONE', *, *, #2054, .F. );
#3559=EDGE_CURVE ( 'NONE', #186, #976, #3746, .T. );
#3560=CYLINDRICAL_SURFACE ( 'NONE', #4019, 0.6499999999999998002 );
#3561=FACE_OUTER_BOUND ( 'NONE', #17, .T. );
#3562=ORIENTED_EDGE ( 'NONE', *, *, #1657, .F. );
#3563=AXIS2_PLACEMENT_3D ( 'NONE', #623, #25, #8 );
#3564=ORIENTED_EDGE ( 'NONE', *, *, #4689, .T. );
#3565=EDGE_LOOP ( 'NONE', ( #4455, #643, #2425, #746 ) );
#3566=EDGE_CURVE ( 'NONE', #3781, #2756, #4696, .T. );
#3567=CARTESIAN_POINT ( 'NONE',  ( -2.300107034059198696, 0.9258484416498768965, 5.479999999999999538 ) );
#3568=ORIENTED_EDGE ( 'NONE', *, *, #454, .T. );
#3569=MECHANICAL_DESIGN_GEOMETRIC_PRESENTATION_REPRESENTATION (  '', ( #4074 ), #3269 );
#3570=CIRCLE ( 'NONE', #2142, 0.6499999999999995781 );
#3571=( GEOMETRIC_REPRESENTATION_CONTEXT ( 3 ) GLOBAL_UNCERTAINTY_ASSIGNED_CONTEXT ( ( #52 ) ) GLOBAL_UNIT_ASSIGNED_CONTEXT ( ( #20, #170, #26 ) ) REPRESENTATION_CONTEXT ( 'NONE', 'WORKASPACE' ) );
#3572=LINE ( 'NONE', #1631, #43 );
#3573=LINE ( 'NONE', #4633, #908 );
#3574=EDGE_LOOP ( 'NONE', ( #1023, #4175, #3679, #3271 ) );
#3575=ORIENTED_EDGE ( 'NONE', *, *, #4054, .T. );
#3576=AXIS2_PLACEMENT_3D ( 'NONE', #679, #25, #8 );
#3577=( GEOMETRIC_REPRESENTATION_CONTEXT ( 3 ) GLOBAL_UNCERTAINTY_ASSIGNED_CONTEXT ( ( #52 ) ) GLOBAL_UNIT_ASSIGNED_CONTEXT ( ( #20, #170, #26 ) ) REPRESENTATION_CONTEXT ( 'NONE', 'WORKASPACE' ) );
#3578=STYLED_ITEM ( 'NONE', ( #36 ), #2945 );
#3579=ORIENTED_EDGE ( 'NONE', *, *, #2711, .F. );
#3580=FACE_OUTER_BOUND ( 'NONE', #1998, .T. );
#3581=CARTESIAN_POINT ( 'NONE',  ( -2.600107107243605054, 2.600112497248387555, 5.299999999999999822 ) );
#3582=( GEOMETRIC_REPRESENTATION_CONTEXT ( 3 ) GLOBAL_UNCERTAINTY_ASSIGNED_CONTEXT ( ( #52 ) ) GLOBAL_UNIT_ASSIGNED_CONTEXT ( ( #20, #170, #26 ) ) REPRESENTATION_CONTEXT ( 'NONE', 'WORKASPACE' ) );
#3583=FACE_OUTER_BOUND ( 'NONE', #1238, .T. );
#3584=PRESENTATION_LAYER_ASSIGNMENT (  '', '', ( #4365 ) );
#3585=EDGE_CURVE ( 'NONE', #4045, #1218, #3722, .T. );
#3586=ADVANCED_FACE ( 'NONE', ( #3348 ), #725, .F. );
#3587=DIRECTION ( 'NONE',  ( -0.9993908270190946519, -4.368476005262041970E-08, 0.03489949670250334229 ) );
#3588=STYLED_ITEM ( 'NONE', ( #256 ), #929 );
#3589=STYLED_ITEM ( 'NONE', ( #36 ), #4637 );
#3590=ORIENTED_EDGE ( 'NONE', *, *, #2208, .T. );
#3591=EDGE_CURVE ( 'NONE', #2161, #846, #3298, .T. );
#3592=CARTESIAN_POINT ( 'NONE',  ( -3.888470950164609530, -2.854072536653788017, 4.628647106619999896 ) );
#3593=PLANE ( 'NONE',  #1829 );
#3594=ORIENTED_EDGE ( 'NONE', *, *, #3322, .F. );
#3595=AXIS2_PLACEMENT_3D ( 'NONE', #869, #8, #28 );
#3596=ORIENTED_EDGE ( 'NONE', *, *, #3836, .F. );
#3597=EDGE_CURVE ( 'NONE', #2550, #2020, #3811, .T. );
#3598=MECHANICAL_DESIGN_GEOMETRIC_PRESENTATION_REPRESENTATION (  '', ( #4100 ), #3667 );
#3599=CARTESIAN_POINT ( 'NONE',  ( -3.018028589788414262, -3.999077488134786140, 0.2935851544070674501 ) );
#3600=ORIENTED_EDGE ( 'NONE', *, *, #4079, .F. );
#3601=LINE ( 'NONE', #192, #2212 );
#3602=ORIENTED_EDGE ( 'NONE', *, *, #2923, .F. );
#3603=AXIS2_PLACEMENT_3D ( 'NONE', #1545, #457, #1887 );
#3604=PRODUCT_CONTEXT ( 'NONE', #1954, 'mechanical' );
#3605=VERTEX_POINT ( 'NONE', #2406 );
#3606=EDGE_CURVE ( 'NONE', #4326, #846, #2052, .T. );
#3607=PLANE ( 'NONE',  #1556 );
#3608=ORIENTED_EDGE ( 'NONE', *, *, #3897, .T. );
#3609=ADVANCED_FACE ( 'NONE', ( #1694 ), #2386, .T. );
#3610=MECHANICAL_DESIGN_GEOMETRIC_PRESENTATION_REPRESENTATION (  '', ( #834 ), #4179 );
#3611=FACE_OUTER_BOUND ( 'NONE', #886, .T. );
#3612=EDGE_CURVE ( 'NONE', #4304, #326, #1296, .T. );
#3613=( GEOMETRIC_REPRESENTATION_CONTEXT ( 3 ) GLOBAL_UNCERTAINTY_ASSIGNED_CONTEXT ( ( #52 ) ) GLOBAL_UNIT_ASSIGNED_CONTEXT ( ( #20, #170, #26 ) ) REPRESENTATION_CONTEXT ( 'NONE', 'WORKASPACE' ) );
#3614=CARTESIAN_POINT ( 'NONE',  ( 2.250025776719000170, -2.249994740625000045, -0.8289997577670000783 ) );
#3615=EDGE_CURVE ( 'NONE', #3173, #1725, #3469, .T. );
#3616=CARTESIAN_POINT ( 'NONE',  ( 3.734451615912729228, -3.734445672123263282, 0.2999999999999999889 ) );
#3617=ORIENTED_EDGE ( 'NONE', *, *, #1941, .F. );
#3618=AXIS2_PLACEMENT_3D ( 'NONE', #1762, #2445, #4419 );
#3619=FACE_BOUND ( 'NONE', #2737, .T. );
#3620=ORIENTED_EDGE ( 'NONE', *, *, #4221, .F. );
#3621=ORIENTED_EDGE ( 'NONE', *, *, #3661, .T. );
#3622=EDGE_CURVE ( 'NONE', #4678, #3281, #33, .T. );
#3623=VERTEX_POINT ( 'NONE', #3488 );
#3624=AXIS2_PLACEMENT_3D ( 'NONE', #3868, #2769, #2795 );
#3625=CARTESIAN_POINT ( 'NONE',  ( 3.355950787759567788, -3.854829227036738359, 0.2928602498807547083 ) );
#3626=PLANE ( 'NONE',  #4606 );
#3627=FACE_OUTER_BOUND ( 'NONE', #3430, .T. );
#3628=ORIENTED_EDGE ( 'NONE', *, *, #1115, .F. );
#3629=ORIENTED_EDGE ( 'NONE', *, *, #1407, .T. );
#3630=PLANE ( 'NONE',  #2165 );
#3631=EDGE_CURVE ( 'NONE', #326, #1308, #4103, .T. );
#3632=DIRECTION ( 'NONE',  ( -1.807003620809174583E-15, -1.000000000000000000, 0.000000000000000000 ) );
#3633=CARTESIAN_POINT ( 'NONE',  ( -4.039861751103969389, 3.005690154489715216, 0.2933891210700000363 ) );
#3634=ADVANCED_FACE ( 'NONE', ( #1225 ), #2426, .T. );
#3635=ORIENTED_EDGE ( 'NONE', *, *, #245, .F. );
#3636=FACE_BOUND ( 'NONE', #1059, .T. );
#3637=ORIENTED_EDGE ( 'NONE', *, *, #1548, .T. );
#3638=EDGE_CURVE ( 'NONE', #3208, #3280, #2877, .T. );
#3639=ORIENTED_EDGE ( 'NONE', *, *, #3425, .T. );
#3640=LINE ( 'NONE', #3936, #43 );
#3641=MECHANICAL_DESIGN_GEOMETRIC_PRESENTATION_REPRESENTATION (  '', ( #2514 ), #414 );
#3642=ORIENTED_EDGE ( 'NONE', *, *, #2401, .F. );
#3643=( GEOMETRIC_REPRESENTATION_CONTEXT ( 3 ) GLOBAL_UNCERTAINTY_ASSIGNED_CONTEXT ( ( #52 ) ) GLOBAL_UNIT_ASSIGNED_CONTEXT ( ( #20, #170, #26 ) ) REPRESENTATION_CONTEXT ( 'NONE', 'WORKASPACE' ) );
#3644=AXIS2_PLACEMENT_3D ( 'NONE', #416, #8, #754 );
#3645=CARTESIAN_POINT ( 'NONE',  ( -3.847927464498641648, -2.866439957398279947, 4.628236799001966162 ) );
#3646=EDGE_CURVE ( 'NONE', #1140, #2100, #644, .T. );
#3647=CARTESIAN_POINT ( 'NONE',  ( 4.039624894861503002, -2.829415832926467811, 0.2940437847197521770 ) );
#3648=STYLED_ITEM ( 'NONE', ( #36 ), #841 );
#3649=CARTESIAN_POINT ( 'NONE',  ( 2.635455294386839675, 4.044874610678093063, 0.1499999999999999944 ) );
#3650=ORIENTED_EDGE ( 'NONE', *, *, #3797, .T. );
#3651=AXIS2_PLACEMENT_3D ( 'NONE', #1242, #510, #15 );
#3652=( GEOMETRIC_REPRESENTATION_CONTEXT ( 3 ) GLOBAL_UNCERTAINTY_ASSIGNED_CONTEXT ( ( #52 ) ) GLOBAL_UNIT_ASSIGNED_CONTEXT ( ( #20, #170, #26 ) ) REPRESENTATION_CONTEXT ( 'NONE', 'WORKASPACE' ) );
#3653=PRESENTATION_LAYER_ASSIGNMENT (  '', '', ( #3589 ) );
#3654=PRESENTATION_LAYER_ASSIGNMENT (  '', '', ( #3206 ) );
#3655=FACE_OUTER_BOUND ( 'NONE', #1930, .T. );
#3656=ORIENTED_EDGE ( 'NONE', *, *, #3179, .T. );
#3657=ORIENTED_EDGE ( 'NONE', *, *, #3478, .F. );
#3658=FACE_BOUND ( 'NONE', #786, .T. );
#3659=ORIENTED_EDGE ( 'NONE', *, *, #2054, .T. );
#3660=( BOUNDED_SURFACE ( )  B_SPLINE_SURFACE ( 3, 2, (( #94, #3537, #1292 ),( #2651, #4077, #2468 ),( #1311, #55, #573 ),( #605, #602, #1481 ) ),.UNSPECIFIED., .F., .F., .F. )B_SPLINE_SURFACE_WITH_KNOTS ( ( 4, 4 ),( 3, 3 ),( 2.091708371354999674E-16, 0.7847891758120000283 ),( 0.000000000000000000, 1.000000000000000000 ),.UNSPECIFIED. )GEOMETRIC_REPRESENTATION_ITEM ( )  RATIONAL_B_SPLINE_SURFACE ( (( 1.000000000000000000, 0.7243360104960000490, 1.000000000000000000),( 1.000000000000000000, 0.7243530631100000283, 1.000000000000000000),( 1.000000000000000000, 0.7225252651429999728, 1.000000000000000000),( 1.000000000000000000, 0.7193398003390000239, 1.000000000000000000) ) )REPRESENTATION_ITEM ( '' )  SURFACE ( )  );
#3661=EDGE_CURVE ( 'NONE', #4702, #3173, #2450, .T. );
#3662=STYLED_ITEM ( 'NONE', ( #36 ), #3634 );
#3663=PRESENTATION_LAYER_ASSIGNMENT (  '', '', ( #884 ) );
#3664=ADVANCED_FACE ( 'NONE', ( #3908 ), #672, .T. );
#3665=ORIENTED_EDGE ( 'NONE', *, *, #427, .F. );
#3666=ADVANCED_FACE ( 'NONE', ( #3541 ), #3210, .F. );
#3667=( GEOMETRIC_REPRESENTATION_CONTEXT ( 3 ) GLOBAL_UNCERTAINTY_ASSIGNED_CONTEXT ( ( #52 ) ) GLOBAL_UNIT_ASSIGNED_CONTEXT ( ( #20, #170, #26 ) ) REPRESENTATION_CONTEXT ( 'NONE', 'WORKASPACE' ) );
#3668=ADVANCED_FACE ( 'NONE', ( #3237 ), #3957, .T. );
#3669=PRESENTATION_LAYER_ASSIGNMENT (  '', '', ( #1939 ) );
#3670=CARTESIAN_POINT ( 'NONE',  ( 3.005470549997714791, 4.039867368407969117, 0.2933891210700000363 ) );
#3671=VERTEX_POINT ( 'NONE', #30 );
#3672=LINE ( 'NONE', #3614, #43 );
#3673=ORIENTED_EDGE ( 'NONE', *, *, #1747, .T. );
#3674=DIRECTION ( 'NONE',  ( -0.03487826426693743653, 0.03487826121779968175, -0.9987827659587187323 ) );
#3675=EDGE_CURVE ( 'NONE', #4341, #1527, #3373, .T. );
#3676=PLANE ( 'NONE',  #3158 );
#3677=EDGE_LOOP ( 'NONE', ( #1220, #4539, #267, #1868 ) );
#3678=ORIENTED_EDGE ( 'NONE', *, *, #4553, .F. );
#3679=ORIENTED_EDGE ( 'NONE', *, *, #4438, .T. );
#3680=ORIENTED_EDGE ( 'NONE', *, *, #3333, .T. );
#3681=( GEOMETRIC_REPRESENTATION_CONTEXT ( 3 ) GLOBAL_UNCERTAINTY_ASSIGNED_CONTEXT ( ( #52 ) ) GLOBAL_UNIT_ASSIGNED_CONTEXT ( ( #20, #170, #26 ) ) REPRESENTATION_CONTEXT ( 'NONE', 'WORKASPACE' ) );
#3682=CARTESIAN_POINT ( 'NONE',  ( -2.484535006720661965, -3.866553457867798027, 5.250000000000000000 ) );
#3683=FACE_OUTER_BOUND ( 'NONE', #4316, .T. );
#3684=ORIENTED_EDGE ( 'NONE', *, *, #2850, .T. );
#3685=STYLED_ITEM ( 'NONE', ( #165 ), #4317 );
#3686=EDGE_CURVE ( 'NONE', #3039, #469, #289, .T. );
#3687=CARTESIAN_POINT ( 'NONE',  ( -2.670107110303403530, 2.670112494188591423, 0.1499999999999999944 ) );
#3688=EDGE_CURVE ( 'NONE', #1756, #3898, #3741, .T. );
#3689=EDGE_LOOP ( 'NONE', ( #4760, #856, #4336, #2244 ) );
#3690=ORIENTED_EDGE ( 'NONE', *, *, #1226, .F. );
#3691=ADVANCED_FACE ( 'NONE', ( #1514 ), #1101, .F. );
#3692=ORIENTED_EDGE ( 'NONE', *, *, #4640, .F. );
#3693=ORIENTED_EDGE ( 'NONE', *, *, #4056, .T. );
#3694=EDGE_CURVE ( 'NONE', #2895, #4095, #4364, .T. );
#3695=LINE ( 'NONE', #1762, #788 );
#3696=CARTESIAN_POINT ( 'NONE',  ( 1.649983759140999817, 4.750006839375000567, -0.7999989200000000578 ) );
#3697=ORIENTED_EDGE ( 'NONE', *, *, #4525, .T. );
#3698=LINE ( 'NONE', #3053, #161 );
#3699=ORIENTED_EDGE ( 'NONE', *, *, #2146, .F. );
#3700=MECHANICAL_DESIGN_GEOMETRIC_PRESENTATION_REPRESENTATION (  '', ( #3332 ), #2815 );
#3701=ORIENTED_EDGE ( 'NONE', *, *, #701, .F. );
#3702=CARTESIAN_POINT ( 'NONE',  ( -0.0001071028724701494905, 2.500112610897996301, 5.299999999999999822 ) );
#3703=VERTEX_POINT ( 'NONE', #130 );
#3704=LINE ( 'NONE', #1505, #42 );
#3705=PLANE ( 'NONE',  #3001 );
#3706=ORIENTED_EDGE ( 'NONE', *, *, #3179, .F. );
#3707=ORIENTED_EDGE ( 'NONE', *, *, #1989, .T. );
#3708=( GEOMETRIC_REPRESENTATION_CONTEXT ( 3 ) GLOBAL_UNCERTAINTY_ASSIGNED_CONTEXT ( ( #52 ) ) GLOBAL_UNIT_ASSIGNED_CONTEXT ( ( #20, #170, #26 ) ) REPRESENTATION_CONTEXT ( 'NONE', 'WORKASPACE' ) );
#3709=STYLED_ITEM ( 'NONE', ( #36 ), #449 );
#3710=DIRECTION ( 'NONE',  ( 4.371138778582959671E-08, -0.9999999999999990008, 0.000000000000000000 ) );
#3711=( BOUNDED_CURVE ( )  B_SPLINE_CURVE ( 3, ( #1921, #71, #3955, #88 ),.UNSPECIFIED., .F., .T. )B_SPLINE_CURVE_WITH_KNOTS ( ( 4, 4 ),( 5.498396131367999651, 6.283185307180000123 ),.UNSPECIFIED. )CURVE ( )  GEOMETRIC_REPRESENTATION_ITEM ( )  RATIONAL_B_SPLINE_CURVE ( ( 1.000000000000000000, 0.9493306762729999404, 0.9493306762729999404, 1.000000000000000000 ) )REPRESENTATION_ITEM ( '' )  );
#3712=LINE ( 'NONE', #282, #43 );
#3713=EDGE_LOOP ( 'NONE', ( #1118, #962, #705, #2156 ) );
#3714=ORIENTED_EDGE ( 'NONE', *, *, #991, .T. );
#3715=CIRCLE ( 'NONE', #709, 1.580000000000000515 );
#3716=ADVANCED_FACE ( 'NONE', ( #2633 ), #4042, .F. );
#3717=VERTEX_POINT ( 'NONE', #1142 );
#3718=CARTESIAN_POINT ( 'NONE',  ( 0.4000142767190000281, 4.750006839375000567, -0.7999989200000000578 ) );
#3719=ORIENTED_EDGE ( 'NONE', *, *, #2843, .T. );
#3720=EDGE_CURVE ( 'NONE', #1123, #3542, #1662, .T. );
#3721=CARTESIAN_POINT ( 'NONE',  ( 2.499893104756622186, -2.249887279823528097, 5.326200000000000045 ) );
#3722=LINE ( 'NONE', #539, #522 );
#3723=STYLED_ITEM ( 'NONE', ( #36 ), #895 );
#3724=ADVANCED_FACE ( 'NONE', ( #4761 ), #2421, .T. );
#3725=( GEOMETRIC_REPRESENTATION_CONTEXT ( 3 ) GLOBAL_UNCERTAINTY_ASSIGNED_CONTEXT ( ( #52 ) ) GLOBAL_UNIT_ASSIGNED_CONTEXT ( ( #20, #170, #26 ) ) REPRESENTATION_CONTEXT ( 'NONE', 'WORKASPACE' ) );
#3726=FACE_OUTER_BOUND ( 'NONE', #3030, .T. );
#3727=CARTESIAN_POINT ( 'NONE',  ( -4.189722327466369300, 3.045139793093101233, 0.1499999999999999944 ) );
#3728=ORIENTED_EDGE ( 'NONE', *, *, #935, .F. );
#3729=EDGE_LOOP ( 'NONE', ( #4280, #3757, #1165, #4688 ) );
#3730=PRESENTATION_LAYER_ASSIGNMENT (  '', '', ( #1049 ) );
#3731=CARTESIAN_POINT ( 'NONE',  ( -4.050106810460100348, -4.189502766930116806, 0.2999999999999999889 ) );
#3732=ORIENTED_EDGE ( 'NONE', *, *, #257, .F. );
#3733=ORIENTED_EDGE ( 'NONE', *, *, #3007, .T. );
#3734=EDGE_CURVE ( 'NONE', #3998, #255, #2617, .T. );
#3735=STYLED_ITEM ( 'NONE', ( #36 ), #1526 );
#3736=DIRECTION ( 'NONE',  ( -4.371138733239198201E-08, 0.9999999999999992228, 0.000000000000000000 ) );
#3737=LINE ( 'NONE', #4675, #43 );
#3738=ORIENTED_EDGE ( 'NONE', *, *, #1139, .F. );
#3739=ORIENTED_EDGE ( 'NONE', *, *, #3923, .T. );
#3740=PRESENTATION_LAYER_ASSIGNMENT (  '', '', ( #3137 ) );
#3741=LINE ( 'NONE', #1906, #788 );
#3742=PLANE ( 'NONE',  #3969 );
#3743=ORIENTED_EDGE ( 'NONE', *, *, #2176, .T. );
#3744=PLANE ( 'NONE',  #3991 );
#3745=ORIENTED_EDGE ( 'NONE', *, *, #1464, .T. );
#3746=LINE ( 'NONE', #642, #43 );
#3747=FACE_OUTER_BOUND ( 'NONE', #2504, .T. );
#3748=( GEOMETRIC_REPRESENTATION_CONTEXT ( 3 ) GLOBAL_UNCERTAINTY_ASSIGNED_CONTEXT ( ( #52 ) ) GLOBAL_UNIT_ASSIGNED_CONTEXT ( ( #20, #170, #26 ) ) REPRESENTATION_CONTEXT ( 'NONE', 'WORKASPACE' ) );
#3749=EDGE_CURVE ( 'NONE', #153, #3781, #1181, .T. );
#3750=VERTEX_POINT ( 'NONE', #65 );
#3751=PLANE ( 'NONE',  #4231 );
#3752=CARTESIAN_POINT ( 'NONE',  ( 0.4000142767190000281, 3.250004759375000329, -0.7999989200000000578 ) );
#3753=ORIENTED_EDGE ( 'NONE', *, *, #1407, .F. );
#3754=CARTESIAN_POINT ( 'NONE',  ( -4.749985963281000423, -2.100010259414000213, -0.7999989200000000578 ) );
#3755=( GEOMETRIC_REPRESENTATION_CONTEXT ( 3 ) GLOBAL_UNCERTAINTY_ASSIGNED_CONTEXT ( ( #52 ) ) GLOBAL_UNIT_ASSIGNED_CONTEXT ( ( #20, #170, #26 ) ) REPRESENTATION_CONTEXT ( 'NONE', 'WORKASPACE' ) );
#3756=EDGE_CURVE ( 'NONE', #2072, #2465, #4787, .T. );
#3757=ORIENTED_EDGE ( 'NONE', *, *, #2921, .F. );
#3758=ORIENTED_EDGE ( 'NONE', *, *, #1497, .T. );
#3759=MECHANICAL_DESIGN_GEOMETRIC_PRESENTATION_REPRESENTATION (  '', ( #3685 ), #3403 );
#3760=MECHANICAL_DESIGN_GEOMETRIC_PRESENTATION_REPRESENTATION (  '', ( #3910 ), #3308 );
#3761=CARTESIAN_POINT ( 'NONE',  ( -3.354352832306337628, 3.600035273229926336, 4.632061452930983592 ) );
#3762=ORIENTED_EDGE ( 'NONE', *, *, #4786, .T. );
#3763=AXIS2_PLACEMENT_3D ( 'NONE', #1158, #4790, #4818 );
#3764=AXIS2_PLACEMENT_3D ( 'NONE', #1800, #622, #3222 );
#3765=CARTESIAN_POINT ( 'NONE',  ( 3.161282284355652283, 2.874771949022717266, 5.249999999999999112 ) );
#3766=PRESENTATION_LAYER_ASSIGNMENT (  '', '', ( #3999 ) );
#3767=FACE_OUTER_BOUND ( 'NONE', #708, .T. );
#3768=ORIENTED_EDGE ( 'NONE', *, *, #4452, .F. );
#3769=CYLINDRICAL_SURFACE ( 'NONE', #2595, 1.405000000000000471 );
#3770=EDGE_CURVE ( 'NONE', #4061, #2286, #3062, .T. );
#3771=EDGE_CURVE ( 'NONE', #1789, #424, #4251, .T. );
#3772=CARTESIAN_POINT ( 'NONE',  ( 3.888256962976609277, 2.854297758449788169, 4.628647106619999896 ) );
#3773=ORIENTED_EDGE ( 'NONE', *, *, #3675, .T. );
#3774=EDGE_CURVE ( 'NONE', #4619, #2702, #2723, .T. );
#3775=STYLED_ITEM ( 'NONE', ( #36 ), #477 );
#3776=VERTEX_POINT ( 'NONE', #1219 );
#3777=ORIENTED_EDGE ( 'NONE', *, *, #673, .F. );
#3778=EDGE_LOOP ( 'NONE', ( #1547, #2189, #1340, #375 ) );
#3779=LINE ( 'NONE', #1626, #43 );
#3780=STYLED_ITEM ( 'NONE', ( #36 ), #540 );
#3781=VERTEX_POINT ( 'NONE', #1949 );
#3782=ORIENTED_EDGE ( 'NONE', *, *, #1945, .T. );
#3783=LINE ( 'NONE', #30, #42 );
#3784=CIRCLE ( 'NONE', #2731, 0.1500000000000000222 );
#3785=PRESENTATION_LAYER_ASSIGNMENT (  '', '', ( #3864 ) );
#3786=( GEOMETRIC_REPRESENTATION_CONTEXT ( 3 ) GLOBAL_UNCERTAINTY_ASSIGNED_CONTEXT ( ( #52 ) ) GLOBAL_UNIT_ASSIGNED_CONTEXT ( ( #20, #170, #26 ) ) REPRESENTATION_CONTEXT ( 'NONE', 'WORKASPACE' ) );
#3787=ORIENTED_EDGE ( 'NONE', *, *, #1085, .T. );
#3788=STYLED_ITEM ( 'NONE', ( #165 ), #771 );
#3789=FACE_OUTER_BOUND ( 'NONE', #541, .T. );
#3790=EDGE_LOOP ( 'NONE', ( #3733, #3980, #625, #632 ) );
#3791=LINE ( 'NONE', #868, #43 );
#3792=AXIS2_PLACEMENT_3D ( 'NONE', #82, #25, #8 );
#3793=LINE ( 'NONE', #1018, #428 );
#3794=( GEOMETRIC_REPRESENTATION_CONTEXT ( 3 ) GLOBAL_UNCERTAINTY_ASSIGNED_CONTEXT ( ( #52 ) ) GLOBAL_UNIT_ASSIGNED_CONTEXT ( ( #20, #170, #26 ) ) REPRESENTATION_CONTEXT ( 'NONE', 'WORKASPACE' ) );
#3795=ORIENTED_EDGE ( 'NONE', *, *, #1051, .T. );
#3796=EDGE_CURVE ( 'NONE', #2716, #2752, #4460, .T. );
#3797=EDGE_CURVE ( 'NONE', #4430, #419, #3779, .T. );
#3798=ORIENTED_EDGE ( 'NONE', *, *, #1837, .F. );
#3799=PRESENTATION_LAYER_ASSIGNMENT (  '', '', ( #633 ) );
#3800=ORIENTED_EDGE ( 'NONE', *, *, #861, .T. );
#3801=ORIENTED_EDGE ( 'NONE', *, *, #2525, .F. );
#3802=EDGE_CURVE ( 'NONE', #3477, #3225, #896, .T. );
#3803=VERTEX_POINT ( 'NONE', #420 );
#3804=MANIFOLD_SOLID_BREP ( 'Fl�che verschieben6', #1060 );
#3805=ADVANCED_FACE ( 'NONE', ( #3925 ), #2145, .F. );
#3806=CARTESIAN_POINT ( 'NONE',  ( 4.044654775777907219, 2.635675252483151709, 0.1499999999999999944 ) );
#3807=ORIENTED_EDGE ( 'NONE', *, *, #3814, .F. );
#3808=( GEOMETRIC_REPRESENTATION_CONTEXT ( 3 ) GLOBAL_UNCERTAINTY_ASSIGNED_CONTEXT ( ( #52 ) ) GLOBAL_UNIT_ASSIGNED_CONTEXT ( ( #20, #170, #26 ) ) REPRESENTATION_CONTEXT ( 'NONE', 'WORKASPACE' ) );
#3809=LINE ( 'NONE', #952, #43 );
#3810=MECHANICAL_DESIGN_GEOMETRIC_PRESENTATION_REPRESENTATION (  '', ( #3735 ), #1444 );
#3811=LINE ( 'NONE', #191, #43 );
#3812=VERTEX_POINT ( 'NONE', #547 );
#3813=EDGE_CURVE ( 'NONE', #1789, #355, #3152, .T. );
#3814=EDGE_CURVE ( 'NONE', #3232, #1518, #1689, .T. );
#3815=CARTESIAN_POINT ( 'NONE',  ( 2.599892905869806814, 2.300112724547604959, 5.479999999999999538 ) );
#3816=ORIENTED_EDGE ( 'NONE', *, *, #4588, .F. );
#3817=AXIS2_PLACEMENT_3D ( 'NONE', #1453, #25, #8 );
#3818=DIRECTION ( 'NONE',  ( -4.368475998943964983E-08, 0.9993908270190947629, -0.03489949670250334923 ) );
#3819=LINE ( 'NONE', #1857, #43 );
#3820=EDGE_LOOP ( 'NONE', ( #578, #4307, #2034, #3986 ) );
#3821=MECHANICAL_DESIGN_GEOMETRIC_PRESENTATION_REPRESENTATION (  '', ( #2260 ), #3154 );
#3822=EDGE_LOOP ( 'NONE', ( #1786, #2643, #3579, #3100 ) );
#3823=ORIENTED_EDGE ( 'NONE', *, *, #1202, .T. );
#3824=ADVANCED_FACE ( 'NONE', ( #4273 ), #4264, .F. );
#3825=PRESENTATION_LAYER_ASSIGNMENT (  '', '', ( #3315 ) );
#3826=CARTESIAN_POINT ( 'NONE',  ( 3.354138530402948515, 3.600035566466759818, 4.632061452930950729 ) );
#3827=VERTEX_POINT ( 'NONE', #1360 );
#3828=ADVANCED_FACE ( 'NONE', ( #4242 ), #3139, .F. );
#3829=ADVANCED_FACE ( 'NONE', ( #1726 ), #1016, .T. );
#3830=LINE ( 'NONE', #282, #229 );
#3831=CARTESIAN_POINT ( 'NONE',  ( 3.633494127574239840, 3.633714049725751405, 0.1499999999999999944 ) );
#3832=ORIENTED_EDGE ( 'NONE', *, *, #494, .T. );
#3833=VERTEX_POINT ( 'NONE', #3614 );
#3834=VERTEX_POINT ( 'NONE', #4516 );
#3835=( BOUNDED_SURFACE ( )  B_SPLINE_SURFACE ( 3, 2, (( #137, #927, #435 ),( #21, #1663, #897 ),( #4253, #1370, #4504 ),( #130, #3200, #548 ) ),.UNSPECIFIED., .F., .F., .F. )B_SPLINE_SURFACE_WITH_KNOTS ( ( 4, 4 ),( 3, 3 ),( 0.000000000000000000, 0.7847891758120000283 ),( 0.000000000000000000, 1.000000000000000000 ),.UNSPECIFIED. )GEOMETRIC_REPRESENTATION_ITEM ( )  RATIONAL_B_SPLINE_SURFACE ( (( 1.000000000000000000, 0.7243360104960000490, 1.000000000000000000),( 1.000000000000000000, 0.7243530631100000283, 1.000000000000000000),( 1.000000000000000000, 0.7225252651429999728, 1.000000000000000000),( 1.000000000000000000, 0.7193398003390000239, 1.000000000000000000) ) )REPRESENTATION_ITEM ( '' )  SURFACE ( )  );
#3836=EDGE_CURVE ( 'NONE', #3181, #1580, #1303, .T. );
#3837=PRESENTATION_LAYER_ASSIGNMENT (  '', '', ( #474 ) );
#3838=MECHANICAL_DESIGN_GEOMETRIC_PRESENTATION_REPRESENTATION (  '', ( #3252 ), #3995 );
#3839=VERTEX_POINT ( 'NONE', #996 );
#3840=FACE_OUTER_BOUND ( 'NONE', #110, .T. );
#3841=LINE ( 'NONE', #2130, #43 );
#3842=EDGE_CURVE ( 'NONE', #1811, #4403, #4698, .T. );
#3843=CIRCLE ( 'NONE', #850, 0.2999999999999999334 );
#3844=CARTESIAN_POINT ( 'NONE',  ( 2.599893120055608353, -2.599887275452390512, 5.479999999999999538 ) );
#3845=VERTEX_POINT ( 'NONE', #94 );
#3846=EDGE_CURVE ( 'NONE', #2269, #1665, #4390, .T. );
#3847=ORIENTED_EDGE ( 'NONE', *, *, #4477, .T. );
#3848=ORIENTED_EDGE ( 'NONE', *, *, #991, .F. );
#3849=ORIENTED_EDGE ( 'NONE', *, *, #3863, .F. );
#3850=CARTESIAN_POINT ( 'NONE',  ( -2.670107110303403530, 2.670112494188591423, 0.000000000000000000 ) );
#3851=ORIENTED_EDGE ( 'NONE', *, *, #2179, .F. );
#3852=FACE_OUTER_BOUND ( 'NONE', #4646, .T. );
#3853=EDGE_LOOP ( 'NONE', ( #197, #2259, #4471, #3692 ) );
#3854=CARTESIAN_POINT ( 'NONE',  ( -2.600107034059198519, 0.9258484285364605437, 5.479999999999999538 ) );
#3855=ORIENTED_EDGE ( 'NONE', *, *, #1708, .T. );
#3856=ADVANCED_FACE ( 'NONE', ( #3726 ), #3676, .F. );
#3857=ADVANCED_FACE ( 'NONE', ( #2584 ), #1088, .F. );
#3858=STYLED_ITEM ( 'NONE', ( #36 ), #2492 );
#3859=( GEOMETRIC_REPRESENTATION_CONTEXT ( 3 ) GLOBAL_UNCERTAINTY_ASSIGNED_CONTEXT ( ( #52 ) ) GLOBAL_UNIT_ASSIGNED_CONTEXT ( ( #20, #170, #26 ) ) REPRESENTATION_CONTEXT ( 'NONE', 'WORKASPACE' ) );
#3860=EDGE_CURVE ( 'NONE', #2806, #4741, #1133, .T. );
#3861=( GEOMETRIC_REPRESENTATION_CONTEXT ( 3 ) GLOBAL_UNCERTAINTY_ASSIGNED_CONTEXT ( ( #52 ) ) GLOBAL_UNIT_ASSIGNED_CONTEXT ( ( #20, #170, #26 ) ) REPRESENTATION_CONTEXT ( 'NONE', 'WORKASPACE' ) );
#3862=ORIENTED_EDGE ( 'NONE', *, *, #2544, .T. );
#3863=EDGE_CURVE ( 'NONE', #4385, #3305, #780, .T. );
#3864=STYLED_ITEM ( 'NONE', ( #36 ), #2788 );
#3865=EDGE_LOOP ( 'NONE', ( #1214, #3400, #2515, #2553 ) );
#3866=PRESENTATION_LAYER_ASSIGNMENT (  '', '', ( #1194 ) );
#3867=ORIENTED_EDGE ( 'NONE', *, *, #4268, .T. );
#3868=CARTESIAN_POINT ( 'NONE',  ( 3.017917440099028070, -3.017911558950965301, 4.599999999999999645 ) );
#3869=( GEOMETRIC_REPRESENTATION_CONTEXT ( 3 ) GLOBAL_UNCERTAINTY_ASSIGNED_CONTEXT ( ( #52 ) ) GLOBAL_UNIT_ASSIGNED_CONTEXT ( ( #20, #170, #26 ) ) REPRESENTATION_CONTEXT ( 'NONE', 'WORKASPACE' ) );
#3870=MECHANICAL_DESIGN_GEOMETRIC_PRESENTATION_REPRESENTATION (  '', ( #4365 ), #3950 );
#3871=( GEOMETRIC_REPRESENTATION_CONTEXT ( 3 ) GLOBAL_UNCERTAINTY_ASSIGNED_CONTEXT ( ( #52 ) ) GLOBAL_UNIT_ASSIGNED_CONTEXT ( ( #20, #170, #26 ) ) REPRESENTATION_CONTEXT ( 'NONE', 'WORKASPACE' ) );
#3872=EDGE_LOOP ( 'NONE', ( #865, #3246, #4275, #2438 ) );
#3873=EDGE_CURVE ( 'NONE', #202, #2799, #3984, .T. );
#3874=ORIENTED_EDGE ( 'NONE', *, *, #3526, .F. );
#3875=ORIENTED_EDGE ( 'NONE', *, *, #3468, .T. );
#3876=ORIENTED_EDGE ( 'NONE', *, *, #3212, .F. );
#3877=CARTESIAN_POINT ( 'NONE',  ( -2.500106895243373817, -2.249887498380468198, 5.299999999999999822 ) );
#3878=AXIS2_PLACEMENT_3D ( 'NONE', #3074, #1197, #231 );
#3879=ORIENTED_EDGE ( 'NONE', *, *, #3888, .T. );
#3880=ORIENTED_EDGE ( 'NONE', *, *, #4520, .F. );
#3881=MECHANICAL_DESIGN_GEOMETRIC_PRESENTATION_REPRESENTATION (  '', ( #1049 ), #1052 );
#3882=ORIENTED_EDGE ( 'NONE', *, *, #723, .T. );
#3883=STYLED_ITEM ( 'NONE', ( #256 ), #1936 );
#3884=ORIENTED_EDGE ( 'NONE', *, *, #3520, .F. );
#3885=DIRECTION ( 'NONE',  ( 0.03487826121779968175, 0.03487826426693743653, -0.9987827659587187323 ) );
#3886=CARTESIAN_POINT ( 'NONE',  ( 3.249983519140999810, 2.900004999374999670, -0.7999989200000000578 ) );
#3887=( GEOMETRIC_REPRESENTATION_CONTEXT ( 3 ) GLOBAL_UNCERTAINTY_ASSIGNED_CONTEXT ( ( #52 ) ) GLOBAL_UNIT_ASSIGNED_CONTEXT ( ( #20, #170, #26 ) ) REPRESENTATION_CONTEXT ( 'NONE', 'WORKASPACE' ) );
#3888=EDGE_CURVE ( 'NONE', #693, #4534, #4671, .T. );
#3889=PLANE ( 'NONE',  #4561 );
#3890=ADVANCED_FACE ( 'NONE', ( #297 ), #4371, .T. );
#3891=FACE_BOUND ( 'NONE', #4752, .T. );
#3892=CARTESIAN_POINT ( 'NONE',  ( 3.017814602600368268, 3.999302709930278255, 0.2935851544070481323 ) );
#3893=PLANE ( 'NONE',  #3427 );
#3894=STYLED_ITEM ( 'NONE', ( #165 ), #1743 );
#3895=LINE ( 'NONE', #654, #161 );
#3896=ORIENTED_EDGE ( 'NONE', *, *, #2428, .T. );
#3897=EDGE_CURVE ( 'NONE', #4120, #1654, #1343, .T. );
#3898=VERTEX_POINT ( 'NONE', #1018 );
#3899=PRESENTATION_LAYER_ASSIGNMENT (  '', '', ( #2323 ) );
#3900=EDGE_LOOP ( 'NONE', ( #2935, #4603, #3657, #627 ) );
#3901=EDGE_CURVE ( 'NONE', #4534, #1055, #4230, .T. );
#3902=CARTESIAN_POINT ( 'NONE',  ( -4.041961415060011831, -2.637597990579068963, 0.2332555483279999953 ) );
#3903=CIRCLE ( 'NONE', #418, 0.09999980000000019409 );
#3904=CARTESIAN_POINT ( 'NONE',  ( -4.044868762965906583, -2.635450030687152001, 0.1499999999999999944 ) );
#3905=ORIENTED_EDGE ( 'NONE', *, *, #2202, .F. );
#3906=CARTESIAN_POINT ( 'NONE',  ( 2.249893104756622186, -2.249887290751375168, 5.326200000000000045 ) );
#3907=MECHANICAL_DESIGN_GEOMETRIC_PRESENTATION_REPRESENTATION (  '', ( #572 ), #1159 );
#3908=FACE_OUTER_BOUND ( 'NONE', #2030, .T. );
#3909=ORIENTED_EDGE ( 'NONE', *, *, #4666, .T. );
#3910=STYLED_ITEM ( 'NONE', ( #256 ), #4105 );
#3911=CARTESIAN_POINT ( 'NONE',  ( -3.711115471729463877, -3.199889644230332841, 5.250000000001000977 ) );
#3912=ORIENTED_EDGE ( 'NONE', *, *, #2542, .T. );
#3913=MECHANICAL_DESIGN_GEOMETRIC_PRESENTATION_REPRESENTATION (  '', ( #1317 ), #4333 );
#3914=LINE ( 'NONE', #492, #161 );
#3915=LINE ( 'NONE', #116, #161 );
#3916=CARTESIAN_POINT ( 'NONE',  ( -0.0001068843155293749958, -2.499887389101997481, 5.299999999999999822 ) );
#3917=ORIENTED_EDGE ( 'NONE', *, *, #2621, .T. );
#3918=EDGE_CURVE ( 'NONE', #3173, #439, #64, .T. );
#3919=LINE ( 'NONE', #3527, #142 );
#3920=AXIS2_PLACEMENT_3D ( 'NONE', #3094, #175, #150 );
#3921=ORIENTED_EDGE ( 'NONE', *, *, #2411, .F. );
#3922=CARTESIAN_POINT ( 'NONE',  ( 3.847713477310261698, 2.866665179193815582, 4.628236799001933299 ) );
#3923=EDGE_CURVE ( 'NONE', #2533, #1140, #2975, .T. );
#3924=EDGE_LOOP ( 'NONE', ( #506, #3832, #3320, #3665 ) );
#3925=FACE_OUTER_BOUND ( 'NONE', #1758, .T. );
#3926=CARTESIAN_POINT ( 'NONE',  ( -3.855048831529137132, -3.355945170455971294, 0.2928602498807826859 ) );
#3927=PLANE ( 'NONE',  #648 );
#3928=EDGE_LOOP ( 'NONE', ( #1634, #1805, #4590, #733 ) );
#3929=CARTESIAN_POINT ( 'NONE',  ( -4.189722371422116787, 4.050112427764100076, 0.2999999999999999889 ) );
#3930=LINE ( 'NONE', #613, #49 );
#3931=ORIENTED_EDGE ( 'NONE', *, *, #2058, .F. );
#3932=ORIENTED_EDGE ( 'NONE', *, *, #2948, .T. );
#3933=CARTESIAN_POINT ( 'NONE',  ( 4.189508030171873898, 4.050112794031890395, 0.2999999999999999889 ) );
#3934=AXIS2_PLACEMENT_3D ( 'NONE', #1648, #114, #8 );
#3935=PLANE ( 'NONE',  #2846 );
#3936=CARTESIAN_POINT ( 'NONE',  ( -2.899984123280999970, -3.249993160624999877, -0.8189997673030000591 ) );
#3937=CARTESIAN_POINT ( 'NONE',  ( -0.8965537013513481535, 2.250112571713070775, 5.250000000000000000 ) );
#3938=FACE_BOUND ( 'NONE', #3729, .T. );
#3939=VERTEX_POINT ( 'NONE', #2442 );
#3940=MECHANICAL_DESIGN_GEOMETRIC_PRESENTATION_REPRESENTATION (  '', ( #1496 ), #333 );
#3941=ORIENTED_EDGE ( 'NONE', *, *, #646, .T. );
#3942=CARTESIAN_POINT ( 'NONE',  ( -3.018028939408532008, 3.999302446095732932, 0.2935851544070697261 ) );
#3943=ORIENTED_EDGE ( 'NONE', *, *, #801, .T. );
#3944=FACE_OUTER_BOUND ( 'NONE', #1178, .T. );
#3945=PLANE ( 'NONE',  #513 );
#3946=EDGE_CURVE ( 'NONE', #4297, #1387, #2474, .T. );
#3947=ORIENTED_EDGE ( 'NONE', *, *, #4617, .T. );
#3948=MECHANICAL_DESIGN_GEOMETRIC_PRESENTATION_REPRESENTATION (  '', ( #716 ), #2829 );
#3949=MECHANICAL_DESIGN_GEOMETRIC_PRESENTATION_REPRESENTATION (  '', ( #4084 ), #340 );
#3950=( GEOMETRIC_REPRESENTATION_CONTEXT ( 3 ) GLOBAL_UNCERTAINTY_ASSIGNED_CONTEXT ( ( #52 ) ) GLOBAL_UNIT_ASSIGNED_CONTEXT ( ( #20, #170, #26 ) ) REPRESENTATION_CONTEXT ( 'NONE', 'WORKASPACE' ) );
#3951=EDGE_CURVE ( 'NONE', #1753, #4647, #3903, .T. );
#3952=CARTESIAN_POINT ( 'NONE',  ( -2.877639098846143106, 3.158629121306080645, 5.250000000000000000 ) );
#3953=EDGE_CURVE ( 'NONE', #1546, #2161, #4530, .T. );
#3954=LINE ( 'NONE', #1875, #89 );
#3955=CARTESIAN_POINT ( 'NONE',  ( -3.439390120194377509, -4.029721129216843778, 0.1499999999999999944 ) );
#3956=ORIENTED_EDGE ( 'NONE', *, *, #1301, .T. );
#3957=PLANE ( 'NONE',  #1454 );
#3958=VERTEX_POINT ( 'NONE', #2779 );
#3959=CARTESIAN_POINT ( 'NONE',  ( -3.861036649365824136, -2.846495159748595238, 5.250000000000000000 ) );
#3960=AXIS2_PLACEMENT_3D ( 'NONE', #45, #1734, #231 );
#3961=DIRECTION ( 'NONE',  ( -0.9999999999999991118, -4.371138795251457004E-08, 0.000000000000000000 ) );
#3962=ORIENTED_EDGE ( 'NONE', *, *, #484, .F. );
#3963=PRESENTATION_LAYER_ASSIGNMENT (  '', '', ( #3883 ) );
#3964=ADVANCED_FACE ( 'NONE', ( #3852 ), #4564, .T. );
#3965=PLANE ( 'NONE',  #2271 );
#3966=ORIENTED_EDGE ( 'NONE', *, *, #1326, .T. );
#3967=EDGE_LOOP ( 'NONE', ( #2555, #1537, #4496, #4815 ) );
#3968=( GEOMETRIC_REPRESENTATION_CONTEXT ( 3 ) GLOBAL_UNCERTAINTY_ASSIGNED_CONTEXT ( ( #52 ) ) GLOBAL_UNIT_ASSIGNED_CONTEXT ( ( #20, #170, #26 ) ) REPRESENTATION_CONTEXT ( 'NONE', 'WORKASPACE' ) );
#3969=AXIS2_PLACEMENT_3D ( 'NONE', #1845, #2801, #4578 );
#3970=ORIENTED_EDGE ( 'NONE', *, *, #4474, .T. );
#3971=ORIENTED_EDGE ( 'NONE', *, *, #3388, .F. );
#3972=ORIENTED_EDGE ( 'NONE', *, *, #3442, .F. );
#3973=ORIENTED_EDGE ( 'NONE', *, *, #2569, .F. );
#3974=CARTESIAN_POINT ( 'NONE',  ( -3.896517854291021266, -3.370679111341527534, 0.1499999999999999944 ) );
#3975=FACE_OUTER_BOUND ( 'NONE', #2900, .T. );
#3976=PLANE ( 'NONE',  #720 );
#3977=VERTEX_POINT ( 'NONE', #164 );
#3978=FACE_OUTER_BOUND ( 'NONE', #3385, .T. );
#3979=ADVANCED_FACE ( 'NONE', ( #3204 ), #2638, .F. );
#3980=ORIENTED_EDGE ( 'NONE', *, *, #3860, .T. );
#3981=EDGE_CURVE ( 'NONE', #3812, #4693, #1099, .T. );
#3982=CARTESIAN_POINT ( 'NONE',  ( 2.637603546505981278, -2.637597698606013452, 0.1842217554610000030 ) );
#3983=EDGE_CURVE ( 'NONE', #1056, #2703, #1740, .T. );
#3984=LINE ( 'NONE', #1424, #161 );
#3985=DIRECTION ( 'NONE',  ( -0.03487826426693745041, 0.03487826121778289656, 0.9987827659587191764 ) );
#3986=ORIENTED_EDGE ( 'NONE', *, *, #2738, .F. );
#3987=VERTEX_POINT ( 'NONE', #2647 );
#3988=ORIENTED_EDGE ( 'NONE', *, *, #4130, .T. );
#3989=EDGE_CURVE ( 'NONE', #2870, #2072, #1389, .T. );
#3990=EDGE_LOOP ( 'NONE', ( #4718, #119, #3972, #1791 ) );
#3991=AXIS2_PLACEMENT_3D ( 'NONE', #191, #231, #150 );
#3992=( GEOMETRIC_REPRESENTATION_CONTEXT ( 3 ) GLOBAL_UNCERTAINTY_ASSIGNED_CONTEXT ( ( #52 ) ) GLOBAL_UNIT_ASSIGNED_CONTEXT ( ( #20, #170, #26 ) ) REPRESENTATION_CONTEXT ( 'NONE', 'WORKASPACE' ) );
#3993=ORIENTED_EDGE ( 'NONE', *, *, #1062, .T. );
#3994=ADVANCED_FACE ( 'NONE', ( #2872 ), #3626, .F. );
#3995=( GEOMETRIC_REPRESENTATION_CONTEXT ( 3 ) GLOBAL_UNCERTAINTY_ASSIGNED_CONTEXT ( ( #52 ) ) GLOBAL_UNIT_ASSIGNED_CONTEXT ( ( #20, #170, #26 ) ) REPRESENTATION_CONTEXT ( 'NONE', 'WORKASPACE' ) );
#3996=CIRCLE ( 'NONE', #3624, 0.6500000000000002442 );
#3997=STYLED_ITEM ( 'NONE', ( #36 ), #2126 );
#3998=VERTEX_POINT ( 'NONE', #88 );
#3999=STYLED_ITEM ( 'NONE', ( #165 ), #2193 );
#4000=EDGE_LOOP ( 'NONE', ( #4295, #3515, #4059, #4020 ) );
#4001=DIRECTION ( 'NONE',  ( 4.368476005262041970E-08, -0.9993908270190946519, 0.03489949670250334923 ) );
#4002=PLANE ( 'NONE',  #3502 );
#4003=EDGE_CURVE ( 'NONE', #4385, #851, #2554, .T. );
#4004=EDGE_CURVE ( 'NONE', #58, #2979, #4038, .T. );
#4005=ADVANCED_FACE ( 'NONE', ( #1172 ), #384, .F. );
#4006=DIRECTION ( 'NONE',  ( -0.9999999999999991118, -4.371138778583661120E-08, 0.000000000000000000 ) );
#4007=LINE ( 'NONE', #623, #229 );
#4008=ORIENTED_EDGE ( 'NONE', *, *, #3363, .T. );
#4009=PRESENTATION_LAYER_ASSIGNMENT (  '', '', ( #2216 ) );
#4010=ORIENTED_EDGE ( 'NONE', *, *, #3420, .T. );
#4011=FACE_BOUND ( 'NONE', #3967, .T. );
#4012=EDGE_LOOP ( 'NONE', ( #4044, #2773, #3629, #3847 ) );
#4013=ADVANCED_FACE ( 'NONE', ( #3396 ), #4780, .T. );
#4014=B_SPLINE_CURVE_WITH_KNOTS ( 'NONE', 3,( #1292, #1321, #1872, #1815, #3647, #369 ),.UNSPECIFIED., .F., .F.,( 4, 2, 4 ),( 0.000000000000000000, 0.5000000000000000000, 1.000000000000000000 ),.UNSPECIFIED. );
#4015=ORIENTED_EDGE ( 'NONE', *, *, #4610, .F. );
#4016=AXIS2_PLACEMENT_3D ( 'NONE', #1142, #75, #28 );
#4017=AXIS2_PLACEMENT_3D ( 'NONE', #1666, #150, #231 );
#4018=EDGE_CURVE ( 'NONE', #3334, #1776, #1483, .T. );
#4019=AXIS2_PLACEMENT_3D ( 'NONE', #4382, #303, #3710 );
#4020=ORIENTED_EDGE ( 'NONE', *, *, #811, .F. );
#4021=AXIS2_PLACEMENT_3D ( 'NONE', #697, #28, #10 );
#4022=ORIENTED_EDGE ( 'NONE', *, *, #3013, .F. );
#4023=CARTESIAN_POINT ( 'NONE',  ( -2.647671129141696333, 2.647676514988299701, -0.09794828718166999348 ) );
#4024=PRESENTATION_LAYER_ASSIGNMENT (  '', '', ( #1359 ) );
#4025=PRESENTATION_LAYER_ASSIGNMENT (  '', '', ( #4802 ) );
#4026=FACE_OUTER_BOUND ( 'NONE', #4154, .T. );
#4027=ORIENTED_EDGE ( 'NONE', *, *, #1452, .F. );
#4028=ORIENTED_EDGE ( 'NONE', *, *, #3146, .T. );
#4029=VERTEX_POINT ( 'NONE', #3336 );
#4030=ADVANCED_FACE ( 'NONE', ( #2602 ), #2324, .F. );
#4031=PRESENTATION_LAYER_ASSIGNMENT (  '', '', ( #1366 ) );
#4032=EDGE_LOOP ( 'NONE', ( #3, #1396, #1512, #1028 ) );
#4033=EDGE_CURVE ( 'NONE', #4584, #3241, #2017, .T. );
#4034=MECHANICAL_DESIGN_GEOMETRIC_PRESENTATION_REPRESENTATION (  '', ( #1441 ), #441 );
#4035=CARTESIAN_POINT ( 'NONE',  ( 1.650014276719000250, -3.249993160624999877, -0.7999989200000000578 ) );
#4036=VERTEX_POINT ( 'NONE', #3455 );
#4037=EDGE_CURVE ( 'NONE', #3225, #300, #1685, .T. );
#4038=LINE ( 'NONE', #357, #259 );
#4039=PLANE ( 'NONE',  #1061 );
#4040=EDGE_LOOP ( 'NONE', ( #943, #2255, #437, #3465 ) );
#4041=EDGE_LOOP ( 'NONE', ( #12, #4733, #687, #4478 ) );
#4042=PLANE ( 'NONE',  #989 );
#4043=ADVANCED_FACE ( 'NONE', ( #889 ), #4453, .T. );
#4044=ORIENTED_EDGE ( 'NONE', *, *, #2179, .T. );
#4045=VERTEX_POINT ( 'NONE', #539 );
#4046=AXIS2_PLACEMENT_3D ( 'NONE', #178, #25, #8 );
#4047=ORIENTED_EDGE ( 'NONE', *, *, #2681, .T. );
#4048=VERTEX_POINT ( 'NONE', #2092 );
#4049=VERTEX_POINT ( 'NONE', #1631 );
#4050=( GEOMETRIC_REPRESENTATION_CONTEXT ( 3 ) GLOBAL_UNCERTAINTY_ASSIGNED_CONTEXT ( ( #52 ) ) GLOBAL_UNIT_ASSIGNED_CONTEXT ( ( #20, #170, #26 ) ) REPRESENTATION_CONTEXT ( 'NONE', 'WORKASPACE' ) );
#4051=FACE_OUTER_BOUND ( 'NONE', #4836, .T. );
#4052=ORIENTED_EDGE ( 'NONE', *, *, #3771, .F. );
#4053=EDGE_CURVE ( 'NONE', #681, #875, #1656, .T. );
#4054=EDGE_CURVE ( 'NONE', #1518, #72, #1285, .T. );
#4055=MECHANICAL_DESIGN_GEOMETRIC_PRESENTATION_REPRESENTATION (  '', ( #2197 ), #1707 );
#4056=EDGE_CURVE ( 'NONE', #4678, #2789, #3170, .T. );
#4057=CYLINDRICAL_SURFACE ( 'NONE', #2016, 1.580000000000000071 );
#4058=STYLED_ITEM ( 'NONE', ( #256 ), #4416 );
#4059=ORIENTED_EDGE ( 'NONE', *, *, #3311, .F. );
#4060=( GEOMETRIC_REPRESENTATION_CONTEXT ( 3 ) GLOBAL_UNCERTAINTY_ASSIGNED_CONTEXT ( ( #52 ) ) GLOBAL_UNIT_ASSIGNED_CONTEXT ( ( #20, #170, #26 ) ) REPRESENTATION_CONTEXT ( 'NONE', 'WORKASPACE' ) );
#4061=VERTEX_POINT ( 'NONE', #2770 );
#4062=ORIENTED_EDGE ( 'NONE', *, *, #2513, .T. );
#4063=AXIS2_PLACEMENT_3D ( 'NONE', #3026, #8, #1536 );
#4064=LINE ( 'NONE', #1064, #142 );
#4065=VERTEX_POINT ( 'NONE', #101 );
#4066=MECHANICAL_DESIGN_GEOMETRIC_PRESENTATION_REPRESENTATION (  '', ( #1398 ), #490 );
#4067=VERTEX_POINT ( 'NONE', #152 );
#4068=ORIENTED_EDGE ( 'NONE', *, *, #1682, .F. );
#4069=ORIENTED_EDGE ( 'NONE', *, *, #2654, .T. );
#4070=STYLED_ITEM ( 'NONE', ( #165 ), #2376 );
#4071=LINE ( 'NONE', #2307, #42 );
#4072=( GEOMETRIC_REPRESENTATION_CONTEXT ( 3 ) GLOBAL_UNCERTAINTY_ASSIGNED_CONTEXT ( ( #52 ) ) GLOBAL_UNIT_ASSIGNED_CONTEXT ( ( #20, #170, #26 ) ) REPRESENTATION_CONTEXT ( 'NONE', 'WORKASPACE' ) );
#4073=VERTEX_POINT ( 'NONE', #4131 );
#4074=STYLED_ITEM ( 'NONE', ( #36 ), #2460 );
#4075=EDGE_CURVE ( 'NONE', #546, #2066, #4177, .T. );
#4076=CARTESIAN_POINT ( 'NONE',  ( -2.670106876884591696, -2.669887505811403106, 0.000000000000000000 ) );
#4077=CARTESIAN_POINT ( 'NONE',  ( 3.370684728645527706, -3.896298249799021285, 0.1499999999999999944 ) );
#4078=ORIENTED_EDGE ( 'NONE', *, *, #1548, .F. );
#4079=EDGE_CURVE ( 'NONE', #4573, #2701, #4529, .T. );
#4080=CARTESIAN_POINT ( 'NONE',  ( -3.158623755563913615, 2.877644440023851224, 5.250000000000000000 ) );
#4081=MECHANICAL_DESIGN_GEOMETRIC_PRESENTATION_REPRESENTATION (  '', ( #4362 ), #3054 );
#4082=MECHANICAL_DESIGN_GEOMETRIC_PRESENTATION_REPRESENTATION (  '', ( #4649 ), #3652 );
#4083=EDGE_CURVE ( 'NONE', #4095, #1508, #1260, .T. );
#4084=STYLED_ITEM ( 'NONE', ( #36 ), #4722 );
#4085=PRESENTATION_LAYER_ASSIGNMENT (  '', '', ( #1429 ) );
#4086=LINE ( 'NONE', #321, #1501 );
#4087=ORIENTED_EDGE ( 'NONE', *, *, #3176, .T. );
#4088=ORIENTED_EDGE ( 'NONE', *, *, #140, .T. );
#4089=ADVANCED_FACE ( 'NONE', ( #1026, #975 ), #2190, .T. );
#4090=PRESENTATION_LAYER_ASSIGNMENT (  '', '', ( #4370 ) );
#4091=STYLED_ITEM ( 'NONE', ( #36 ), #1351 );
#4092=ORIENTED_EDGE ( 'NONE', *, *, #3299, .T. );
#4093=LINE ( 'NONE', #2442, #161 );
#4094=AXIS2_PLACEMENT_3D ( 'NONE', #666, #28, #10 );
#4095=VERTEX_POINT ( 'NONE', #1365 );
#4096=LINE ( 'NONE', #2056, #43 );
#4097=CARTESIAN_POINT ( 'NONE',  ( -2.300106879944387117, -2.599887489638191607, 5.426199999999999690 ) );
#4098=EDGE_LOOP ( 'NONE', ( #1393, #3743, #2836, #129, #2993, #4676, #3807, #2820, #1996, #3017 ) );
#4099=DIRECTION ( 'NONE',  ( -0.7071067502779280201, -0.7071068120951657932, 9.108457002991235235E-24 ) );
#4100=STYLED_ITEM ( 'NONE', ( #36 ), #1540 );
#4101=VERTEX_POINT ( 'NONE', #1843 );
#4102=MECHANICAL_DESIGN_GEOMETRIC_PRESENTATION_REPRESENTATION (  '', ( #3075 ), #4817 );
#4103=LINE ( 'NONE', #371, #142 );
#4104=EDGE_CURVE ( 'NONE', #255, #4341, #3257, .T. );
#4105=ADVANCED_FACE ( 'NONE', ( #123 ), #2537, .F. );
#4106=ADVANCED_FACE ( 'NONE', ( #4597 ), #1809, .T. );
#4107=MECHANICAL_DESIGN_GEOMETRIC_PRESENTATION_REPRESENTATION (  '', ( #2927 ), #2104 );
#4108=ORIENTED_EDGE ( 'NONE', *, *, #3478, .T. );
#4109=AXIS2_PLACEMENT_3D ( 'NONE', #2334, #3736, #1195 );
#4110=CARTESIAN_POINT ( 'NONE',  ( 3.370684388010461330, 3.896523766277975920, 0.1499999999999999944 ) );
#4111=ORIENTED_EDGE ( 'NONE', *, *, #2291, .T. );
#4112=MECHANICAL_DESIGN_GEOMETRIC_PRESENTATION_REPRESENTATION (  '', ( #3019 ), #1466 );
#4113=CARTESIAN_POINT ( 'NONE',  ( -3.005426184837936443, -4.045974077948677028, 0.1499999999999999944 ) );
#4114=EDGE_LOOP ( 'NONE', ( #822, #1302, #2797, #4569 ) );
#4115=VERTEX_POINT ( 'NONE', #1921 );
#4116=ORIENTED_EDGE ( 'NONE', *, *, #4276, .F. );
#4117=VERTEX_POINT ( 'NONE', #2140 );
#4118=CIRCLE ( 'NONE', #4266, 0.1500000000000000222 );
#4119=CARTESIAN_POINT ( 'NONE',  ( 3.249983519140999810, -0.3999934006250000507, -0.7999989200000000578 ) );
#4120=VERTEX_POINT ( 'NONE', #1865 );
#4121=ADVANCED_FACE ( 'NONE', ( #2622, #3285 ), #2575, .T. );
#4122=MECHANICAL_DESIGN_GEOMETRIC_PRESENTATION_REPRESENTATION (  '', ( #3999 ), #4408 );
#4123=EDGE_CURVE ( 'NONE', #132, #1218, #1478, .T. );
#4124=STYLED_ITEM ( 'NONE', ( #36 ), #2267 );
#4125=EDGE_CURVE ( 'NONE', #4048, #4073, #2306, .T. );
#4126=CARTESIAN_POINT ( 'NONE',  ( -2.600106893057803514, -2.299887502751608359, 5.426199999999999690 ) );
#4127=( GEOMETRIC_REPRESENTATION_CONTEXT ( 3 ) GLOBAL_UNCERTAINTY_ASSIGNED_CONTEXT ( ( #52 ) ) GLOBAL_UNIT_ASSIGNED_CONTEXT ( ( #20, #170, #26 ) ) REPRESENTATION_CONTEXT ( 'NONE', 'WORKASPACE' ) );
#4128=ORIENTED_EDGE ( 'NONE', *, *, #1522, .T. );
#4129=VERTEX_POINT ( 'NONE', #1116 );
#4130=EDGE_CURVE ( 'NONE', #2926, #1557, #331, .T. );
#4131=CARTESIAN_POINT ( 'NONE',  ( -0.8965537122791953362, 2.500112571713070775, 5.299999999999999822 ) );
#4132=ORIENTED_EDGE ( 'NONE', *, *, #1330, .F. );
#4133=VERTEX_POINT ( 'NONE', #1204 );
#4134=MECHANICAL_DESIGN_GEOMETRIC_PRESENTATION_REPRESENTATION (  '', ( #413 ), #4631 );
#4135=CIRCLE ( 'NONE', #2220, 0.2500000000000000000 );
#4136=EDGE_CURVE ( 'NONE', #3136, #988, #3360, .T. );
#4137=EDGE_LOOP ( 'NONE', ( #2419, #3896, #4355, #313 ) );
#4138=CARTESIAN_POINT ( 'NONE',  ( 3.896303867102020480, 3.370904333137527686, 0.1499999999999999944 ) );
#4139=VERTEX_POINT ( 'NONE', #712 );
#4140=PRESENTATION_LAYER_ASSIGNMENT (  '', '', ( #4281 ) );
#4141=AXIS2_PLACEMENT_3D ( 'NONE', #4776, #457, #1887 );
#4142=ORIENTED_EDGE ( 'NONE', *, *, #4211, .T. );
#4143=ORIENTED_EDGE ( 'NONE', *, *, #3034, .T. );
#4144=FACE_OUTER_BOUND ( 'NONE', #4681, .T. );
#4145=EDGE_CURVE ( 'NONE', #2295, #184, #270, .T. );
#4146=ORIENTED_EDGE ( 'NONE', *, *, #2061, .T. );
#4147=ADVANCED_FACE ( 'NONE', ( #2597 ), #2937, .T. );
#4148=ADVANCED_FACE ( 'NONE', ( #3140 ), #2366, .T. );
#4149=PRODUCT_DEFINITION_FORMATION_WITH_SPECIFIED_SOURCE ( 'ANY', '', #1970, .NOT_KNOWN. );
#4150=MECHANICAL_DESIGN_GEOMETRIC_PRESENTATION_REPRESENTATION (  '', ( #2985 ), #4720 );
#4151=ORIENTED_EDGE ( 'NONE', *, *, #2349, .F. );
#4152=LINE ( 'NONE', #423, #43 );
#4153=EDGE_CURVE ( 'NONE', #2664, #93, #3120, .T. );
#4154=EDGE_LOOP ( 'NONE', ( #4551, #3156, #141, #2420 ) );
#4155=STYLED_ITEM ( 'NONE', ( #36 ), #3497 );
#4156=ORIENTED_EDGE ( 'NONE', *, *, #2850, .F. );
#4157=CARTESIAN_POINT ( 'NONE',  ( 2.683128764071199157, 3.239080984614962411, 5.250000000000000000 ) );
#4158=CARTESIAN_POINT ( 'NONE',  ( 4.044655006186093082, -2.635449677082839504, 0.1499999999999999944 ) );
#4159=ORIENTED_EDGE ( 'NONE', *, *, #417, .F. );
#4160=VECTOR ( 'NONE', #3177, 1000.000000000000227 );
#4161=AXIS2_PLACEMENT_3D ( 'NONE', #4641, #4381, #665 );
#4162=CARTESIAN_POINT ( 'NONE',  ( 2.249893104756622186, -2.249887290751375168, 5.299999999999999822 ) );
#4163=EDGE_CURVE ( 'NONE', #758, #1938, #2394, .T. );
#4164=VERTEX_POINT ( 'NONE', #3398 );
#4165=ORIENTED_EDGE ( 'NONE', *, *, #4591, .F. );
#4166=PRESENTATION_LAYER_ASSIGNMENT (  '', '', ( #453 ) );
#4167=EDGE_CURVE ( 'NONE', #1889, #3227, #1982, .T. );
#4168=ORIENTED_EDGE ( 'NONE', *, *, #2636, .F. );
#4169=FACE_OUTER_BOUND ( 'NONE', #4288, .T. );
#4170=CARTESIAN_POINT ( 'NONE',  ( 3.238861380415630986, -2.687187734994197719, 5.249999999999999112 ) );
#4171=MECHANICAL_DESIGN_GEOMETRIC_PRESENTATION_REPRESENTATION (  '', ( #661 ), #1217 );
#4172=LINE ( 'NONE', #2081, #89 );
#4173=FACE_OUTER_BOUND ( 'NONE', #3872, .T. );
#4174=CARTESIAN_POINT ( 'NONE',  ( 2.484321330129795502, -3.238855537048192623, 4.599999999999999645 ) );
#4175=ORIENTED_EDGE ( 'NONE', *, *, #1227, .T. );
#4176=LINE ( 'NONE', #4035, #142 );
#4177=LINE ( 'NONE', #864, #1952 );
#4178=ORIENTED_EDGE ( 'NONE', *, *, #1832, .F. );
#4179=( GEOMETRIC_REPRESENTATION_CONTEXT ( 3 ) GLOBAL_UNCERTAINTY_ASSIGNED_CONTEXT ( ( #52 ) ) GLOBAL_UNIT_ASSIGNED_CONTEXT ( ( #20, #170, #26 ) ) REPRESENTATION_CONTEXT ( 'NONE', 'WORKASPACE' ) );
#4180=EDGE_CURVE ( 'NONE', #4687, #4734, #467, .T. );
#4181=EDGE_LOOP ( 'NONE', ( #173, #1325, #729, #2127 ) );
#4182=EDGE_CURVE ( 'NONE', #4297, #4758, #914, .T. );
#4183=EDGE_LOOP ( 'NONE', ( #1571, #1177, #1382, #2355 ) );
#4184=( GEOMETRIC_REPRESENTATION_CONTEXT ( 3 ) GLOBAL_UNCERTAINTY_ASSIGNED_CONTEXT ( ( #52 ) ) GLOBAL_UNIT_ASSIGNED_CONTEXT ( ( #20, #170, #26 ) ) REPRESENTATION_CONTEXT ( 'NONE', 'WORKASPACE' ) );
#4185=ADVANCED_FACE ( 'NONE', ( #4197 ), #3476, .F. );
#4186=ORIENTED_EDGE ( 'NONE', *, *, #1562, .F. );
#4187=ADVANCED_FACE ( 'NONE', ( #4301 ), #3965, .T. );
#4188=ORIENTED_EDGE ( 'NONE', *, *, #1579, .T. );
#4189=FACE_OUTER_BOUND ( 'NONE', #3112, .T. );
#4190=ORIENTED_EDGE ( 'NONE', *, *, #4123, .F. );
#4191=AXIS2_PLACEMENT_3D ( 'NONE', #3982, #2999, #4001 );
#4192=( GEOMETRIC_REPRESENTATION_CONTEXT ( 3 ) GLOBAL_UNCERTAINTY_ASSIGNED_CONTEXT ( ( #52 ) ) GLOBAL_UNIT_ASSIGNED_CONTEXT ( ( #20, #170, #26 ) ) REPRESENTATION_CONTEXT ( 'NONE', 'WORKASPACE' ) );
#4193=ORIENTED_EDGE ( 'NONE', *, *, #1062, .F. );
#4194=EDGE_CURVE ( 'NONE', #2812, #2532, #3522, .T. );
#4195=PRESENTATION_LAYER_ASSIGNMENT (  '', '', ( #3321 ) );
#4196=CIRCLE ( 'NONE', #3920, 0.2999999999999999334 );
#4197=FACE_OUTER_BOUND ( 'NONE', #1038, .T. );
#4198=ORIENTED_EDGE ( 'NONE', *, *, #3953, .T. );
#4199=CARTESIAN_POINT ( 'NONE',  ( 4.189508073734699245, 3.053511596277894924, 0.1499999999999999944 ) );
#4200=ORIENTED_EDGE ( 'NONE', *, *, #4321, .F. );
#4201=( GEOMETRIC_REPRESENTATION_CONTEXT ( 3 ) GLOBAL_UNCERTAINTY_ASSIGNED_CONTEXT ( ( #52 ) ) GLOBAL_UNIT_ASSIGNED_CONTEXT ( ( #20, #170, #26 ) ) REPRESENTATION_CONTEXT ( 'NONE', 'WORKASPACE' ) );
#4202=LINE ( 'NONE', #2137, #142 );
#4203=DIRECTION ( 'NONE',  ( -4.371138805329278987E-08, 0.9999999999999991118, 0.000000000000000000 ) );
#4204=ORIENTED_EDGE ( 'NONE', *, *, #62, .F. );
#4205=ORIENTED_EDGE ( 'NONE', *, *, #4797, .T. );
#4206=LINE ( 'NONE', #3902, #4160 );
#4207=LINE ( 'NONE', #2828, #2138 );
#4208=MECHANICAL_DESIGN_GEOMETRIC_PRESENTATION_REPRESENTATION (  '', ( #2216 ), #4697 );
#4209=VERTEX_POINT ( 'NONE', #476 );
#4210=LINE ( 'NONE', #2076, #49 );
#4211=EDGE_CURVE ( 'NONE', #4115, #4341, #2036, .T. );
#4212=EDGE_LOOP ( 'NONE', ( #2496, #3684, #1431, #775, #3678, #939, #1114, #4457 ) );
#4213=FACE_OUTER_BOUND ( 'NONE', #4032, .T. );
#4214=EDGE_CURVE ( 'NONE', #1642, #4120, #967, .T. );
#4215=ORIENTED_EDGE ( 'NONE', *, *, #1283, .F. );
#4216=FACE_OUTER_BOUND ( 'NONE', #4181, .T. );
#4217=CARTESIAN_POINT ( 'NONE',  ( -0.0001068843155293749958, -2.499887389101997481, 5.250000000000000000 ) );
#4218=DIRECTION ( 'NONE',  ( 0.9999999999999992228, 4.371138666478395271E-08, 0.000000000000000000 ) );
#4219=MECHANICAL_DESIGN_GEOMETRIC_PRESENTATION_REPRESENTATION (  '', ( #1987 ), #1577 );
#4220=ORIENTED_EDGE ( 'NONE', *, *, #3129, .F. );
#4221=EDGE_CURVE ( 'NONE', #1357, #1144, #1727, .T. );
#4222=MECHANICAL_DESIGN_GEOMETRIC_PRESENTATION_REPRESENTATION (  '', ( #3588 ), #2587 );
#4223=PRESENTATION_LAYER_ASSIGNMENT (  '', '', ( #4084 ) );
#4224=CARTESIAN_POINT ( 'NONE',  ( -0.2499742232810000520, 0.2500052593749999552, -0.8289997577670000783 ) );
#4225=VERTEX_POINT ( 'NONE', #2350 );
#4226=ORIENTED_EDGE ( 'NONE', *, *, #3686, .T. );
#4227=( GEOMETRIC_REPRESENTATION_CONTEXT ( 3 ) GLOBAL_UNCERTAINTY_ASSIGNED_CONTEXT ( ( #52 ) ) GLOBAL_UNIT_ASSIGNED_CONTEXT ( ( #20, #170, #26 ) ) REPRESENTATION_CONTEXT ( 'NONE', 'WORKASPACE' ) );
#4228=( GEOMETRIC_REPRESENTATION_CONTEXT ( 3 ) GLOBAL_UNCERTAINTY_ASSIGNED_CONTEXT ( ( #52 ) ) GLOBAL_UNIT_ASSIGNED_CONTEXT ( ( #20, #170, #26 ) ) REPRESENTATION_CONTEXT ( 'NONE', 'WORKASPACE' ) );
#4229=CARTESIAN_POINT ( 'NONE',  ( 3.439176485305616371, -4.029720828545150013, 0.1499999999999999944 ) );
#4230=LINE ( 'NONE', #3752, #89 );
#4231=AXIS2_PLACEMENT_3D ( 'NONE', #2205, #28, #10 );
#4232=ORIENTED_EDGE ( 'NONE', *, *, #2871, .F. );
#4233=VERTEX_POINT ( 'NONE', #1154 );
#4234=CARTESIAN_POINT ( 'NONE',  ( 4.039624647496255605, 2.829641407886914539, 0.2940437847197527321 ) );
#4235=ORIENTED_EDGE ( 'NONE', *, *, #2021, .T. );
#4236=( GEOMETRIC_REPRESENTATION_CONTEXT ( 3 ) GLOBAL_UNCERTAINTY_ASSIGNED_CONTEXT ( ( #52 ) ) GLOBAL_UNIT_ASSIGNED_CONTEXT ( ( #20, #170, #26 ) ) REPRESENTATION_CONTEXT ( 'NONE', 'WORKASPACE' ) );
#4237=ADVANCED_FACE ( 'NONE', ( #1399 ), #993, .F. );
#4238=EDGE_CURVE ( 'NONE', #268, #3498, #1856, .T. );
#4239=ORIENTED_EDGE ( 'NONE', *, *, #4136, .T. );
#4240=STYLED_ITEM ( 'NONE', ( #36 ), #1620 );
#4241=ADVANCED_FACE ( 'NONE', ( #4672 ), #2615, .T. );
#4242=FACE_OUTER_BOUND ( 'NONE', #4773, .T. );
#4243=CYLINDRICAL_SURFACE ( 'NONE', #888, 0.2500000000000000000 );
#4244=LINE ( 'NONE', #549, #89 );
#4245=FACE_OUTER_BOUND ( 'NONE', #444, .T. );
#4246=ORIENTED_EDGE ( 'NONE', *, *, #3553, .F. );
#4247=FACE_BOUND ( 'NONE', #2849, .T. );
#4248=ORIENTED_EDGE ( 'NONE', *, *, #3631, .F. );
#4249=FACE_OUTER_BOUND ( 'NONE', #4439, .T. );
#4250=FACE_OUTER_BOUND ( 'NONE', #1787, .T. );
#4251=CIRCLE ( 'NONE', #2182, 0.3000000000000000444 );
#4252=ORIENTED_EDGE ( 'NONE', *, *, #4422, .T. );
#4253=CARTESIAN_POINT ( 'NONE',  ( 3.888257212497383097, -2.854072196722206023, 4.628647106619999896 ) );
#4254=CARTESIAN_POINT ( 'NONE',  ( 4.029726746520843506, -3.439170515702377529, 0.1499999999999999944 ) );
#4255=STYLED_ITEM ( 'NONE', ( #165 ), #3979 );
#4256=FACE_OUTER_BOUND ( 'NONE', #649, .T. );
#4257=PLANE ( 'NONE',  #3214 );
#4258=ORIENTED_EDGE ( 'NONE', *, *, #3326, .F. );
#4259=AXIS2_PLACEMENT_3D ( 'NONE', #4454, #25, #8 );
#4260=FACE_OUTER_BOUND ( 'NONE', #1525, .T. );
#4261=FACE_OUTER_BOUND ( 'NONE', #3470, .T. );
#4262=VERTEX_POINT ( 'NONE', #319 );
#4263=EDGE_CURVE ( 'NONE', #1633, #2152, #1160, .T. );
#4264=PLANE ( 'NONE',  #291 );
#4265=DIRECTION ( 'NONE',  ( 0.7071067502779279090, 0.7071068120951659042, 0.000000000000000000 ) );
#4266=AXIS2_PLACEMENT_3D ( 'NONE', #2091, #2047, #8 );
#4267=ORIENTED_EDGE ( 'NONE', *, *, #4276, .T. );
#4268=EDGE_CURVE ( 'NONE', #4376, #2387, #4724, .T. );
#4269=AXIS2_PLACEMENT_3D ( 'NONE', #2742, #457, #3632 );
#4270=ADVANCED_FACE ( 'NONE', ( #351 ), #2639, .T. );
#4271=ORIENTED_EDGE ( 'NONE', *, *, #1842, .T. );
#4272=ORIENTED_EDGE ( 'NONE', *, *, #1476, .F. );
#4273=FACE_OUTER_BOUND ( 'NONE', #815, .T. );
#4274=LINE ( 'NONE', #642, #142 );
#4275=ORIENTED_EDGE ( 'NONE', *, *, #1677, .F. );
#4276=EDGE_CURVE ( 'NONE', #1725, #4101, #1669, .T. );
#4277=AXIS2_PLACEMENT_3D ( 'NONE', #332, #25, #8 );
#4278=LINE ( 'NONE', #2965, #522 );
#4279=LINE ( 'NONE', #961, #89 );
#4280=ORIENTED_EDGE ( 'NONE', *, *, #3953, .F. );
#4281=STYLED_ITEM ( 'NONE', ( #165 ), #686 );
#4282=LINE ( 'NONE', #869, #43 );
#4283=ORIENTED_EDGE ( 'NONE', *, *, #909, .F. );
#4284=ORIENTED_EDGE ( 'NONE', *, *, #2621, .F. );
#4285=( BOUNDED_CURVE ( )  B_SPLINE_CURVE ( 3, ( #11, #315, #4716, #2997 ),.UNSPECIFIED., .F., .T. )B_SPLINE_CURVE_WITH_KNOTS ( ( 4, 4 ),( 1.436029367529999691E-16, 0.7847891758120000283 ),.UNSPECIFIED. )CURVE ( )  GEOMETRIC_REPRESENTATION_ITEM ( )  RATIONAL_B_SPLINE_CURVE ( ( 1.000000000000000000, 0.9493306762729999404, 0.9493306762729999404, 1.000000000000000000 ) )REPRESENTATION_ITEM ( '' )  );
#4286=VERTEX_POINT ( 'NONE', #1273 );
#4287=ORIENTED_EDGE ( 'NONE', *, *, #1437, .T. );
#4288=EDGE_LOOP ( 'NONE', ( #4411, #2173, #1403, #2246, #3509, #32 ) );
#4289=ADVANCED_FACE ( 'NONE', ( #3115 ), #372, .T. );
#4290=CIRCLE ( 'NONE', #3651, 1.579999999999999627 );
#4291=FACE_OUTER_BOUND ( 'NONE', #3374, .T. );
#4292=( GEOMETRIC_REPRESENTATION_CONTEXT ( 3 ) GLOBAL_UNCERTAINTY_ASSIGNED_CONTEXT ( ( #52 ) ) GLOBAL_UNIT_ASSIGNED_CONTEXT ( ( #20, #170, #26 ) ) REPRESENTATION_CONTEXT ( 'NONE', 'WORKASPACE' ) );
#4293=ORIENTED_EDGE ( 'NONE', *, *, #3519, .T. );
#4294=ADVANCED_FACE ( 'NONE', ( #877 ), #839, .T. );
#4295=ORIENTED_EDGE ( 'NONE', *, *, #3749, .F. );
#4296=FACE_OUTER_BOUND ( 'NONE', #2732, .T. );
#4297=VERTEX_POINT ( 'NONE', #1666 );
#4298=ADVANCED_FACE ( 'NONE', ( #2362 ), #489, .F. );
#4299=( GEOMETRIC_REPRESENTATION_CONTEXT ( 3 ) GLOBAL_UNCERTAINTY_ASSIGNED_CONTEXT ( ( #52 ) ) GLOBAL_UNIT_ASSIGNED_CONTEXT ( ( #20, #170, #26 ) ) REPRESENTATION_CONTEXT ( 'NONE', 'WORKASPACE' ) );
#4300=PRESENTATION_LAYER_ASSIGNMENT (  '', '', ( #1933 ) );
#4301=FACE_OUTER_BOUND ( 'NONE', #3454, .T. );
#4302=VERTEX_POINT ( 'NONE', #174 );
#4303=ORIENTED_EDGE ( 'NONE', *, *, #4520, .T. );
#4304=VERTEX_POINT ( 'NONE', #1598 );
#4305=AXIS2_PLACEMENT_3D ( 'NONE', #1801, #150, #231 );
#4306=DIRECTION ( 'NONE',  ( 0.9999999999999991118, 4.371138694059251151E-08, 0.000000000000000000 ) );
#4307=ORIENTED_EDGE ( 'NONE', *, *, #2235, .T. );
#4308=( BOUNDED_SURFACE ( )  B_SPLINE_SURFACE ( 3, 2, (( #1854, #4352, #1275 ),( #1923, #1095, #1529 ),( #3361, #4731, #2693 ),( #137, #927, #435 ) ),.UNSPECIFIED., .F., .F., .F. )B_SPLINE_SURFACE_WITH_KNOTS ( ( 4, 4 ),( 3, 3 ),( 5.498396131367999651, 6.283185307180000123 ),( 0.000000000000000000, 1.000000000000000000 ),.UNSPECIFIED. )GEOMETRIC_REPRESENTATION_ITEM ( )  RATIONAL_B_SPLINE_SURFACE ( (( 1.000000000000000000, 0.7193398003390000239, 1.000000000000000000),( 1.000000000000000000, 0.7225252651429999728, 1.000000000000000000),( 1.000000000000000000, 0.7243530631100000283, 1.000000000000000000),( 1.000000000000000000, 0.7243360104960000490, 1.000000000000000000) ) )REPRESENTATION_ITEM ( '' )  SURFACE ( )  );
#4309=CARTESIAN_POINT ( 'NONE',  ( 2.249893115684469258, -2.499887290751374724, 5.326200000000000045 ) );
#4310=ADVANCED_FACE ( 'NONE', ( #4260 ), #3184, .F. );
#4311=EDGE_CURVE ( 'NONE', #1077, #4139, #2454, .T. );
#4312=FACE_OUTER_BOUND ( 'NONE', #3677, .T. );
#4313=VECTOR ( 'NONE', #1737, 1000.000000000000000 );
#4314=ORIENTED_EDGE ( 'NONE', *, *, #994, .T. );
#4315=EDGE_CURVE ( 'NONE', #875, #1735, #521, .T. );
#4316=EDGE_LOOP ( 'NONE', ( #448, #3988, #2400, #2510 ) );
#4317=ADVANCED_FACE ( 'NONE', ( #1354 ), #2080, .T. );
#4318=LINE ( 'NONE', #1116, #43 );
#4319=MECHANICAL_DESIGN_GEOMETRIC_PRESENTATION_REPRESENTATION (  '', ( #2551 ), #3011 );
#4320=LINE ( 'NONE', #827, #89 );
#4321=EDGE_CURVE ( 'NONE', #1948, #1811, #2902, .T. );
#4322=AXIS2_PLACEMENT_3D ( 'NONE', #1631, #28, #10 );
#4323=FACE_OUTER_BOUND ( 'NONE', #4557, .T. );
#4324=CARTESIAN_POINT ( 'NONE',  ( -0.0001071028724701494905, 2.500112610897996301, 5.250000000000000000 ) );
#4325=ORIENTED_EDGE ( 'NONE', *, *, #1201, .T. );
#4326=VERTEX_POINT ( 'NONE', #961 );
#4327=PLANE ( 'NONE',  #3440 );
#4328=ORIENTED_EDGE ( 'NONE', *, *, #4268, .F. );
#4329=EDGE_CURVE ( 'NONE', #2093, #3605, #2224, .T. );
#4330=EDGE_LOOP ( 'NONE', ( #3410, #1637, #1679, #3966 ) );
#4331=PRESENTATION_LAYER_ASSIGNMENT (  '', '', ( #4058 ) );
#4332=PRESENTATION_LAYER_ASSIGNMENT (  '', '', ( #4759 ) );
#4333=( GEOMETRIC_REPRESENTATION_CONTEXT ( 3 ) GLOBAL_UNCERTAINTY_ASSIGNED_CONTEXT ( ( #52 ) ) GLOBAL_UNIT_ASSIGNED_CONTEXT ( ( #20, #170, #26 ) ) REPRESENTATION_CONTEXT ( 'NONE', 'WORKASPACE' ) );
#4334=ORIENTED_EDGE ( 'NONE', *, *, #172, .F. );
#4335=EDGE_LOOP ( 'NONE', ( #2747, #4830, #1859, #2451 ) );
#4336=ORIENTED_EDGE ( 'NONE', *, *, #890, .T. );
#4337=AXIS2_PLACEMENT_3D ( 'NONE', #2908, #457, #150 );
#4338=STYLED_ITEM ( 'NONE', ( #36 ), #2141 );
#4339=LINE ( 'NONE', #1801, #89 );
#4340=VERTEX_POINT ( 'NONE', #697 );
#4341=VERTEX_POINT ( 'NONE', #1155 );
#4342=ADVANCED_FACE ( 'NONE', ( #1125 ), #1446, .F. );
#4343=DIRECTION ( 'NONE',  ( 4.371138797897539624E-08, -0.9999999999999991118, 1.323488980084844133E-23 ) );
#4344=CYLINDRICAL_SURFACE ( 'NONE', #2984, 0.2500000000000000000 );
#4345=ADVANCED_FACE ( 'NONE', ( #674 ), #1912, .T. );
#4346=CARTESIAN_POINT ( 'NONE',  ( 2.824998159999999814, -2.924997959999999786, 0.000000000000000000 ) );
#4347=ORIENTED_EDGE ( 'NONE', *, *, #836, .F. );
#4348=ORIENTED_EDGE ( 'NONE', *, *, #1211, .F. );
#4349=ORIENTED_EDGE ( 'NONE', *, *, #1437, .F. );
#4350=VERTEX_POINT ( 'NONE', #4717 );
#4351=PRESENTATION_LAYER_ASSIGNMENT (  '', '', ( #1977 ) );
#4352=CARTESIAN_POINT ( 'NONE',  ( 2.484321357567334410, -3.866553240672189418, 5.250000000000000000 ) );
#4353=EDGE_CURVE ( 'NONE', #1369, #2078, #4650, .T. );
#4354=LINE ( 'NONE', #784, #89 );
#4355=ORIENTED_EDGE ( 'NONE', *, *, #1243, .F. );
#4356=ORIENTED_EDGE ( 'NONE', *, *, #3749, .T. );
#4357=FACE_OUTER_BOUND ( 'NONE', #483, .T. );
#4358=AXIS2_PLACEMENT_3D ( 'NONE', #316, #231, #28 );
#4359=CARTESIAN_POINT ( 'NONE',  ( -0.0001071028724701494905, 2.500112610897996301, 5.326200000000000045 ) );
#4360=CARTESIAN_POINT ( 'NONE',  ( -2.670106807820598949, -4.249887505811401844, 0.000000000000000000 ) );
#4361=ORIENTED_EDGE ( 'NONE', *, *, #3503, .T. );
#4362=STYLED_ITEM ( 'NONE', ( #165 ), #774 );
#4363=ORIENTED_EDGE ( 'NONE', *, *, #4610, .T. );
#4364=LINE ( 'NONE', #3245, #161 );
#4365=STYLED_ITEM ( 'NONE', ( #36 ), #3070 );
#4366=CARTESIAN_POINT ( 'NONE',  ( -0.9258430385316777089, 2.600112570432793646, 5.479999999999999538 ) );
#4367=MECHANICAL_DESIGN_GEOMETRIC_PRESENTATION_REPRESENTATION (  '', ( #3205 ), #4793 );
#4368=EDGE_LOOP ( 'NONE', ( #3943, #2727, #4272, #2721 ) );
#4369=B_SPLINE_CURVE_WITH_KNOTS ( 'NONE', 3,( #3071, #4234, #2174, #2124, #985, #1204 ),.UNSPECIFIED., .F., .F.,( 4, 2, 4 ),( 0.000000000000000000, 0.5000000000000002220, 1.000000000000000000 ),.UNSPECIFIED. );
#4370=STYLED_ITEM ( 'NONE', ( #36 ), #3452 );
#4371=PLANE ( 'NONE',  #567 );
#4372=EDGE_CURVE ( 'NONE', #2918, #2221, #2358, .T. );
#4373=FACE_OUTER_BOUND ( 'NONE', #556, .T. );
#4374=EDGE_CURVE ( 'NONE', #153, #4413, #2637, .T. );
#4375=VECTOR ( 'NONE', #807, 1000.000000000000114 );
#4376=VERTEX_POINT ( 'NONE', #781 );
#4377=VERTEX_POINT ( 'NONE', #423 );
#4378=EDGE_CURVE ( 'NONE', #817, #2876, #1971, .T. );
#4379=LINE ( 'NONE', #2439, #43 );
#4380=ORIENTED_EDGE ( 'NONE', *, *, #2686, .F. );
#4381=DIRECTION ( 'NONE',  ( -5.785153931307444825E-31, 6.617444626622244549E-24, 1.000000000000000000 ) );
#4382=CARTESIAN_POINT ( 'NONE',  ( -0.0001068520142025121856, -3.238855645645996706, 4.599999999999999645 ) );
#4383=ORIENTED_EDGE ( 'NONE', *, *, #2858, .F. );
#4384=( GEOMETRIC_REPRESENTATION_CONTEXT ( 3 ) GLOBAL_UNCERTAINTY_ASSIGNED_CONTEXT ( ( #52 ) ) GLOBAL_UNIT_ASSIGNED_CONTEXT ( ( #20, #170, #26 ) ) REPRESENTATION_CONTEXT ( 'NONE', 'WORKASPACE' ) );
#4385=VERTEX_POINT ( 'NONE', #637 );
#4386=EDGE_CURVE ( 'NONE', #3547, #4115, #394, .T. );
#4387=CARTESIAN_POINT ( 'NONE',  ( -3.888471199685383350, 2.854297418518206175, 4.628647106619999896 ) );
#4388=FACE_OUTER_BOUND ( 'NONE', #1096, .T. );
#4389=VERTEX_POINT ( 'NONE', #4119 );
#4390=LINE ( 'NONE', #854, #161 );
#4391=ORIENTED_EDGE ( 'NONE', *, *, #4130, .F. );
#4392=ORIENTED_EDGE ( 'NONE', *, *, #1282, .F. );
#4393=EDGE_CURVE ( 'NONE', #3281, #4164, #3445, .T. );
#4394=ORIENTED_EDGE ( 'NONE', *, *, #3797, .F. );
#4395=EDGE_CURVE ( 'NONE', #1091, #1508, #1541, .T. );
#4396=ORIENTED_EDGE ( 'NONE', *, *, #4493, .T. );
#4397=ADVANCED_FACE ( 'NONE', ( #1639 ), #2000, .F. );
#4398=LINE ( 'NONE', #3436, #2432 );
#4399=( BOUNDED_CURVE ( )  B_SPLINE_CURVE ( 3, ( #1275, #2760, #2410, #435 ),.UNSPECIFIED., .F., .T. )B_SPLINE_CURVE_WITH_KNOTS ( ( 4, 4 ),( 5.498396131367999651, 6.283185307180000123 ),.UNSPECIFIED. )CURVE ( )  GEOMETRIC_REPRESENTATION_ITEM ( )  RATIONAL_B_SPLINE_CURVE ( ( 1.000000000000000000, 0.9493306762729999404, 0.9493306762729999404, 1.000000000000000000 ) )REPRESENTATION_ITEM ( '' )  );
#4400=CARTESIAN_POINT ( 'NONE',  ( -0.0001071767278951640974, 4.189727811694995196, 0.1499999999999999944 ) );
#4401=CYLINDRICAL_SURFACE ( 'NONE', #3644, 0.2500000000000000000 );
#4402=EDGE_CURVE ( 'NONE', #2756, #1140, #2119, .T. );
#4403=VERTEX_POINT ( 'NONE', #874 );
#4404=ORIENTED_EDGE ( 'NONE', *, *, #2809, .F. );
#4405=ORIENTED_EDGE ( 'NONE', *, *, #2349, .T. );
#4406=AXIS2_PLACEMENT_3D ( 'NONE', #44, #75, #28 );
#4407=EDGE_CURVE ( 'NONE', #1658, #4389, #1613, .T. );
#4408=( GEOMETRIC_REPRESENTATION_CONTEXT ( 3 ) GLOBAL_UNCERTAINTY_ASSIGNED_CONTEXT ( ( #52 ) ) GLOBAL_UNIT_ASSIGNED_CONTEXT ( ( #20, #170, #26 ) ) REPRESENTATION_CONTEXT ( 'NONE', 'WORKASPACE' ) );
#4409=CARTESIAN_POINT ( 'NONE',  ( -4.050106823619103125, -3.888459860239117383, 4.622684672856999910 ) );
#4410=EDGE_LOOP ( 'NONE', ( #4425, #4383, #40, #4165 ) );
#4411=ORIENTED_EDGE ( 'NONE', *, *, #3438, .F. );
#4412=PLANE ( 'NONE',  #3576 );
#4413=VERTEX_POINT ( 'NONE', #11 );
#4414=VERTEX_POINT ( 'NONE', #227 );
#4415=PRESENTATION_LAYER_ASSIGNMENT (  '', '', ( #4480 ) );
#4416=ADVANCED_FACE ( 'NONE', ( #804 ), #3744, .T. );
#4417=EDGE_CURVE ( 'NONE', #3387, #2415, #3046, .T. );
#4418=VERTEX_POINT ( 'NONE', #3527 );
#4419=DIRECTION ( 'NONE',  ( -0.9999999999967742470, 2.540008302815425568E-06, 0.000000000000000000 ) );
#4420=( GEOMETRIC_REPRESENTATION_CONTEXT ( 3 ) GLOBAL_UNCERTAINTY_ASSIGNED_CONTEXT ( ( #52 ) ) GLOBAL_UNIT_ASSIGNED_CONTEXT ( ( #20, #170, #26 ) ) REPRESENTATION_CONTEXT ( 'NONE', 'WORKASPACE' ) );
#4421=( BOUNDED_CURVE ( )  B_SPLINE_CURVE ( 3, ( #50, #3110, #1271, #31 ),.UNSPECIFIED., .F., .T. )B_SPLINE_CURVE_WITH_KNOTS ( ( 4, 4 ),( 5.498396131367999651, 6.283185307180000123 ),.UNSPECIFIED. )CURVE ( )  GEOMETRIC_REPRESENTATION_ITEM ( )  RATIONAL_B_SPLINE_CURVE ( ( 1.000000000000000000, 0.9493306762729999404, 0.9493306762729999404, 1.000000000000000000 ) )REPRESENTATION_ITEM ( '' )  );
#4422=EDGE_CURVE ( 'NONE', #2277, #505, #832, .T. );
#4423=ORIENTED_EDGE ( 'NONE', *, *, #3268, .T. );
#4424=LINE ( 'NONE', #854, #43 );
#4425=ORIENTED_EDGE ( 'NONE', *, *, #16, .F. );
#4426=CARTESIAN_POINT ( 'NONE',  ( 2.249892908055375340, 2.250112709248619502, 5.326200000000000045 ) );
#4427=STYLED_ITEM ( 'NONE', ( #36 ), #4748 );
#4428=ADVANCED_FACE ( 'NONE', ( #515 ), #67, .T. );
#4429=VERTEX_POINT ( 'NONE', #1905 );
#4430=VERTEX_POINT ( 'NONE', #1626 );
#4431=LINE ( 'NONE', #869, #229 );
#4432=AXIS2_PLACEMENT_3D ( 'NONE', #2009, #2735, #8 );
#4433=AXIS2_PLACEMENT_3D ( 'NONE', #1610, #2598, #4739 );
#4434=CARTESIAN_POINT ( 'NONE',  ( 2.824998159999999814, -2.924997959999999786, -0.7939989199999999414 ) );
#4435=EDGE_LOOP ( 'NONE', ( #4156, #3309, #383, #3596 ) );
#4436=ORIENTED_EDGE ( 'NONE', *, *, #4163, .F. );
#4437=LINE ( 'NONE', #2776, #43 );
#4438=EDGE_CURVE ( 'NONE', #220, #1827, #4582, .T. );
#4439=EDGE_LOOP ( 'NONE', ( #579, #923, #146, #4204 ) );
#4440=MECHANICAL_DESIGN_GEOMETRIC_PRESENTATION_REPRESENTATION (  '', ( #1939 ), #2390 );
#4441=VERTEX_POINT ( 'NONE', #134 );
#4442=ADVANCED_FACE ( 'NONE', ( #608 ), #2577, .F. );
#4443=FACE_OUTER_BOUND ( 'NONE', #4813, .T. );
#4444=STYLED_ITEM ( 'NONE', ( #165 ), #3666 );
#4445=EDGE_CURVE ( 'NONE', #439, #4101, #2099, .T. );
#4446=AXIS2_PLACEMENT_3D ( 'NONE', #2439, #8, #28 );
#4447=LINE ( 'NONE', #3429, #42 );
#4448=EDGE_LOOP ( 'NONE', ( #86, #2579, #90, #925 ) );
#4449=LINE ( 'NONE', #41, #161 );
#4450=CARTESIAN_POINT ( 'NONE',  ( 3.860822662178827080, 2.846720381544594947, 5.250000000000000000 ) );
#4451=ORIENTED_EDGE ( 'NONE', *, *, #1874, .F. );
#4452=EDGE_CURVE ( 'NONE', #2095, #385, #2852, .T. );
#4453=PLANE ( 'NONE',  #4322 );
#4454=CARTESIAN_POINT ( 'NONE',  ( -5.050000190735000061, -5.050000190735000061, -0.7939989199999999414 ) );
#4455=ORIENTED_EDGE ( 'NONE', *, *, #348, .F. );
#4456=ORIENTED_EDGE ( 'NONE', *, *, #1226, .T. );
#4457=ORIENTED_EDGE ( 'NONE', *, *, #2096, .T. );
#4458=AXIS2_PLACEMENT_3D ( 'NONE', #2103, #8, #28 );
#4459=PRESENTATION_LAYER_ASSIGNMENT (  '', '', ( #2561 ) );
#4460=LINE ( 'NONE', #2168, #161 );
#4461=ORIENTED_EDGE ( 'NONE', *, *, #673, .T. );
#4462=CARTESIAN_POINT ( 'NONE',  ( -2.426883735802714881, 1.073335809523582540, 5.299999999999999822 ) );
#4463=PRESENTATION_LAYER_ASSIGNMENT (  '', '', ( #1239 ) );
#4464=MECHANICAL_DESIGN_GEOMETRIC_PRESENTATION_REPRESENTATION (  '', ( #294 ), #1073 );
#4465=CARTESIAN_POINT ( 'NONE',  ( 4.023809686190518597, 3.445312848900986324, 0.1499999999999999944 ) );
#4466=ORIENTED_EDGE ( 'NONE', *, *, #3606, .T. );
#4467=LINE ( 'NONE', #773, #43 );
#4468=ADVANCED_FACE ( 'NONE', ( #4256 ), #3485, .T. );
#4469=FACE_OUTER_BOUND ( 'NONE', #2417, .T. );
#4470=DIRECTION ( 'NONE',  ( 0.9999999999999991118, 4.371138810204255354E-08, 0.000000000000000000 ) );
#4471=ORIENTED_EDGE ( 'NONE', *, *, #2586, .F. );
#4472=LINE ( 'NONE', #1631, #142 );
#4473=STYLED_ITEM ( 'NONE', ( #165 ), #2287 );
#4474=EDGE_CURVE ( 'NONE', #1665, #4659, #2694, .T. );
#4475=PRESENTATION_LAYER_ASSIGNMENT (  '', '', ( #3332 ) );
#4476=ORIENTED_EDGE ( 'NONE', *, *, #1058, .T. );
#4477=EDGE_CURVE ( 'NONE', #3987, #4429, #1924, .T. );
#4478=ORIENTED_EDGE ( 'NONE', *, *, #4438, .F. );
#4479=ORIENTED_EDGE ( 'NONE', *, *, #3240, .T. );
#4480=STYLED_ITEM ( 'NONE', ( #165 ), #2456 );
#4481=STYLED_ITEM ( 'NONE', ( #36 ), #659 );
#4482=EDGE_CURVE ( 'NONE', #4819, #2389, #4071, .T. );
#4483=MECHANICAL_DESIGN_GEOMETRIC_PRESENTATION_REPRESENTATION (  '', ( #1495 ), #3786 );
#4484=CARTESIAN_POINT ( 'NONE',  ( 4.039647763915969136, -3.005464932693715063, 0.2933891210700000363 ) );
#4485=FACE_OUTER_BOUND ( 'NONE', #2548, .T. );
#4486=ORIENTED_EDGE ( 'NONE', *, *, #1139, .T. );
#4487=ORIENTED_EDGE ( 'NONE', *, *, #1105, .F. );
#4488=PLANE ( 'NONE',  #1555 );
#4489=ORIENTED_EDGE ( 'NONE', *, *, #501, .F. );
#4490=MECHANICAL_DESIGN_GEOMETRIC_PRESENTATION_REPRESENTATION (  '', ( #3578 ), #2227 );
#4491=EDGE_LOOP ( 'NONE', ( #1216, #4737, #3000, #576 ) );
#4492=PRESENTATION_LAYER_ASSIGNMENT (  '', '', ( #527 ) );
#4493=EDGE_CURVE ( 'NONE', #2911, #4133, #2506, .T. );
#4494=LINE ( 'NONE', #698, #161 );
#4495=EDGE_LOOP ( 'NONE', ( #3331, #2310, #776, #4186 ) );
#4496=ORIENTED_EDGE ( 'NONE', *, *, #2705, .T. );
#4497=EDGE_CURVE ( 'NONE', #1776, #1392, #1530, .T. );
#4498=MECHANICAL_DESIGN_GEOMETRIC_PRESENTATION_REPRESENTATION (  '', ( #4804 ), #3512 );
#4499=CARTESIAN_POINT ( 'NONE',  ( -3.505890130027746743, 3.751572557709485167, 0.2926012031700142013 ) );
#4500=EDGE_LOOP ( 'NONE', ( #3639, #34, #240, #1524 ) );
#4501=VERTEX_POINT ( 'NONE', #332 );
#4502=MECHANICAL_DESIGN_GEOMETRIC_PRESENTATION_REPRESENTATION (  '', ( #3065 ), #2536 );
#4503=DIRECTION ( 'NONE',  ( -4.371138814577573149E-08, 0.9999999999999991118, -6.617444626622263651E-24 ) );
#4504=CARTESIAN_POINT ( 'NONE',  ( 3.238861380122961986, -2.683123146767198985, 5.250000000000000000 ) );
#4505=( GEOMETRIC_REPRESENTATION_CONTEXT ( 3 ) GLOBAL_UNCERTAINTY_ASSIGNED_CONTEXT ( ( #52 ) ) GLOBAL_UNIT_ASSIGNED_CONTEXT ( ( #20, #170, #26 ) ) REPRESENTATION_CONTEXT ( 'NONE', 'WORKASPACE' ) );
#4506=ORIENTED_EDGE ( 'NONE', *, *, #1447, .T. );
#4507=EDGE_LOOP ( 'NONE', ( #1947, #4714, #2793, #366 ) );
#4508=AXIS2_PLACEMENT_3D ( 'NONE', #3850, #510, #15 );
#4509=ORIENTED_EDGE ( 'NONE', *, *, #3814, .T. );
#4510=EDGE_CURVE ( 'NONE', #3227, #2387, #4379, .T. );
#4511=CYLINDRICAL_SURFACE ( 'NONE', #305, 0.2500000000000000000 );
#4512=ORIENTED_EDGE ( 'NONE', *, *, #3462, .F. );
#4513=FACE_OUTER_BOUND ( 'NONE', #2343, .T. );
#4514=ORIENTED_EDGE ( 'NONE', *, *, #4621, .F. );
#4515=LINE ( 'NONE', #80, #4648 );
#4516=CARTESIAN_POINT ( 'NONE',  ( 2.669893192179396024, -4.249887272392590454, 0.000000000000000000 ) );
#4517=PRESENTATION_LAYER_ASSIGNMENT (  '', '', ( #4444 ) );
#4518=DIRECTION ( 'NONE',  ( -4.371138789291003945E-08, 0.9999999999999990008, 0.000000000000000000 ) );
#4519=ORIENTED_EDGE ( 'NONE', *, *, #1712, .F. );
#4520=EDGE_CURVE ( 'NONE', #2026, #3977, #3008, .T. );
#4521=CARTESIAN_POINT ( 'NONE',  ( -2.500106895243373817, -2.249887498380468198, 5.326200000000000045 ) );
#4522=( GEOMETRIC_REPRESENTATION_CONTEXT ( 3 ) GLOBAL_UNCERTAINTY_ASSIGNED_CONTEXT ( ( #52 ) ) GLOBAL_UNIT_ASSIGNED_CONTEXT ( ( #20, #170, #26 ) ) REPRESENTATION_CONTEXT ( 'NONE', 'WORKASPACE' ) );
#4523=ORIENTED_EDGE ( 'NONE', *, *, #2434, .F. );
#4524=VERTEX_POINT ( 'NONE', #4035 );
#4525=EDGE_CURVE ( 'NONE', #1081, #693, #1479, .T. );
#4526=LINE ( 'NONE', #2439, #229 );
#4527=MECHANICAL_DESIGN_GEOMETRIC_PRESENTATION_REPRESENTATION (  '', ( #1622 ), #3395 );
#4528=FACE_OUTER_BOUND ( 'NONE', #2573, .T. );
#4529=CIRCLE ( 'NONE', #2344, 0.1500000000000000222 );
#4530=LINE ( 'NONE', #3754, #161 );
#4531=VERTEX_POINT ( 'NONE', #2129 );
#4532=MECHANICAL_DESIGN_GEOMETRIC_PRESENTATION_REPRESENTATION (  '', ( #2323 ), #1795 );
#4533=EDGE_LOOP ( 'NONE', ( #2610, #2722, #685, #2589 ) );
#4534=VERTEX_POINT ( 'NONE', #3752 );
#4535=EDGE_LOOP ( 'NONE', ( #1112, #772, #4220, #4451 ) );
#4536=EDGE_CURVE ( 'NONE', #184, #979, #3414, .T. );
#4537=CIRCLE ( 'NONE', #4269, 0.2999999999999999334 );
#4538=( GEOMETRIC_REPRESENTATION_CONTEXT ( 3 ) GLOBAL_UNCERTAINTY_ASSIGNED_CONTEXT ( ( #52 ) ) GLOBAL_UNIT_ASSIGNED_CONTEXT ( ( #20, #170, #26 ) ) REPRESENTATION_CONTEXT ( 'NONE', 'WORKASPACE' ) );
#4539=ORIENTED_EDGE ( 'NONE', *, *, #245, .T. );
#4540=CARTESIAN_POINT ( 'NONE',  ( -3.751567246890681329, 3.505895419368774135, 0.2926012031700102600 ) );
#4541=MECHANICAL_DESIGN_GEOMETRIC_PRESENTATION_REPRESENTATION (  '', ( #4849 ), #216 );
#4542=CARTESIAN_POINT ( 'NONE',  ( -2.635669275243102128, -4.189502705103088864, 0.2999999999999999889 ) );
#4543=CARTESIAN_POINT ( 'NONE',  ( 3.866558857976189589, 2.484540962059334834, 5.250000000000000000 ) );
#4544=VERTEX_POINT ( 'NONE', #381 );
#4545=CIRCLE ( 'NONE', #1174, 0.2500000000000000000 );
#4546=MECHANICAL_DESIGN_GEOMETRIC_PRESENTATION_REPRESENTATION (  '', ( #2282 ), #1900 );
#4547=EDGE_LOOP ( 'NONE', ( #2834, #2183, #2588, #2952 ) );
#4548=ORIENTED_EDGE ( 'NONE', *, *, #2734, .F. );
#4549=ORIENTED_EDGE ( 'NONE', *, *, #4194, .F. );
#4550=CARTESIAN_POINT ( 'NONE',  ( -3.999296828791825575, -3.017809334916229602, 0.2935851544070624541 ) );
#4551=ORIENTED_EDGE ( 'NONE', *, *, #1463, .T. );
#4552=EDGE_CURVE ( 'NONE', #125, #419, #3704, .T. );
#4553=EDGE_CURVE ( 'NONE', #3073, #4839, #2328, .T. );
#4554=AXIS2_PLACEMENT_3D ( 'NONE', #492, #8, #28 );
#4555=ORIENTED_EDGE ( 'NONE', *, *, #3951, .F. );
#4556=EDGE_LOOP ( 'NONE', ( #3795, #2915, #3197, #3816 ) );
#4557=EDGE_LOOP ( 'NONE', ( #1475, #2736, #1280, #3993 ) );
#4558=( GEOMETRIC_REPRESENTATION_CONTEXT ( 3 ) GLOBAL_UNCERTAINTY_ASSIGNED_CONTEXT ( ( #52 ) ) GLOBAL_UNIT_ASSIGNED_CONTEXT ( ( #20, #170, #26 ) ) REPRESENTATION_CONTEXT ( 'NONE', 'WORKASPACE' ) );
#4559=EDGE_CURVE ( 'NONE', #763, #2095, #1959, .T. );
#4560=MECHANICAL_DESIGN_GEOMETRIC_PRESENTATION_REPRESENTATION (  '', ( #1977 ), #3571 );
#4561=AXIS2_PLACEMENT_3D ( 'NONE', #2065, #75, #28 );
#4562=ORIENTED_EDGE ( 'NONE', *, *, #1227, .F. );
#4563=AXIS2_PLACEMENT_3D ( 'NONE', #1192, #150, #231 );
#4564=( BOUNDED_SURFACE ( )  B_SPLINE_SURFACE ( 3, 2, (( #476, #592, #350 ),( #456, #3463, #4840 ),( #1267, #2748, #4157 ),( #899, #2404, #1492 ) ),.UNSPECIFIED., .F., .F., .F. )B_SPLINE_SURFACE_WITH_KNOTS ( ( 4, 4 ),( 3, 3 ),( 7.180146837651998959E-17, 0.7847891758120000283 ),( 0.000000000000000000, 1.000000000000000000 ),.UNSPECIFIED. )GEOMETRIC_REPRESENTATION_ITEM ( )  RATIONAL_B_SPLINE_SURFACE ( (( 1.000000000000000000, 0.7243360104960000490, 1.000000000000000000),( 1.000000000000000000, 0.7243530631100000283, 1.000000000000000000),( 1.000000000000000000, 0.7225252651429999728, 1.000000000000000000),( 1.000000000000000000, 0.7193398003390000239, 1.000000000000000000) ) )REPRESENTATION_ITEM ( '' )  SURFACE ( )  );
#4565=STYLED_ITEM ( 'NONE', ( #36 ), #2628 );
#4566=LINE ( 'NONE', #996, #161 );
#4567=CIRCLE ( 'NONE', #422, 0.09999980000000019409 );
#4568=ORIENTED_EDGE ( 'NONE', *, *, #887, .F. );
#4569=ORIENTED_EDGE ( 'NONE', *, *, #3946, .F. );
#4570=ADVANCED_FACE ( 'NONE', ( #4775 ), #1895, .T. );
#4571=MECHANICAL_DESIGN_GEOMETRIC_PRESENTATION_REPRESENTATION (  '', ( #527 ), #1199 );
#4572=STYLED_ITEM ( 'NONE', ( #36 ), #3121 );
#4573=VERTEX_POINT ( 'NONE', #1074 );
#4574=CARTESIAN_POINT ( 'NONE',  ( -2.500106993593997018, 0.0001125016195290307638, 5.326200000000000045 ) );
#4575=CIRCLE ( 'NONE', #430, 0.1500000000000000222 );
#4576=ORIENTED_EDGE ( 'NONE', *, *, #2887, .T. );
#4577=( GEOMETRIC_REPRESENTATION_CONTEXT ( 3 ) GLOBAL_UNCERTAINTY_ASSIGNED_CONTEXT ( ( #52 ) ) GLOBAL_UNIT_ASSIGNED_CONTEXT ( ( #20, #170, #26 ) ) REPRESENTATION_CONTEXT ( 'NONE', 'WORKASPACE' ) );
#4578=DIRECTION ( 'NONE',  ( 1.525505441367843637E-09, -0.03489949670250330066, 0.9993908270190955401 ) );
#4579=LINE ( 'NONE', #1071, #89 );
#4580=AXIS2_PLACEMENT_3D ( 'NONE', #278, #4381, #665 );
#4581=PLANE ( 'NONE',  #614 );
#4582=LINE ( 'NONE', #349, #142 );
#4583=LINE ( 'NONE', #423, #229 );
#4584=VERTEX_POINT ( 'NONE', #2103 );
#4585=( GEOMETRIC_REPRESENTATION_CONTEXT ( 3 ) GLOBAL_UNCERTAINTY_ASSIGNED_CONTEXT ( ( #52 ) ) GLOBAL_UNIT_ASSIGNED_CONTEXT ( ( #20, #170, #26 ) ) REPRESENTATION_CONTEXT ( 'NONE', 'WORKASPACE' ) );
#4586=ADVANCED_FACE ( 'NONE', ( #3078 ), #9, .T. );
#4587=ORIENTED_EDGE ( 'NONE', *, *, #4422, .F. );
#4588=EDGE_CURVE ( 'NONE', #2789, #1077, #2763, .T. );
#4589=CARTESIAN_POINT ( 'NONE',  ( 2.599893120055608353, -2.599887275452390512, 5.426199999999999690 ) );
#4590=ORIENTED_EDGE ( 'NONE', *, *, #1295, .F. );
#4591=EDGE_CURVE ( 'NONE', #2093, #758, #2010, .T. );
#4592=LINE ( 'NONE', #3844, #2432 );
#4593=LINE ( 'NONE', #4224, #2459 );
#4594=PRESENTATION_LAYER_ASSIGNMENT (  '', '', ( #3380 ) );
#4595=VERTEX_POINT ( 'NONE', #13 );
#4596=PRESENTATION_LAYER_ASSIGNMENT (  '', '', ( #368 ) );
#4597=FACE_OUTER_BOUND ( 'NONE', #2302, .T. );
#4598=EDGE_LOOP ( 'NONE', ( #1629, #246, #2491, #4232 ) );
#4599=EDGE_CURVE ( 'NONE', #546, #4048, #2726, .T. );
#4600=LINE ( 'NONE', #2641, #616 );
#4601=ORIENTED_EDGE ( 'NONE', *, *, #3326, .T. );
#4602=STYLED_ITEM ( 'NONE', ( #1022 ), #3890 );
#4603=ORIENTED_EDGE ( 'NONE', *, *, #172, .T. );
#4604=ORIENTED_EDGE ( 'NONE', *, *, #3420, .F. );
#4605=AXIS2_PLACEMENT_3D ( 'NONE', #1309, #8, #28 );
#4606=AXIS2_PLACEMENT_3D ( 'NONE', #868, #8, #28 );
#4607=B_SPLINE_CURVE_WITH_KNOTS ( 'NONE', 3,( #137, #3207, #1373, #611, #1324, #1854 ),.UNSPECIFIED., .F., .F.,( 4, 2, 4 ),( 0.000000000000000000, 0.5000000000000000000, 1.000000000000000000 ),.UNSPECIFIED. );
#4608=ORIENTED_EDGE ( 'NONE', *, *, #957, .F. );
#4609=AXIS2_PLACEMENT_3D ( 'NONE', #4542, #1197, #231 );
#4610=EDGE_CURVE ( 'NONE', #3192, #1045, #407, .T. );
#4611=ADVANCED_FACE ( 'NONE', ( #4144 ), #4711, .T. );
#4612=ADVANCED_FACE ( 'NONE', ( #2132 ), #3893, .T. );
#4613=MECHANICAL_DESIGN_GEOMETRIC_PRESENTATION_REPRESENTATION (  '', ( #4759 ), #4192 );
#4614=CARTESIAN_POINT ( 'NONE',  ( 3.238861145547031306, 2.683348651722795797, 5.250000000000000000 ) );
#4615=ORIENTED_EDGE ( 'NONE', *, *, #1782, .T. );
#4616=EDGE_LOOP ( 'NONE', ( #2238, #3635, #2609, #2163 ) );
#4617=EDGE_CURVE ( 'NONE', #2987, #4095, #1020, .T. );
#4618=AXIS2_PLACEMENT_3D ( 'NONE', #2294, #1583, #2819 );
#4619=VERTEX_POINT ( 'NONE', #1784 );
#4620=EDGE_LOOP ( 'NONE', ( #3086, #4832, #1187, #2027 ) );
#4621=EDGE_CURVE ( 'NONE', #4702, #979, #2489, .T. );
#4622=MECHANICAL_DESIGN_GEOMETRIC_PRESENTATION_REPRESENTATION (  '', ( #2807 ), #4692 );
#4623=ORIENTED_EDGE ( 'NONE', *, *, #4056, .F. );
#4624=CARTESIAN_POINT ( 'NONE',  ( -2.854292141145788442, 3.888476567468609701, 4.628647106619999896 ) );
#4625=CARTESIAN_POINT ( 'NONE',  ( 0.000000000000000000, 0.000000000000000000, 0.000000000000000000 ) );
#4626=ORIENTED_EDGE ( 'NONE', *, *, #3494, .T. );
#4627=EDGE_CURVE ( 'NONE', #3839, #1860, #4566, .T. );
#4628=ORIENTED_EDGE ( 'NONE', *, *, #769, .F. );
#4629=( GEOMETRIC_REPRESENTATION_CONTEXT ( 3 ) GLOBAL_UNCERTAINTY_ASSIGNED_CONTEXT ( ( #52 ) ) GLOBAL_UNIT_ASSIGNED_CONTEXT ( ( #20, #170, #26 ) ) REPRESENTATION_CONTEXT ( 'NONE', 'WORKASPACE' ) );
#4630=DIRECTION ( 'NONE',  ( -4.371138894979755006E-08, 0.9999999999999990008, 0.000000000000000000 ) );
#4631=( GEOMETRIC_REPRESENTATION_CONTEXT ( 3 ) GLOBAL_UNCERTAINTY_ASSIGNED_CONTEXT ( ( #52 ) ) GLOBAL_UNIT_ASSIGNED_CONTEXT ( ( #20, #170, #26 ) ) REPRESENTATION_CONTEXT ( 'NONE', 'WORKASPACE' ) );
#4632=MECHANICAL_DESIGN_GEOMETRIC_PRESENTATION_REPRESENTATION (  '', ( #2892 ), #3861 );
#4633=CARTESIAN_POINT ( 'NONE',  ( -0.0001068520142025121856, -3.238855645645996706, 5.250000000000000000 ) );
#4634=VERTEX_POINT ( 'NONE', #282 );
#4635=ADVANCED_FACE ( 'NONE', ( #652 ), #236, .F. );
#4636=ADVANCED_FACE ( 'NONE', ( #4026 ), #3409, .T. );
#4637=ADVANCED_FACE ( 'NONE', ( #2229 ), #2571, .F. );
#4638=ORIENTED_EDGE ( 'NONE', *, *, #2585, .F. );
#4639=AXIS2_PLACEMENT_3D ( 'NONE', #1781, #25, #8 );
#4640=EDGE_CURVE ( 'NONE', #2415, #3717, #4007, .T. );
#4641=CARTESIAN_POINT ( 'NONE',  ( -0.0001069935939984612006, 0.0001126108979984490055, 5.299999999999999822 ) );
#4642=FACE_OUTER_BOUND ( 'NONE', #59, .T. );
#4643=PRESENTATION_LAYER_ASSIGNMENT (  '', '', ( #1432 ) );
#4644=LINE ( 'NONE', #1064, #43 );
#4645=CIRCLE ( 'NONE', #532, 0.6499999999999998002 );
#4646=EDGE_LOOP ( 'NONE', ( #2977, #365, #2469, #1474 ) );
#4647=VERTEX_POINT ( 'NONE', #4346 );
#4648=VECTOR ( 'NONE', #860, 1000.000000000000227 );
#4649=STYLED_ITEM ( 'NONE', ( #165 ), #4694 );
#4650=LINE ( 'NONE', #198, #43 );
#4651=AXIS2_PLACEMENT_3D ( 'NONE', #2563, #619, #8 );
#4652=ADVANCED_FACE ( 'NONE', ( #1185 ), #3002, .T. );
#4653=STYLED_ITEM ( 'NONE', ( #36 ), #1379 );
#4654=CARTESIAN_POINT ( 'NONE',  ( 3.158409516813080575, 2.877644716150142834, 5.250000000000000000 ) );
#4655=EDGE_LOOP ( 'NONE', ( #664, #3489, #3080, #3728 ) );
#4656=EDGE_LOOP ( 'NONE', ( #2653, #3867, #1668, #2186 ) );
#4657=FACE_BOUND ( 'NONE', #634, .T. );
#4658=VERTEX_POINT ( 'NONE', #1292 );
#4659=VERTEX_POINT ( 'NONE', #3696 );
#4660=PRESENTATION_LAYER_ASSIGNMENT (  '', '', ( #3894 ) );
#4661=ORIENTED_EDGE ( 'NONE', *, *, #4125, .T. );
#4662=PRESENTATION_LAYER_ASSIGNMENT (  '', '', ( #3147 ) );
#4663=CARTESIAN_POINT ( 'NONE',  ( 2.299893120055608531, -2.599887288565807086, 5.426199999999999690 ) );
#4664=EDGE_CURVE ( 'NONE', #1144, #4065, #4447, .T. );
#4665=FACE_OUTER_BOUND ( 'NONE', #2642, .T. );
#4666=EDGE_CURVE ( 'NONE', #2851, #4758, #1619, .T. );
#4667=ORIENTED_EDGE ( 'NONE', *, *, #2662, .T. );
#4668=VERTEX_POINT ( 'NONE', #879 );
#4669=LINE ( 'NONE', #698, #43 );
#4670=EDGE_CURVE ( 'NONE', #3776, #4350, #1592, .T. );
#4671=LINE ( 'NONE', #3718, #142 );
#4672=FACE_OUTER_BOUND ( 'NONE', #4682, .T. );
#4673=CARTESIAN_POINT ( 'NONE',  ( -4.046193682440677009, 3.005431802141935727, 0.1499999999999999944 ) );
#4674=LINE ( 'NONE', #4409, #1528 );
#4675=CARTESIAN_POINT ( 'NONE',  ( 2.669893192179396024, -4.249887272392590454, 0.1499999999999999944 ) );
#4676=ORIENTED_EDGE ( 'NONE', *, *, #1452, .T. );
#4677=ORIENTED_EDGE ( 'NONE', *, *, #2525, .T. );
#4678=VERTEX_POINT ( 'NONE', #1781 );
#4679=AXIS2_PLACEMENT_3D ( 'NONE', #952, #28, #10 );
#4680=CARTESIAN_POINT ( 'NONE',  ( -2.683342751259199410, -3.238855762817962169, 5.250000000000000000 ) );
#4681=EDGE_LOOP ( 'NONE', ( #937, #787, #4215, #3250 ) );
#4682=EDGE_LOOP ( 'NONE', ( #2351, #2090, #4782, #3848 ) );
#4683=PLANE ( 'NONE',  #4679 );
#4684=CARTESIAN_POINT ( 'NONE',  ( -2.635669281574839484, -4.044649388882092467, 0.1499999999999999944 ) );
#4685=FACE_OUTER_BOUND ( 'NONE', #2071, .T. );
#4686=MECHANICAL_DESIGN_GEOMETRIC_PRESENTATION_REPRESENTATION (  '', ( #2802 ), #1246 );
#4687=VERTEX_POINT ( 'NONE', #492 );
#4688=ORIENTED_EDGE ( 'NONE', *, *, #3591, .F. );
#4689=EDGE_CURVE ( 'NONE', #1827, #2969, #4799, .T. );
#4690=ORIENTED_EDGE ( 'NONE', *, *, #863, .T. );
#4691=ORIENTED_EDGE ( 'NONE', *, *, #4083, .T. );
#4692=( GEOMETRIC_REPRESENTATION_CONTEXT ( 3 ) GLOBAL_UNCERTAINTY_ASSIGNED_CONTEXT ( ( #52 ) ) GLOBAL_UNIT_ASSIGNED_CONTEXT ( ( #20, #170, #26 ) ) REPRESENTATION_CONTEXT ( 'NONE', 'WORKASPACE' ) );
#4693=VERTEX_POINT ( 'NONE', #3815 );
#4694=ADVANCED_FACE ( 'NONE', ( #2004 ), #3072, .F. );
#4695=CARTESIAN_POINT ( 'NONE',  ( 2.599893106942191778, -2.299887275452390689, 5.299999999999999822 ) );
#4696=LINE ( 'NONE', #2568, #4375 );
#4697=( GEOMETRIC_REPRESENTATION_CONTEXT ( 3 ) GLOBAL_UNCERTAINTY_ASSIGNED_CONTEXT ( ( #52 ) ) GLOBAL_UNIT_ASSIGNED_CONTEXT ( ( #20, #170, #26 ) ) REPRESENTATION_CONTEXT ( 'NONE', 'WORKASPACE' ) );
#4698=LINE ( 'NONE', #589, #43 );
#4699=CARTESIAN_POINT ( 'NONE',  ( -4.044868993374092447, 2.635674898878839656, 0.1499999999999999944 ) );
#4700=PRESENTATION_LAYER_ASSIGNMENT (  '', '', ( #1336 ) );
#4701=EDGE_LOOP ( 'NONE', ( #3263, #3620, #1967, #1040 ) );
#4702=VERTEX_POINT ( 'NONE', #1401 );
#4703=ORIENTED_EDGE ( 'NONE', *, *, #2217, .T. );
#4704=LINE ( 'NONE', #760, #229 );
#4705=ORIENTED_EDGE ( 'NONE', *, *, #3092, .F. );
#4706=ORIENTED_EDGE ( 'NONE', *, *, #1169, .F. );
#4707=EDGE_CURVE ( 'NONE', #2377, #2330, #840, .T. );
#4708=ORIENTED_EDGE ( 'NONE', *, *, #4599, .T. );
#4709=CARTESIAN_POINT ( 'NONE',  ( -3.703545131086163344, -3.204441456777380903, 4.631358778608590576 ) );
#4710=( GEOMETRIC_REPRESENTATION_CONTEXT ( 3 ) GLOBAL_UNCERTAINTY_ASSIGNED_CONTEXT ( ( #52 ) ) GLOBAL_UNIT_ASSIGNED_CONTEXT ( ( #20, #170, #26 ) ) REPRESENTATION_CONTEXT ( 'NONE', 'WORKASPACE' ) );
#4711=( BOUNDED_SURFACE ( )  B_SPLINE_SURFACE ( 3, 2, (( #3336, #4543, #361 ),( #3772, #4450, #4614 ),( #3262, #181, #4654 ),( #476, #592, #350 ) ),.UNSPECIFIED., .F., .F., .F. )B_SPLINE_SURFACE_WITH_KNOTS ( ( 4, 4 ),( 3, 3 ),( 5.498396131367999651, 6.283185307180000123 ),( 0.000000000000000000, 1.000000000000000000 ),.UNSPECIFIED. )GEOMETRIC_REPRESENTATION_ITEM ( )  RATIONAL_B_SPLINE_SURFACE ( (( 1.000000000000000000, 0.7193398003390000239, 1.000000000000000000),( 1.000000000000000000, 0.7225252651429999728, 1.000000000000000000),( 1.000000000000000000, 0.7243530631100000283, 1.000000000000000000),( 1.000000000000000000, 0.7243360104960000490, 1.000000000000000000) ) )REPRESENTATION_ITEM ( '' )  SURFACE ( )  );
#4712=ORIENTED_EDGE ( 'NONE', *, *, #373, .T. );
#4713=AXIS2_PLACEMENT_3D ( 'NONE', #1671, #2363, #1568 );
#4714=ORIENTED_EDGE ( 'NONE', *, *, #1842, .F. );
#4715=CARTESIAN_POINT ( 'NONE',  ( -3.861036898224162961, 2.846720044011394446, 5.250000000000000000 ) );
#4716=CARTESIAN_POINT ( 'NONE',  ( -3.239075367603631239, 2.687412956790196983, 5.249999999999999112 ) );
#4717=CARTESIAN_POINT ( 'NONE',  ( -4.250107110303401825, 2.670112425124598676, 0.000000000000000000 ) );
#4718=ORIENTED_EDGE ( 'NONE', *, *, #4053, .T. );
#4719=ADVANCED_FACE ( 'NONE', ( #4513 ), #1884, .T. );
#4720=( GEOMETRIC_REPRESENTATION_CONTEXT ( 3 ) GLOBAL_UNCERTAINTY_ASSIGNED_CONTEXT ( ( #52 ) ) GLOBAL_UNIT_ASSIGNED_CONTEXT ( ( #20, #170, #26 ) ) REPRESENTATION_CONTEXT ( 'NONE', 'WORKASPACE' ) );
#4721=AXIS2_PLACEMENT_3D ( 'NONE', #1976, #4470, #510 );
#4722=ADVANCED_FACE ( 'NONE', ( #1724 ), #1698, .F. );
#4723=AXIS2_PLACEMENT_3D ( 'NONE', #1905, #8, #28 );
#4724=LINE ( 'NONE', #781, #89 );
#4725=FACE_OUTER_BOUND ( 'NONE', #4114, .T. );
#4726=ORIENTED_EDGE ( 'NONE', *, *, #447, .T. );
#4727=EDGE_CURVE ( 'NONE', #3283, #458, #4278, .T. );
#4728=ORIENTED_EDGE ( 'NONE', *, *, #1082, .F. );
#4729=ORIENTED_EDGE ( 'NONE', *, *, #861, .F. );
#4730=( GEOMETRIC_REPRESENTATION_CONTEXT ( 3 ) GLOBAL_UNCERTAINTY_ASSIGNED_CONTEXT ( ( #52 ) ) GLOBAL_UNIT_ASSIGNED_CONTEXT ( ( #20, #170, #26 ) ) REPRESENTATION_CONTEXT ( 'NONE', 'WORKASPACE' ) );
#4731=CARTESIAN_POINT ( 'NONE',  ( 3.199895261534333013, -3.710895867236461587, 5.250000000000000888 ) );
#4732=PRESENTATION_LAYER_ASSIGNMENT (  '', '', ( #2847 ) );
#4733=ORIENTED_EDGE ( 'NONE', *, *, #1115, .T. );
#4734=VERTEX_POINT ( 'NONE', #41 );
#4735=EDGE_CURVE ( 'NONE', #2347, #2888, #557, .T. );
#4736=EDGE_LOOP ( 'NONE', ( #1094, #595, #2672, #274 ) );
#4737=ORIENTED_EDGE ( 'NONE', *, *, #3873, .T. );
#4738=LINE ( 'NONE', #2867, #229 );
#4739=DIRECTION ( 'NONE',  ( -0.7071067502779279090, -0.7071068120951659042, 0.000000000000000000 ) );
#4740=( BOUNDED_SURFACE ( )  B_SPLINE_SURFACE ( 3, 2, (( #31, #3831, #1204 ),( #4465, #4138, #1588 ),( #2424, #3067, #2048 ),( #2013, #3806, #3071 ) ),.UNSPECIFIED., .F., .F., .F. )B_SPLINE_SURFACE_WITH_KNOTS ( ( 4, 4 ),( 3, 3 ),( 6.972361237848998458E-17, 0.7847891758120000283 ),( 0.000000000000000000, 1.000000000000000000 ),.UNSPECIFIED. )GEOMETRIC_REPRESENTATION_ITEM ( )  RATIONAL_B_SPLINE_SURFACE ( (( 1.000000000000000000, 0.7243360104960000490, 1.000000000000000000),( 1.000000000000000000, 0.7243530631100000283, 1.000000000000000000),( 1.000000000000000000, 0.7225252651429999728, 1.000000000000000000),( 1.000000000000000000, 0.7193398003390000239, 1.000000000000000000) ) )REPRESENTATION_ITEM ( '' )  SURFACE ( )  );
#4741=VERTEX_POINT ( 'NONE', #2137 );
#4742=CARTESIAN_POINT ( 'NONE',  ( -3.866773062359798452, 2.484540624024662137, 5.250000000000000000 ) );
#4743=ORIENTED_EDGE ( 'NONE', *, *, #823, .F. );
#4744=CARTESIAN_POINT ( 'NONE',  ( -2.687407339486198143, -3.238855763111631259, 5.249999999999999112 ) );
#4745=CYLINDRICAL_SURFACE ( 'NONE', #2757, 0.3000000000000002109 );
#4746=EDGE_LOOP ( 'NONE', ( #2314, #3097, #600, #4168 ) );
#4747=ORIENTED_EDGE ( 'NONE', *, *, #1406, .T. );
#4748=ADVANCED_FACE ( 'NONE', ( #205 ), #1796, .T. );
#4749=AXIS2_PLACEMENT_3D ( 'NONE', #1893, #8, #1163 );
#4750=FACE_OUTER_BOUND ( 'NONE', #1480, .T. );
#4751=ORIENTED_EDGE ( 'NONE', *, *, #2206, .F. );
#4752=EDGE_LOOP ( 'NONE', ( #1968, #2268, #3083, #4087, #917, #3010, #393, #4788, #618, #3656, #4784, #2357 ) );
#4753=EDGE_CURVE ( 'NONE', #3280, #2703, #2970, .T. );
#4754=EDGE_LOOP ( 'NONE', ( #3801, #3539, #1427, #4519 ) );
#4755=LINE ( 'NONE', #1161, #89 );
#4756=STYLED_ITEM ( 'NONE', ( #36 ), #4148 );
#4757=PLANE ( 'NONE',  #2040 );
#4758=VERTEX_POINT ( 'NONE', #752 );
#4759=STYLED_ITEM ( 'NONE', ( #36 ), #169 );
#4760=ORIENTED_EDGE ( 'NONE', *, *, #640, .T. );
#4761=FACE_OUTER_BOUND ( 'NONE', #214, .T. );
#4762=ADVANCED_FACE ( 'NONE', ( #724 ), #346, .T. );
#4763=ORIENTED_EDGE ( 'NONE', *, *, #1914, .T. );
#4764=AXIS2_PLACEMENT_3D ( 'NONE', #679, #8, #28 );
#4765=CARTESIAN_POINT ( 'NONE',  ( -3.738636751826035276, 3.215751320114678347, 4.632061452936999224 ) );
#4766=LINE ( 'NONE', #2413, #142 );
#4767=DIRECTION ( 'NONE',  ( 0.9999999999999992228, 4.371138802329918777E-08, -6.672013369142002049E-16 ) );
#4768=EDGE_LOOP ( 'NONE', ( #1788, #4747, #3504, #450, #2233, #213 ) );
#4769=( BOUNDED_CURVE ( )  B_SPLINE_CURVE ( 3, ( #361, #1563, #3765, #350 ),.UNSPECIFIED., .F., .T. )B_SPLINE_CURVE_WITH_KNOTS ( ( 4, 4 ),( 5.498396131367999651, 6.283185307180000123 ),.UNSPECIFIED. )CURVE ( )  GEOMETRIC_REPRESENTATION_ITEM ( )  RATIONAL_B_SPLINE_CURVE ( ( 1.000000000000000000, 0.9493306762729999404, 0.9493306762729999404, 1.000000000000000000 ) )REPRESENTATION_ITEM ( '' )  );
#4770=CARTESIAN_POINT ( 'NONE',  ( -2.300106893057803692, -2.299887489638191340, 5.479999999999999538 ) );
#4771=FACE_OUTER_BOUND ( 'NONE', #4041, .T. );
#4772=MECHANICAL_DESIGN_GEOMETRIC_PRESENTATION_REPRESENTATION (  '', ( #4124 ), #690 );
#4773=EDGE_LOOP ( 'NONE', ( #1890, #4239, #367, #2041 ) );
#4774=MECHANICAL_DESIGN_GEOMETRIC_PRESENTATION_REPRESENTATION (  '', ( #317 ), #3107 );
#4775=FACE_OUTER_BOUND ( 'NONE', #4040, .T. );
#4776=CARTESIAN_POINT ( 'NONE',  ( 2.299893106942191956, -2.299887288565807264, 5.426199999999999690 ) );
#4777=ORIENTED_EDGE ( 'NONE', *, *, #2003, .T. );
#4778=EDGE_CURVE ( 'NONE', #2918, #2870, #2201, .T. );
#4779=LINE ( 'NONE', #82, #229 );
#4780=PLANE ( 'NONE',  #2629 );
#4781=ADVANCED_FACE ( 'NONE', ( #1543 ), #295, .T. );
#4782=ORIENTED_EDGE ( 'NONE', *, *, #1554, .F. );
#4783=LINE ( 'NONE', #718, #161 );
#4784=ORIENTED_EDGE ( 'NONE', *, *, #887, .T. );
#4785=VERTEX_POINT ( 'NONE', #784 );
#4786=EDGE_CURVE ( 'NONE', #1601, #693, #3809, .T. );
#4787=LINE ( 'NONE', #868, #229 );
#4788=ORIENTED_EDGE ( 'NONE', *, *, #1313, .T. );
#4789=PLANE ( 'NONE',  #2889 );
#4790=DIRECTION ( 'NONE',  ( -0.9999999999999991118, -4.371138814577572487E-08, -2.892577014194890830E-31 ) );
#4791=ORIENTED_EDGE ( 'NONE', *, *, #3116, .F. );
#4792=LINE ( 'NONE', #1825, #43 );
#4793=( GEOMETRIC_REPRESENTATION_CONTEXT ( 3 ) GLOBAL_UNCERTAINTY_ASSIGNED_CONTEXT ( ( #52 ) ) GLOBAL_UNIT_ASSIGNED_CONTEXT ( ( #20, #170, #26 ) ) REPRESENTATION_CONTEXT ( 'NONE', 'WORKASPACE' ) );
#4794=MECHANICAL_DESIGN_GEOMETRIC_PRESENTATION_REPRESENTATION (  '', ( #4427 ), #3432 );
#4795=FACE_OUTER_BOUND ( 'NONE', #2312, .T. );
#4796=MECHANICAL_DESIGN_GEOMETRIC_PRESENTATION_REPRESENTATION (  '', ( #1429 ), #253 );
#4797=EDGE_CURVE ( 'NONE', #3671, #4734, #3783, .T. );
#4798=PLANE ( 'NONE',  #789 );
#4799=LINE ( 'NONE', #2081, #43 );
#4800=ORIENTED_EDGE ( 'NONE', *, *, #4482, .F. );
#4801=CARTESIAN_POINT ( 'NONE',  ( -3.053505978973894752, 4.189727678226699226, 0.1499999999999999944 ) );
#4802=STYLED_ITEM ( 'NONE', ( #36 ), #3195 );
#4803=STYLED_ITEM ( 'NONE', ( #256 ), #3288 );
#4804=STYLED_ITEM ( 'NONE', ( #1022 ), #3351 );
#4805=FACE_OUTER_BOUND ( 'NONE', #1700, .T. );
#4806=AXIS2_PLACEMENT_3D ( 'NONE', #514, #150, #231 );
#4807=ORIENTED_EDGE ( 'NONE', *, *, #739, .F. );
#4808=MECHANICAL_DESIGN_GEOMETRIC_PRESENTATION_REPRESENTATION (  '', ( #4155 ), #4299 );
#4809=FACE_OUTER_BOUND ( 'NONE', #516, .T. );
#4810=( GEOMETRIC_REPRESENTATION_CONTEXT ( 3 ) GLOBAL_UNCERTAINTY_ASSIGNED_CONTEXT ( ( #52 ) ) GLOBAL_UNIT_ASSIGNED_CONTEXT ( ( #20, #170, #26 ) ) REPRESENTATION_CONTEXT ( 'NONE', 'WORKASPACE' ) );
#4811=EDGE_LOOP ( 'NONE', ( #4010, #1135, #2001, #3338 ) );
#4812=ORIENTED_EDGE ( 'NONE', *, *, #1716, .T. );
#4813=EDGE_LOOP ( 'NONE', ( #4812, #1902, #1126, #3276 ) );
#4814=ADVANCED_FACE ( 'NONE', ( #1640 ), #1248, .T. );
#4815=ORIENTED_EDGE ( 'NONE', *, *, #2652, .T. );
#4816=EDGE_CURVE ( 'NONE', #3183, #3117, #3467, .T. );
#4817=( GEOMETRIC_REPRESENTATION_CONTEXT ( 3 ) GLOBAL_UNCERTAINTY_ASSIGNED_CONTEXT ( ( #52 ) ) GLOBAL_UNIT_ASSIGNED_CONTEXT ( ( #20, #170, #26 ) ) REPRESENTATION_CONTEXT ( 'NONE', 'WORKASPACE' ) );
#4818=DIRECTION ( 'NONE',  ( 4.371138814577572487E-08, -0.9999999999999991118, 1.323488980084844280E-23 ) );
#4819=VERTEX_POINT ( 'NONE', #2307 );
#4820=B_SPLINE_CURVE_WITH_KNOTS ( 'NONE', 3,( #1003, #1690, #4550, #3926, #2827, #1341 ),.UNSPECIFIED., .F., .F.,( 4, 2, 4 ),( 0.000000000000000000, 0.4999999999999997780, 1.000000000000000000 ),.UNSPECIFIED. );
#4821=ADVANCED_FACE ( 'NONE', ( #4845 ), #3406, .T. );
#4822=( GEOMETRIC_REPRESENTATION_CONTEXT ( 3 ) GLOBAL_UNCERTAINTY_ASSIGNED_CONTEXT ( ( #52 ) ) GLOBAL_UNIT_ASSIGNED_CONTEXT ( ( #20, #170, #26 ) ) REPRESENTATION_CONTEXT ( 'NONE', 'WORKASPACE' ) );
#4823=LINE ( 'NONE', #827, #43 );
#4824=VERTEX_POINT ( 'NONE', #79 );
#4825=LINE ( 'NONE', #1621, #636 );
#4826=LINE ( 'NONE', #2430, #428 );
#4827=EDGE_CURVE ( 'NONE', #2955, #1660, #1224, .T. );
#4828=STYLED_ITEM ( 'NONE', ( #36 ), #3857 );
#4829=LINE ( 'NONE', #1255, #43 );
#4830=ORIENTED_EDGE ( 'NONE', *, *, #412, .T. );
#4831=STYLED_ITEM ( 'NONE', ( #165 ), #4030 );
#4832=ORIENTED_EDGE ( 'NONE', *, *, #3415, .T. );
#4833=STYLED_ITEM ( 'NONE', ( #36 ), #4298 );
#4834=CARTESIAN_POINT ( 'NONE',  ( -3.445306879815007051, -4.023804370075472647, 0.1499999999999999944 ) );
#4835=ORIENTED_EDGE ( 'NONE', *, *, #1934, .T. );
#4836=EDGE_LOOP ( 'NONE', ( #2256, #1695, #3487, #3753 ) );
#4837=ORIENTED_EDGE ( 'NONE', *, *, #3013, .T. );
#4838=PLANE ( 'NONE',  #818 );
#4839=VERTEX_POINT ( 'NONE', #1861 );
#4840=CARTESIAN_POINT ( 'NONE',  ( 2.877424835531850800, 3.158629372866914142, 5.250000000000000000 ) );
#4841=CARTESIAN_POINT ( 'NONE',  ( 3.889960887688903579, -3.367062557468736284, 0.2926012031709999683 ) );
#4842=MECHANICAL_DESIGN_GEOMETRIC_PRESENTATION_REPRESENTATION (  '', ( #1239 ), #4538 );
#4843=DIRECTION ( 'NONE',  ( -0.7071068120951659042, 0.7071067502779279090, 0.000000000000000000 ) );
#4844=EDGE_LOOP ( 'NONE', ( #859, #1188, #928, #564 ) );
#4845=FACE_OUTER_BOUND ( 'NONE', #4533, .T. );
#4846=ORIENTED_EDGE ( 'NONE', *, *, #2978, .F. );
#4847=EDGE_CURVE ( 'NONE', #2967, #1546, #857, .T. );
#4848=CIRCLE ( 'NONE', #3027, 0.6500000000000002442 );
#4849=STYLED_ITEM ( 'NONE', ( #36 ), #347 );
#4850=PLANE ( 'NONE',  #2046 );
#4851=ORIENTED_EDGE ( 'NONE', *, *, #1646, .F. );
ENDSEC;
END-ISO-10303-21;
