ISO-10303-21;
HEADER;
FILE_DESCRIPTION (( 'STEP AP214' ),
'1' );
FILE_NAME ('SOT563.STEP',
'2021-06-17T13:45:52',
( '' ),
( '' ),
'SwSTEP 2.0',
'SolidWorks 2014',
'' );
FILE_SCHEMA (( 'AUTOMOTIVE_DESIGN' ));
ENDSEC;
DATA;
#1=ORIENTED_EDGE ( 'NONE', *, *, #663, .F. );
#2=CARTESIAN_POINT ( 'NONE',  ( 1.051197850475609900, 0.5481025635590720500, -0.1423298990175301500 ) );
#3=LINE ( 'NONE', #585, #29 );
#4=CARTESIAN_POINT ( 'NONE',  ( 1.076770937999898200, 0.5357263191620934600, -1.487662492201696300 ) );
#5=CARTESIAN_POINT ( 'NONE',  ( 0.1642261328679382500, 0.5500000000000000400, -0.1642261328679381300 ) );
#6=VERTEX_POINT ( 'NONE', #258 );
#7=AXIS2_PLACEMENT_3D ( 'NONE', #67, #146, #11 );
#8=CARTESIAN_POINT ( 'NONE',  ( 1.068799213683039100, 0.5410029542706100700, -0.1224810664905058900 ) );
#9=ORIENTED_EDGE ( 'NONE', *, *, #290, .F. );
#10=ORIENTED_EDGE ( 'NONE', *, *, #1519, .T. );
#11=DIRECTION ( 'NONE',  ( 0.0000000000000000000, -0.0000000000000000000, 1.000000000000000000 ) );
#12=CARTESIAN_POINT ( 'NONE',  ( 1.079729570259986300, 0.5364609542211861100, -1.485175348594760300 ) );
#13=CARTESIAN_POINT ( 'NONE',  ( 1.098029562446992900, 0.4873703522333602300, -0.07103495632812154000 ) );
#14=DIRECTION ( 'NONE',  ( 1.000000000000000000, 0.0000000000000000000, 0.0000000000000000000 ) );
#15=CARTESIAN_POINT ( 'NONE',  ( 1.052334153527398000, 0.5483337186197583300, -1.456465712074144200 ) );
#16=ADVANCED_BREP_SHAPE_REPRESENTATION ( '', ( #1484, #236 ), #1440 );
#17=DIRECTION ( 'NONE',  ( 9.807965596809098200E-016, -0.9902680687415703600, -0.1391731009600657400 ) );
#18=CARTESIAN_POINT ( 'NONE',  ( 0.08725955825622606900, 0.4918706516744348300, -1.523776865610127200 ) );
#19=CARTESIAN_POINT ( 'NONE',  ( 0.1312007867660544600, 0.5410029540633091200, -0.1224810660584905500 ) );
#20=STYLED_ITEM ( 'NONE', ( #574 ), #539 );
#21=LINE ( 'NONE', #487, #122 );
#22=CARTESIAN_POINT ( 'NONE',  ( 1.134447737253461200, 0.4664285855804951600, -0.08177840970034835900 ) );
#23=DIRECTION ( 'NONE',  ( 0.1391731009600657400, 0.9902680687415702500, -0.0000000000000000000 ) );
#24=COLOUR_RGB ( '',0.8000000000000000400, 0.8078431372549019800, 0.8000000000000000400 );
#25=CARTESIAN_POINT ( 'NONE',  ( 1.035773867132061500, 0.5500000000000000400, -1.435773867132061900 ) );
#26=ORIENTED_EDGE ( 'NONE', *, *, #530, .F. );
#27=DIRECTION ( 'NONE',  ( -1.000000000000000000, -0.0000000000000000000, -0.0000000000000000000 ) );
#28=CARTESIAN_POINT ( 'NONE',  ( 0.1232290620000963100, 0.5357263191621156600, -0.1123375077983369700 ) );
#29=VECTOR ( 'NONE', #75, 1000.000000000000000 );
#30=EDGE_CURVE ( 'NONE', #1386, #1522, #478, .T. );
#31=VECTOR ( 'NONE', #1183, 1000.000000000000000 );
#32=CARTESIAN_POINT ( 'NONE',  ( 1.035773867132061500, 0.5500000000000000400, -0.1642261328679381300 ) );
#33=( LENGTH_UNIT ( ) NAMED_UNIT ( * ) SI_UNIT ( .MILLI., .METRE. ) );
#34=EDGE_CURVE ( 'NONE', #1523, #908, #1457, .T. );
#35=ORIENTED_EDGE ( 'NONE', *, *, #1188, .F. );
#36=ORIENTED_EDGE ( 'NONE', *, *, #560, .F. );
#37=CARTESIAN_POINT ( 'NONE',  ( 0.1000000000000000200, 0.0000000000000000000, -1.500000000000000000 ) );
#38=FILL_AREA_STYLE ('',( #261 ) );
#39=MECHANICAL_DESIGN_GEOMETRIC_PRESENTATION_REPRESENTATION (  '', ( #1502 ), #1004 );
#40=PLANE ( 'NONE',  #860 );
#41=CARTESIAN_POINT ( 'NONE',  ( 0.0000000000000000000, 0.1200000000000000000, 0.0000000000000000000 ) );
#42=LINE ( 'NONE', #117, #196 );
#43=APPLICATION_PROTOCOL_DEFINITION ( 'draft international standard', 'automotive_design', 1998, #49 );
#44=PLANE ( 'NONE',  #644 );
#45=PRODUCT_DEFINITION_CONTEXT ( 'detailed design', #49, 'design' );
#46=CARTESIAN_POINT ( 'NONE',  ( 0.05000000000000533200, 0.1200000000000000000, -1.410000000000000100 ) );
#47=CARTESIAN_POINT ( 'NONE',  ( 1.200000000000001700, 0.0000000000000000000, -0.4100000000000000900 ) );
#48=PRESENTATION_STYLE_ASSIGNMENT (( #220 ) );
#49=APPLICATION_CONTEXT ( 'automotive_design' );
#50=AXIS2_PLACEMENT_3D ( 'NONE', #41, #146, #11 );
#51=FACE_OUTER_BOUND ( 'NONE', #253, .T. );
#52=ORIENTED_EDGE ( 'NONE', *, *, #969, .F. );
#53=DIRECTION ( 'NONE',  ( -1.000000000000000000, 0.0000000000000000000, 0.0000000000000000000 ) );
#54=FACE_OUTER_BOUND ( 'NONE', #187, .T. );
#55=STYLED_ITEM ( 'NONE', ( #48 ), #16 );
#56=EDGE_LOOP ( 'NONE', ( #1057, #1209, #1337, #388 ) );
#57=DIRECTION ( 'NONE',  ( 4.928191693115927800E-016, 0.0000000000000000000, 1.000000000000000000 ) );
#58=( NAMED_UNIT ( * ) SI_UNIT ( $, .STERADIAN. ) SOLID_ANGLE_UNIT ( ) );
#59=ORIENTED_EDGE ( 'NONE', *, *, #807, .T. );
#60=VERTEX_POINT ( 'NONE', #628 );
#61=ORIENTED_EDGE ( 'NONE', *, *, #1496, .F. );
#62=EDGE_CURVE ( 'NONE', #877, #1490, #732, .T. );
#63=ORIENTED_EDGE ( 'NONE', *, *, #109, .F. );
#64=STYLED_ITEM ( 'NONE', ( #48 ), #390 );
#65=CARTESIAN_POINT ( 'NONE',  ( 0.1210187349477480500, 0.5403562556502757900, -1.465802519470885000 ) );
#66=DIRECTION ( 'NONE',  ( 0.0000000000000000000, 0.0000000000000000000, 1.000000000000000000 ) );
#67=CARTESIAN_POINT ( 'NONE',  ( 0.2999999999999999900, 0.5200000000000000200, -1.300000000000000000 ) );
#68=FACE_OUTER_BOUND ( 'NONE', #318, .T. );
#69=CARTESIAN_POINT ( 'NONE',  ( 0.1048138131462170400, 0.5305084478505458500, -1.477051225601123000 ) );
#70=( REPRESENTATION_RELATIONSHIP ('NONE','NONE', #1392, #190 ) REPRESENTATION_RELATIONSHIP_WITH_TRANSFORMATION ( #925 )SHAPE_REPRESENTATION_RELATIONSHIP( ) );
#71=EDGE_CURVE ( 'NONE', #723, #1501, #1005, .T. );
#72=CARTESIAN_POINT ( 'NONE',  ( 0.1264653479065423500, 0.5342570497108465300, -0.1100441988521156200 ) );
#73=CARTESIAN_POINT ( 'NONE',  ( 0.0000000000000000000, 0.1200000000000000000, -0.2200000000000000000 ) );
#74=LINE ( 'NONE', #1366, #169 );
#75=DIRECTION ( 'NONE',  ( -0.0000000000000000000, -1.000000000000000000, -0.0000000000000000000 ) );
#76=AXIS2_PLACEMENT_3D ( 'NONE', #408, #1157, #391 );
#77=VECTOR ( 'NONE', #468, 999.9999999999998900 );
#78=ORIENTED_EDGE ( 'NONE', *, *, #1091, .T. );
#79=LINE ( 'NONE', #357, #380 );
#80=ORIENTED_EDGE ( 'NONE', *, *, #695, .T. );
#81=CARTESIAN_POINT ( 'NONE',  ( 0.1000000000000007100, 0.0000000000000000000, 0.0000000000000000000 ) );
#82=VECTOR ( 'NONE', #116, 1000.000000000000000 );
#83=ORIENTED_EDGE ( 'NONE', *, *, #1299, .T. );
#84=( NAMED_UNIT ( * ) PLANE_ANGLE_UNIT ( ) SI_UNIT ( $, .RADIAN. ) );
#85=ORIENTED_EDGE ( 'NONE', *, *, #93, .T. );
#86=CARTESIAN_POINT ( 'NONE',  ( 1.099999999999999000, 1.867791374968444800E-018, 1.355252715606880500E-017 ) );
#87=UNCERTAINTY_MEASURE_WITH_UNIT (LENGTH_MEASURE( 1.000000000000000100E-005 ), #33, 'distance_accuracy_value', 'NONE');
#88=VERTEX_POINT ( 'NONE', #398 );
#89=B_SPLINE_CURVE_WITH_KNOTS ( 'NONE', 3,( #216, #119, #988, #96 ),.UNSPECIFIED., .F., .F.,( 4, 4 ),( 0.0000000000000000000, 1.000000000000000000 ),.UNSPECIFIED. );
#90=DIRECTION ( 'NONE',  ( -0.1391731009600657400, -0.9902680687415702500, 0.0000000000000000000 ) );
#91=DIRECTION ( 'NONE',  ( -1.000000000000000000, 0.0000000000000000000, -0.0000000000000000000 ) );
#92=CARTESIAN_POINT ( 'NONE',  ( 1.150000000000001700, 0.1200000000000000000, -0.4100000000000000900 ) );
#93=EDGE_CURVE ( 'NONE', #679, #1469, #1536, .T. );
#94=CARTESIAN_POINT ( 'NONE',  ( 0.1353372193321008600, 0.5431320821136173000, -1.472310391319050700 ) );
#95=PRESENTATION_LAYER_ASSIGNMENT (  '', '', ( #691 ) );
#96=CARTESIAN_POINT ( 'NONE',  ( 1.134800674006218400, 0.4639173100960066700, -1.499999999999999800 ) );
#97=DIRECTION ( 'NONE',  ( -0.1391731009600657400, 0.9902680687415702500, -0.0000000000000000000 ) );
#98=CARTESIAN_POINT ( 'NONE',  ( 1.149999999999999700, 0.0000000000000000000, -0.9100000000000001400 ) );
#99=PLANE ( 'NONE',  #1223 );
#100=EDGE_CURVE ( 'NONE', #873, #723, #384, .T. );
#101=VECTOR ( 'NONE', #651, 1000.000000000000100 );
#102=EDGE_LOOP ( 'NONE', ( #1055, #36, #272, #1311 ) );
#103=VECTOR ( 'NONE', #349, 999.9999999999998900 );
#104=ORIENTED_EDGE ( 'NONE', *, *, #347, .F. );
#105=FACE_OUTER_BOUND ( 'NONE', #496, .T. );
#106=ORIENTED_EDGE ( 'NONE', *, *, #821, .T. );
#107=ORIENTED_EDGE ( 'NONE', *, *, #1144, .T. );
#108=ORIENTED_EDGE ( 'NONE', *, *, #347, .T. );
#109=EDGE_CURVE ( 'NONE', #642, #789, #401, .T. );
#110=ORIENTED_EDGE ( 'NONE', *, *, #1072, .F. );
#111=CARTESIAN_POINT ( 'NONE',  ( 1.099999999999999600, 0.0000000000000000000, -0.1000000000000000200 ) );
#112=PRODUCT_DEFINITION_CONTEXT ( 'detailed design', #49, 'design' );
#113=ADVANCED_FACE ( 'NONE', ( #1179, #602 ), #1400, .T. );
#114=CARTESIAN_POINT ( 'NONE',  ( 0.2500000000000001100, 0.0000000000000000000, 0.0000000000000000000 ) );
#115=VECTOR ( 'NONE', #139, 1000.000000000000000 );
#116=DIRECTION ( 'NONE',  ( -0.0000000000000000000, -0.0000000000000000000, -1.000000000000000000 ) );
#117=CARTESIAN_POINT ( 'NONE',  ( 0.05000000000000533200, 0.0000000000000000000, -1.410000000000000100 ) );
#118=EDGE_CURVE ( 'NONE', #1189, #707, #649, .T. );
#119=CARTESIAN_POINT ( 'NONE',  ( 1.118221590299652000, 0.4664285855804951600, -1.534447737253461100 ) );
#120=CYLINDRICAL_SURFACE ( 'NONE', #1471, 0.09999999999999999200 );
#121=ADVANCED_FACE ( 'NONE', ( #335 ), #754, .F. );
#122=VECTOR ( 'NONE', #27, 1000.000000000000000 );
#123=CARTESIAN_POINT ( 'NONE',  ( 1.108668250435000900, 0.4774782885429786300, -1.532718796268389900 ) );
#124=ORIENTED_EDGE ( 'NONE', *, *, #469, .T. );
#125=CARTESIAN_POINT ( 'NONE',  ( 0.1031779366114716900, 0.5117203509793349900, -0.08546417844506790100 ) );
#126=AXIS2_PLACEMENT_3D ( 'NONE', #606, #53, #66 );
#127=LINE ( 'NONE', #233, #182 );
#128=DIRECTION ( 'NONE',  ( 0.0000000000000000000, -1.000000000000000000, 0.0000000000000000000 ) );
#129=CARTESIAN_POINT ( 'NONE',  ( 0.1000000000000007100, 0.0000000000000000000, -1.600000000000000100 ) );
#130=LINE ( 'NONE', #41, #182 );
#131=EDGE_LOOP ( 'NONE', ( #406, #828, #104, #937 ) );
#132=CARTESIAN_POINT ( 'NONE',  ( 1.118285263555645500, 0.5065720434484823900, -1.499569160938287300 ) );
#133=MECHANICAL_DESIGN_GEOMETRIC_PRESENTATION_REPRESENTATION (  '', ( #691 ), #197 );
#134=ORIENTED_EDGE ( 'NONE', *, *, #1448, .T. );
#135=CARTESIAN_POINT ( 'NONE',  ( 0.08335540315063265400, 0.5088063720853337500, -0.1090789490952780700 ) );
#136=ORIENTED_EDGE ( 'NONE', *, *, #1188, .T. );
#137=VERTEX_POINT ( 'NONE', #1405 );
#138=CARTESIAN_POINT ( 'NONE',  ( 1.117149138314039900, 0.4769830875876468500, -0.07074749002469886400 ) );
#139=DIRECTION ( 'NONE',  ( -0.0000000000000000000, -0.0000000000000000000, 1.000000000000000000 ) );
#140=CARTESIAN_POINT ( 'NONE',  ( 1.120170218963726800, 0.5035022091701009100, -1.493038648707665200 ) );
#141=EDGE_CURVE ( 'NONE', #840, #1008, #929, .T. );
#142=CARTESIAN_POINT ( 'NONE',  ( 0.09117481240902713900, 0.5184882929911093200, -0.1139715311354707600 ) );
#143=CARTESIAN_POINT ( 'NONE',  ( 0.04999999999999834400, 0.1200000000000000000, -0.4100000000000000900 ) );
#144=ADVANCED_FACE ( 'NONE', ( #173 ), #278, .T. );
#145=CARTESIAN_POINT ( 'NONE',  ( 0.1488021495243904100, 0.5481025635590709400, -1.457670100982467700 ) );
#146=DIRECTION ( 'NONE',  ( 0.0000000000000000000, 1.000000000000000000, 0.0000000000000000000 ) );
#147=DIRECTION ( 'NONE',  ( 0.0000000000000000000, -0.0000000000000000000, -1.000000000000000000 ) );
#148=CARTESIAN_POINT ( 'NONE',  ( 1.043600276343353600, 0.5500000000000000400, -0.1543154277973247400 ) );
#149=FACE_OUTER_BOUND ( 'NONE', #1048, .T. );
#150=ORIENTED_EDGE ( 'NONE', *, *, #888, .F. );
#151=FACE_OUTER_BOUND ( 'NONE', #1335, .T. );
#152=CARTESIAN_POINT ( 'NONE',  ( 1.130613583498484100, 0.4658584665154679700, -1.517999136121179800 ) );
#153=ORIENTED_EDGE ( 'NONE', *, *, #603, .F. );
#154=ADVANCED_FACE ( 'NONE', ( #213 ), #426, .T. );
#155=CARTESIAN_POINT ( 'NONE',  ( 0.08894455854147195800, 0.5131773405098079000, -1.502198562136518800 ) );
#156=CARTESIAN_POINT ( 'NONE',  ( 0.09436488627188825700, 0.4903705520904058100, -0.07229204001363197200 ) );
#157=LINE ( 'NONE', #129, #122 );
#158=ORIENTED_EDGE ( 'NONE', *, *, #1167, .F. );
#159=AXIS2_PLACEMENT_3D ( 'NONE', #143, #14, #391 );
#160=ORIENTED_EDGE ( 'NONE', *, *, #1395, .F. );
#161=CARTESIAN_POINT ( 'NONE',  ( 1.083253484627281400, 0.5228660509816516200, -0.09546859955305872500 ) );
#162=CARTESIAN_POINT ( 'NONE',  ( 0.1642261328679383000, 0.5500000000000000400, -1.435773867132061900 ) );
#163=VERTEX_POINT ( 'NONE', #216 );
#164=CARTESIAN_POINT ( 'NONE',  ( 1.080656213705046800, 0.5326182659714169300, -1.492587932269877200 ) );
#165=AXIS2_PLACEMENT_3D ( 'NONE', #1479, #66, #14 );
#166=CARTESIAN_POINT ( 'NONE',  ( 0.09133174977144370400, 0.4774782884364035000, -1.532718796282174000 ) );
#167=CARTESIAN_POINT ( 'NONE',  ( 0.1224810664904872900, 0.5410029542705922000, -0.1312007863169130900 ) );
#168=CARTESIAN_POINT ( 'NONE',  ( 1.035773867132061500, 0.5500000000000000400, -0.1642261328679381100 ) );
#169=VECTOR ( 'NONE', #23, 1000.000000000000100 );
#170=CARTESIAN_POINT ( 'NONE',  ( 1.083969552199666000, 0.5335113430898013000, -1.489935413172882100 ) );
#171=EDGE_CURVE ( 'NONE', #617, #869, #1180, .T. );
#172=CARTESIAN_POINT ( 'NONE',  ( 0.1123375077983902500, 0.5357263191621871600, -1.476770937999859900 ) );
#173=FACE_OUTER_BOUND ( 'NONE', #773, .T. );
#174=CARTESIAN_POINT ( 'NONE',  ( 1.074108039431954700, 0.5424119827779000400, -0.1373515390253674000 ) );
#175=CARTESIAN_POINT ( 'NONE',  ( 1.087662491140844100, 0.5357263198290246300, -1.476770939406799200 ) );
#176=CARTESIAN_POINT ( 'NONE',  ( 0.09999893550288913000, 0.4750942994529840900, -1.533229850592529500 ) );
#177=VERTEX_POINT ( 'NONE', #1206 );
#178=CARTESIAN_POINT ( 'NONE',  ( 0.1295473434477835100, 0.5434921317825579500, -0.1333711487405885900 ) );
#179=EDGE_CURVE ( 'NONE', #60, #1505, #42, .T. );
#180=VERTEX_POINT ( 'NONE', #1525 );
#181=CARTESIAN_POINT ( 'NONE',  ( 1.064662780667862400, 0.5431320821136234000, -0.1276896086809714300 ) );
#182=VECTOR ( 'NONE', #14, 1000.000000000000000 );
#183=EDGE_LOOP ( 'NONE', ( #570, #509 ) );
#184=CARTESIAN_POINT ( 'NONE',  ( 1.116394543602938300, 0.5095254425463928700, -1.490733876633177500 ) );
#185=CARTESIAN_POINT ( 'NONE',  ( 0.1139715311354862900, 0.5184882929911016600, -1.508825187590979500 ) );
#186=CARTESIAN_POINT ( 'NONE',  ( 0.1258919605680535500, 0.5424119827779031500, -0.1373515390253603200 ) );
#187=EDGE_LOOP ( 'NONE', ( #1058, #1083, #225, #513 ) );
#188=AXIS2_PLACEMENT_3D ( 'NONE', #219, #374, #57 );
#189=ORIENTED_EDGE ( 'NONE', *, *, #240, .F. );
#190=SHAPE_REPRESENTATION ( 'sot563_pin', ( #236 ), #1440 );
#191=CARTESIAN_POINT ( 'NONE',  ( 0.2999999999999999900, 0.5200000000000000200, -1.200000000000000000 ) );
#192=CARTESIAN_POINT ( 'NONE',  ( 0.1264653479065536700, 0.5342570497108392000, -1.489955801147894800 ) );
#193=CARTESIAN_POINT ( 'NONE',  ( 0.1000000000000007000, 0.5500000000000000400, -1.435773867132061900 ) );
#194=CARTESIAN_POINT ( 'NONE',  ( 1.107793797054340100, 0.5194565838271434400, -1.485327146643640800 ) );
#195=AXIS2_PLACEMENT_3D ( 'NONE', #408, #75, #391 );
#196=VECTOR ( 'NONE', #310, 1000.000000000000000 );
#197=( GEOMETRIC_REPRESENTATION_CONTEXT ( 3 ) GLOBAL_UNCERTAINTY_ASSIGNED_CONTEXT ( ( #87 ) ) GLOBAL_UNIT_ASSIGNED_CONTEXT ( ( #33, #84, #58 ) ) REPRESENTATION_CONTEXT ( 'NONE', 'WORKASPACE' ) );
#198=ORIENTED_EDGE ( 'NONE', *, *, #290, .T. );
#199=CARTESIAN_POINT ( 'NONE',  ( 0.1000000000000002600, 0.4639173100960066700, -1.534800674006219000 ) );
#200=VECTOR ( 'NONE', #97, 1000.000000000000100 );
#201=ORIENTED_EDGE ( 'NONE', *, *, #265, .T. );
#202=VERTEX_POINT ( 'NONE', #1000 );
#203=CARTESIAN_POINT ( 'NONE',  ( 1.099999999999999400, 0.5500000000000000400, -0.1642261328679381300 ) );
#204=EDGE_CURVE ( 'NONE', #679, #137, #1493, .T. );
#205=ORIENTED_EDGE ( 'NONE', *, *, #240, .T. );
#206=ORIENTED_EDGE ( 'NONE', *, *, #1480, .F. );
#207=CARTESIAN_POINT ( 'NONE',  ( 0.0000000000000000000, 0.0000000000000000000, -1.499999999999999300 ) );
#208=ORIENTED_EDGE ( 'NONE', *, *, #454, .T. );
#209=CARTESIAN_POINT ( 'NONE',  ( 1.055041792730177600, 0.5467249596988693600, -1.463501305743271800 ) );
#210=CARTESIAN_POINT ( 'NONE',  ( 1.120170218963727900, 0.5035022091701001300, -0.1069613512923354000 ) );
#211=FACE_OUTER_BOUND ( 'NONE', #264, .T. );
#212=PLANE ( 'NONE',  #188 );
#213=FACE_OUTER_BOUND ( 'NONE', #344, .T. );
#214=FILL_AREA_STYLE_COLOUR ( '', #343 );
#215=ADVANCED_FACE ( 'NONE', ( #68 ), #897, .T. );
#216=CARTESIAN_POINT ( 'NONE',  ( 1.099999999999999000, 0.4639173100960066700, -1.534800674006219000 ) );
#217=ITEM_DEFINED_TRANSFORMATION ( 'NONE', 'NONE', #833,  #236 );
#218=ITEM_DEFINED_TRANSFORMATION ( 'NONE', 'NONE', #1513,  #236 );
#219=CARTESIAN_POINT ( 'NONE',  ( 0.2500000000000001100, 0.1200000000000000000, 0.0000000000000000000 ) );
#220=SURFACE_STYLE_USAGE ( .BOTH. , #405 );
#221=AXIS2_PLACEMENT_3D ( 'NONE', #37, #1157, #391 );
#222=VERTEX_POINT ( 'NONE', #1104 );
#223=CARTESIAN_POINT ( 'NONE',  ( 1.183135099835712600, 0.1200000000000000000, -0.4100000000000000900 ) );
#224=CARTESIAN_POINT ( 'NONE',  ( 0.05000000000000009300, 0.1200000000000000000, -0.6900000000000000600 ) );
#225=ORIENTED_EDGE ( 'NONE', *, *, #1281, .T. );
#226=LINE ( 'NONE', #394, #248 );
#227=ORIENTED_EDGE ( 'NONE', *, *, #62, .F. );
#228=CARTESIAN_POINT ( 'NONE',  ( 1.149999999999994600, 0.1200000000000000000, -1.410000000000000100 ) );
#229=COLOUR_RGB ( '',0.4980392156862745200, 0.4980392156862745200, 0.4980392156862745200 );
#230=ORIENTED_EDGE ( 'NONE', *, *, #30, .F. );
#231=CARTESIAN_POINT ( 'NONE',  ( 0.1488021495243853100, 0.5481025635590731600, -0.1423298990175363400 ) );
#232=ORIENTED_EDGE ( 'NONE', *, *, #717, .F. );
#233=CARTESIAN_POINT ( 'NONE',  ( 0.0000000000000000000, 0.0000000000000000000, 0.0000000000000000000 ) );
#234=ORIENTED_EDGE ( 'NONE', *, *, #1299, .F. );
#235=CARTESIAN_POINT ( 'NONE',  ( 1.099999999999999600, 0.0000000000000000000, -1.500000000000000000 ) );
#236=AXIS2_PLACEMENT_3D ( 'NONE', #233, #66, #14 );
#237=CARTESIAN_POINT ( 'NONE',  ( 0.1373515390253604900, 0.5424119827779031500, -0.1258919605680534100 ) );
#238=CARTESIAN_POINT ( 'NONE',  ( 0.1000000000000011300, 0.4639173100960066200, -0.06519932599378107400 ) );
#239=PLANE ( 'NONE',  #1407 );
#240=EDGE_CURVE ( 'NONE', #60, #177, #521, .T. );
#241=CARTESIAN_POINT ( 'NONE',  ( 1.100002237402378800, 0.4874095509534554500, -1.531499054867083500 ) );
#242=EDGE_CURVE ( 'NONE', #1295, #1007, #331, .T. );
#243=DIRECTION ( 'NONE',  ( 1.000000000000000000, 0.0000000000000000000, -0.0000000000000000000 ) );
#244=LINE ( 'NONE', #219, #31 );
#245=LINE ( 'NONE', #762, #122 );
#246=CARTESIAN_POINT ( 'NONE',  ( 0.1423298990180112100, 0.5481025635591642000, -0.1488021495239370000 ) );
#247=AXIS2_PLACEMENT_3D ( 'NONE', #250, #66, #243 );
#248=VECTOR ( 'NONE', #66, 1000.000000000000000 );
#249=VERTEX_POINT ( 'NONE', #98 );
#250=CARTESIAN_POINT ( 'NONE',  ( 1.149999999999994600, 0.1200000000000000000, -1.190000000000000200 ) );
#251=LINE ( 'NONE', #207, #546 );
#252=VERTEX_POINT ( 'NONE', #1273 );
#253=EDGE_LOOP ( 'NONE', ( #268, #150, #798, #1235 ) );
#254=LINE ( 'NONE', #117, #248 );
#255=ORIENTED_EDGE ( 'NONE', *, *, #477, .F. );
#256=PLANE ( 'NONE',  #434 );
#257=PRESENTATION_LAYER_ASSIGNMENT (  '', '', ( #462 ) );
#258=CARTESIAN_POINT ( 'NONE',  ( 0.0000000000000000000, 0.0000000000000000000, -0.1000000000000007100 ) );
#259=( GEOMETRIC_REPRESENTATION_CONTEXT ( 3 ) GLOBAL_UNCERTAINTY_ASSIGNED_CONTEXT ( ( #87 ) ) GLOBAL_UNIT_ASSIGNED_CONTEXT ( ( #33, #84, #58 ) ) REPRESENTATION_CONTEXT ( 'NONE', 'WORKASPACE' ) );
#260=CARTESIAN_POINT ( 'NONE',  ( 0.1069613512892175300, 0.5035022091715666300, -1.520170218962826100 ) );
#261=FILL_AREA_STYLE_COLOUR ( '', #24 );
#262=CARTESIAN_POINT ( 'NONE',  ( 0.08335540315146390500, 0.5088063720864822700, -0.1090789490929520400 ) );
#263=EDGE_CURVE ( 'NONE', #1295, #533, #373, .T. );
#264=EDGE_LOOP ( 'NONE', ( #417, #718, #300, #404 ) );
#265=EDGE_CURVE ( 'NONE', #775, #825, #1094, .T. );
#266=CARTESIAN_POINT ( 'NONE',  ( 0.08177840970034869200, 0.4664285855804950500, -0.06555226274653833100 ) );
#267=VECTOR ( 'NONE', #53, 1000.000000000000000 );
#268=ORIENTED_EDGE ( 'NONE', *, *, #1167, .T. );
#269=LINE ( 'NONE', #1078, #196 );
#270=ADVANCED_FACE ( 'NONE', ( #211 ), #722, .T. );
#271=CARTESIAN_POINT ( 'NONE',  ( 0.1090789490924757400, 0.5088063720867180800, -1.516644596848364800 ) );
#272=ORIENTED_EDGE ( 'NONE', *, *, #1445, .F. );
#273=ORIENTED_EDGE ( 'NONE', *, *, #989, .F. );
#274=DIRECTION ( 'NONE',  ( -1.000000000000000000, -0.0000000000000000000, 0.0000000000000000000 ) );
#275=ORIENTED_EDGE ( 'NONE', *, *, #1480, .T. );
#276=CARTESIAN_POINT ( 'NONE',  ( 0.1000000000000003800, 0.4639173100960067300, -1.534800674006219000 ) );
#277=CARTESIAN_POINT ( 'NONE',  ( 1.092940602479186800, 0.5041820399046521600, -0.07993741259073197700 ) );
#278=CONICAL_SURFACE ( 'NONE', #712, 0.1000000000000000300, 0.1396263401595466700 );
#279=CARTESIAN_POINT ( 'NONE',  ( 1.109389904868157000, 0.4652114143706228000, -0.06538120048872757300 ) );
#280=ADVANCED_FACE ( 'NONE', ( #1413 ), #976, .F. );
#281=DIRECTION ( 'NONE',  ( -0.0000000000000000000, -0.9902680687415703600, -0.1391731009600657700 ) );
#282=CARTESIAN_POINT ( 'NONE',  ( 1.099999999999999000, 0.4639173100960066200, -1.534800674006219200 ) );
#283=CARTESIAN_POINT ( 'NONE',  ( 0.1091059288921454500, 0.5209644635970887000, -0.09351043124116280300 ) );
#284=CARTESIAN_POINT ( 'NONE',  ( 1.199999999999999700, 0.0000000000000000000, -0.6899999999999998400 ) );
#285=CARTESIAN_POINT ( 'NONE',  ( 1.090921050904708300, 0.5088063720853248700, -1.516644596849374000 ) );
#286=ADVANCED_FACE ( 'NONE', ( #662 ), #637, .F. );
#287=VERTEX_POINT ( 'NONE', #866 );
#288=CARTESIAN_POINT ( 'NONE',  ( 0.1167465153727069400, 0.5228660509816590600, -0.09546859955306695500 ) );
#289=ADVANCED_BREP_SHAPE_REPRESENTATION ( '', ( #1174, #236 ), #1016 );
#290=EDGE_CURVE ( 'NONE', #1505, #202, #254, .T. );
#291=LINE ( 'NONE', #228, #29 );
#292=CARTESIAN_POINT ( 'NONE',  ( 0.07982978103702106900, 0.5035022091713181600, -0.1069613512897468200 ) );
#293=FACE_OUTER_BOUND ( 'NONE', #1461, .T. );
#294=ORIENTED_EDGE ( 'NONE', *, *, #505, .T. );
#295=CARTESIAN_POINT ( 'NONE',  ( 0.1563997236566377100, 0.5500000000000000400, -1.445684572202663200 ) );
#296=LINE ( 'NONE', #742, #516 );
#297=AXIS2_PLACEMENT_3D ( 'NONE', #67, #146, #66 );
#298=ORIENTED_EDGE ( 'NONE', *, *, #71, .F. );
#299=PLANE ( 'NONE',  #701 );
#300=ORIENTED_EDGE ( 'NONE', *, *, #608, .F. );
#301=CARTESIAN_POINT ( 'NONE',  ( 1.046212525087769200, 0.5500000000000000400, -0.1568832044650403400 ) );
#302=ADVANCED_FACE ( 'NONE', ( #151 ), #1304, .T. );
#303=PLANE ( 'NONE',  #830 );
#304=CARTESIAN_POINT ( 'NONE',  ( 0.1548476197688010400, 0.5500000000000000400, -1.444110232189488300 ) );
#305=CARTESIAN_POINT ( 'NONE',  ( 1.098029562446994900, 0.4873703522333587800, -1.528965043671878900 ) );
#306=EDGE_CURVE ( 'NONE', #813, #1370, #296, .T. );
#307=CARTESIAN_POINT ( 'NONE',  ( 0.09546859955305807300, 0.5228660509816505100, -1.483253484627280500 ) );
#308=CARTESIAN_POINT ( 'NONE',  ( 0.1019704375529974100, 0.4873703522333644500, -0.07103495632812366300 ) );
#309=CARTESIAN_POINT ( 'NONE',  ( 1.062648460974631200, 0.5424119827778999300, -0.1258919605680450500 ) );
#310=DIRECTION ( 'NONE',  ( 1.000000000000000000, -0.0000000000000000000, -0.0000000000000000000 ) );
#311=CARTESIAN_POINT ( 'NONE',  ( 0.1642261328679383600, 0.5500000000000000400, -1.435773867132061900 ) );
#312=ITEM_DEFINED_TRANSFORMATION ( 'NONE', 'NONE', #1420,  #236 );
#313=CARTESIAN_POINT ( 'NONE',  ( 1.072310391319014200, 0.5431320821136209600, -1.464662780667879800 ) );
#314=EDGE_CURVE ( 'NONE', #915, #725, #1408, .T. );
#315=CARTESIAN_POINT ( 'NONE',  ( 0.1050112487379505800, 0.5308321127576389700, -1.476933756680518300 ) );
#316=CARTESIAN_POINT ( 'NONE',  ( 1.045684572215145100, 0.5500000000000000400, -0.1563997237561108000 ) );
#317=SURFACE_STYLE_FILL_AREA ( #38 );
#318=EDGE_LOOP ( 'NONE', ( #1202, #1314, #448 ) );
#319=VECTOR ( 'NONE', #377, 1000.000000000000100 );
#320=CARTESIAN_POINT ( 'NONE',  ( 1.102147565646584000, 0.5250652817483026900, -1.487635802681440900 ) );
#321=ORIENTED_EDGE ( 'NONE', *, *, #412, .T. );
#322=CIRCLE ( 'NONE', #1468, 0.1000000000000000500 );
#323=VERTEX_POINT ( 'NONE', #1296 );
#324=CARTESIAN_POINT ( 'NONE',  ( 1.104531400446943800, 0.5228660509816496200, -0.1167465153727204900 ) );
#325=ORIENTED_EDGE ( 'NONE', *, *, #1044, .T. );
#326=CARTESIAN_POINT ( 'NONE',  ( 1.070452656552210300, 0.5434921317825509600, -1.466628851259391200 ) );
#327=ORIENTED_EDGE ( 'NONE', *, *, #999, .T. );
#328=CARTESIAN_POINT ( 'NONE',  ( 0.08171473645712441800, 0.5065720435750815700, -1.499569161410873300 ) );
#329=CARTESIAN_POINT ( 'NONE',  ( 0.1476658464725334500, 0.5483337186197647700, -0.1435342879258619500 ) );
#330=CARTESIAN_POINT ( 'NONE',  ( 1.075441678414722900, 0.5414809388381017800, -0.1289181823796135300 ) );
#331=LINE ( 'NONE', #340, #115 );
#332=CARTESIAN_POINT ( 'NONE',  ( 1.089935410827402200, 0.5335113436012969300, -1.483969554926589000 ) );
#333=CARTESIAN_POINT ( 'NONE',  ( 1.150000000000001700, 0.1200000000000000000, -0.1900000000000000600 ) );
#334=CARTESIAN_POINT ( 'NONE',  ( 0.07229204001350789100, 0.4903705520901480700, -1.505635113728197800 ) );
#335=FACE_OUTER_BOUND ( 'NONE', #1316, .T. );
#336=CARTESIAN_POINT ( 'NONE',  ( 0.1568832044650403100, 0.5500000000000000400, -0.1537874749122336300 ) );
#337=EDGE_CURVE ( 'NONE', #918, #1165, #372, .T. );
#338=( GEOMETRIC_REPRESENTATION_CONTEXT ( 3 ) GLOBAL_UNCERTAINTY_ASSIGNED_CONTEXT ( ( #87 ) ) GLOBAL_UNIT_ASSIGNED_CONTEXT ( ( #33, #84, #58 ) ) REPRESENTATION_CONTEXT ( 'NONE', 'WORKASPACE' ) );
#339=LINE ( 'NONE', #863, #319 );
#340=CARTESIAN_POINT ( 'NONE',  ( 1.134800674006218400, 0.4639173100960066700, -0.1000000000000007100 ) );
#341=CARTESIAN_POINT ( 'NONE',  ( 1.110049053936290600, 0.5170368523383840300, -1.486761602332484600 ) );
#342=EDGE_CURVE ( 'NONE', #249, #642, #1343, .T. );
#343=COLOUR_RGB ( '',0.1019607843137254900, 0.1019607843137254900, 0.1019607843137254900 );
#344=EDGE_LOOP ( 'NONE', ( #1516, #788, #817, #1429 ) );
#345=CARTESIAN_POINT ( 'NONE',  ( 1.079515445232847000, 0.5400469847209707900, -0.1336079957594952800 ) );
#346=LINE ( 'NONE', #81, #182 );
#347=EDGE_CURVE ( 'NONE', #1026, #775, #641, .T. );
#348=FACE_OUTER_BOUND ( 'NONE', #934, .T. );
#349=DIRECTION ( 'NONE',  ( -0.1391731009600657700, -0.9902680687415703600, -9.619350873793540800E-016 ) );
#350=ORIENTED_EDGE ( 'NONE', *, *, #1277, .F. );
#351=STYLED_ITEM ( 'NONE', ( #48 ), #870 );
#352=ORIENTED_EDGE ( 'NONE', *, *, #393, .F. );
#353=CARTESIAN_POINT ( 'NONE',  ( 1.199999999999999700, 0.0000000000000000000, -0.1000000000000007100 ) );
#354=CARTESIAN_POINT ( 'NONE',  ( 1.199999999999999700, 0.0000000000000000000, -1.410000000000000100 ) );
#355=CARTESIAN_POINT ( 'NONE',  ( 0.1000000000000007300, -1.867791374968444800E-018, -1.600000000000000100 ) );
#356=CONTEXT_DEPENDENT_SHAPE_REPRESENTATION ( #1279, #1088 );
#357=CARTESIAN_POINT ( 'NONE',  ( 0.04999999999999834400, 0.1200000000000000000, -0.1900000000000000600 ) );
#358=( GEOMETRIC_REPRESENTATION_CONTEXT ( 3 ) GLOBAL_UNCERTAINTY_ASSIGNED_CONTEXT ( ( #87 ) ) GLOBAL_UNIT_ASSIGNED_CONTEXT ( ( #33, #84, #58 ) ) REPRESENTATION_CONTEXT ( 'NONE', 'WORKASPACE' ) );
#359=ORIENTED_EDGE ( 'NONE', *, *, #835, .F. );
#360=PRODUCT_CONTEXT ( 'NONE', #49, 'mechanical' );
#361=CIRCLE ( 'NONE', #221, 0.1000000000000000500 );
#362=ORIENTED_EDGE ( 'NONE', *, *, #881, .T. );
#363=CYLINDRICAL_SURFACE ( 'NONE', #620, 0.1000000000000000500 );
#364=CARTESIAN_POINT ( 'NONE',  ( 0.1000000000000007100, 0.4639173100960065100, -0.06519932599378107400 ) );
#365=PRODUCT_DEFINITION_SHAPE ( 'NONE', 'NONE',  #1556 );
#366=EDGE_CURVE ( 'NONE', #1008, #915, #1504, .T. );
#367=ORIENTED_EDGE ( 'NONE', *, *, #1476, .F. );
#368=EDGE_CURVE ( 'NONE', #965, #249, #1161, .T. );
#369=ORIENTED_EDGE ( 'NONE', *, *, #1207, .T. );
#370=( REPRESENTATION_RELATIONSHIP ('NONE','NONE', #1392, #190 ) REPRESENTATION_RELATIONSHIP_WITH_TRANSFORMATION ( #218 )SHAPE_REPRESENTATION_RELATIONSHIP( ) );
#371=ORIENTED_EDGE ( 'NONE', *, *, #591, .T. );
#372=B_SPLINE_CURVE_WITH_KNOTS ( 'NONE', 3,( #364, #266, #855, #379 ),.UNSPECIFIED., .F., .F.,( 4, 4 ),( 0.0000000000000000000, 1.000000000000000000 ),.UNSPECIFIED. );
#373=LINE ( 'NONE', #431, #1220 );
#374=DIRECTION ( 'NONE',  ( -1.000000000000000000, 0.0000000000000000000, 4.928191693115927800E-016 ) );
#375=FACE_OUTER_BOUND ( 'NONE', #378, .T. );
#376=AXIS2_PLACEMENT_3D ( 'NONE', #46, #391, #91 );
#377=DIRECTION ( 'NONE',  ( 0.1391731009600657400, -0.9902680687415702500, -0.0000000000000000000 ) );
#378=EDGE_LOOP ( 'NONE', ( #63, #465, #1045, #1274, #273, #432, #350, #1178, #769, #445, #1451, #953, #255, #515, #158, #206, #1252, #930, #818, #755, #772, #836, #9, #748, #826, #984, #801, #153, #359, #52, #1382, #1023 ) );
#379=CARTESIAN_POINT ( 'NONE',  ( 0.06519932599378110100, 0.4639173100960066700, -0.1000000000000002600 ) );
#380=VECTOR ( 'NONE', #274, 1000.000000000000000 );
#381=CLOSED_SHELL ( 'NONE', ( #1095, #1324, #870, #390, #1394, #1200 ) );
#382=CARTESIAN_POINT ( 'NONE',  ( 0.08095161946263212900, 0.5116208216303201900, -1.492941162102809700 ) );
#383=LINE ( 'NONE', #114, #31 );
#384=LINE ( 'NONE', #250, #122 );
#385=ORIENTED_EDGE ( 'NONE', *, *, #497, .F. );
#386=ORIENTED_EDGE ( 'NONE', *, *, #783, .T. );
#387=EDGE_CURVE ( 'NONE', #545, #1165, #973, .T. );
#388=ORIENTED_EDGE ( 'NONE', *, *, #630, .T. );
#389=AXIS2_PLACEMENT_3D ( 'NONE', #487, #66, #243 );
#390=ADVANCED_FACE ( 'NONE', ( #1213 ), #746, .F. );
#391=DIRECTION ( 'NONE',  ( 0.0000000000000000000, 0.0000000000000000000, -1.000000000000000000 ) );
#392=CARTESIAN_POINT ( 'NONE',  ( 0.01686490016428701000, 0.1200000000000000000, -1.190000000000000200 ) );
#393=EDGE_CURVE ( 'NONE', #163, #222, #731, .T. );
#394=CARTESIAN_POINT ( 'NONE',  ( 0.05000000000000009300, 0.1200000000000000000, -0.9100000000000001400 ) );
#395=CARTESIAN_POINT ( 'NONE',  ( 0.1050112487389075100, 0.5308321127583512900, -0.1230662433180041600 ) );
#396=CARTESIAN_POINT ( 'NONE',  ( 0.01686490016428701700, 0.1200000000000000000, -0.1900000000000000600 ) );
#397=ORIENTED_EDGE ( 'NONE', *, *, #204, .T. );
#398=CARTESIAN_POINT ( 'NONE',  ( 0.04999999999999834400, 0.0000000000000000000, -0.4100000000000000900 ) );
#399=ORIENTED_EDGE ( 'NONE', *, *, #1207, .F. );
#400=CARTESIAN_POINT ( 'NONE',  ( 0.01686490016428701700, 0.1200000000000000000, -0.6900000000000000600 ) );
#401=LINE ( 'NONE', #353, #572 );
#402=VERTEX_POINT ( 'NONE', #353 );
#403=B_SPLINE_SURFACE_WITH_KNOTS ( 'NONE', 3, 3, (( #479, #777, #1533, #423, #892, #276 ),( #1122, #1106, #410, #1204, #166, #176 ),( #1339, #334, #1145, #18, #1454, #1033 ),( #565, #328, #1350, #693, #1446, #1325 ),( #920, #1224, #155, #1344, #668, #1331 ),( #1017, #1441, #672, #796, #1152, #185 ),( #307, #1038, #787, #1132, #1545, #902 ),( #315, #686, #1138, #1230, #803, #680 ),( #906, #172, #1364, #699, #1247, #192 ),( #1464, #588, #705, #581, #1359, #463 ),( #1470, #922, #713, #1249, #94, #1096 ),( #733, #1187, #974, #440, #1313, #145 ),( #1010, #1115, #304, #1438, #295, #1216 ),( #311, #489, #311, #162, #162, #311 ) ),.UNSPECIFIED., .F., .F., .F.,( 4, 2, 2, 2, 2, 2, 4 ),( 4, 2, 4 ),( 0.0000000000000000000, 0.2284727668882807800, 0.3551510197448705700, 0.4818292726014603600, 0.6138194626480477600, 0.7458096526946351700, 1.000000000000000000 ),( 0.0000000000000000000, 0.5000000000000000000, 1.000000000000000000 ),.UNSPECIFIED. );
#404=ORIENTED_EDGE ( 'NONE', *, *, #242, .F. );
#405=SURFACE_SIDE_STYLE ('',( #317 ) );
#406=ORIENTED_EDGE ( 'NONE', *, *, #1277, .T. );
#407=ADVANCED_FACE ( 'NONE', ( #1535 ), #1503, .T. );
#408=CARTESIAN_POINT ( 'NONE',  ( 0.1000000000000000200, 0.0000000000000000000, -0.1000000000000000200 ) );
#409=CARTESIAN_POINT ( 'NONE',  ( 1.134800674006218400, 0.4639173100960066200, -0.1000000000000007000 ) );
#410=CARTESIAN_POINT ( 'NONE',  ( 0.07074749005758698700, 0.4769830875950470400, -1.517149138401231000 ) );
#411=CARTESIAN_POINT ( 'NONE',  ( 0.0000000000000000000, 0.0000000000000000000, -0.1900000000000000600 ) );
#412=EDGE_CURVE ( 'NONE', #1490, #1126, #383, .T. );
#413=ORIENTED_EDGE ( 'NONE', *, *, #449, .T. );
#414=AXIS2_PLACEMENT_3D ( 'NONE', #711, #66, #14 );
#415=CARTESIAN_POINT ( 'NONE',  ( 0.08523237265670236000, 0.5081069606508297200, -0.09459042420804428300 ) );
#416=VECTOR ( 'NONE', #741, 1000.000000000000000 );
#417=ORIENTED_EDGE ( 'NONE', *, *, #1024, .T. );
#418=ADVANCED_FACE ( 'NONE', ( #1129 ), #1285, .T. );
#419=EDGE_LOOP ( 'NONE', ( #1098, #889, #577, #1043, #1388, #106, #597, #721, #1261, #1134, #1518, #1257, #1338, #1105, #1286, #1485 ) );
#420=ORIENTED_EDGE ( 'NONE', *, *, #1402, .F. );
#421=CARTESIAN_POINT ( 'NONE',  ( 1.114535821373080300, 0.5117203511465842100, -1.496822063684221500 ) );
#422=EDGE_CURVE ( 'NONE', #222, #323, #157, .T. );
#423=CARTESIAN_POINT ( 'NONE',  ( 0.08200086387882016300, 0.4658584665154680300, -1.530613583498484900 ) );
#424=CARTESIAN_POINT ( 'NONE',  ( 0.1082366377521557200, 0.5261648961569169700, -0.1009807531940537400 ) );
#425=CARTESIAN_POINT ( 'NONE',  ( 1.127707959986385100, 0.4903705520904165200, -0.09436488627190776900 ) );
#426=PLANE ( 'NONE',  #856 );
#427=ADVANCED_FACE ( 'NONE', ( #531 ), #998, .F. );
#428=CARTESIAN_POINT ( 'NONE',  ( 0.06728120371789453300, 0.4774782884364211500, -0.09133174977145762400 ) );
#429=B_SPLINE_SURFACE_WITH_KNOTS ( 'NONE', 3, 3, (( #1435, #765, #1541, #1113, #1528, #1013 ),( #486, #1018, #1125, #1546, #428, #1218 ),( #308, #156, #1421, #886, #1414, #995 ),( #550, #1534, #1212, #415, #1133, #528 ),( #955, #125, #880, #771, #1307, #135 ),( #614, #283, #543, #1425, #658, #142 ),( #288, #1118, #424, #700, #1345, #1340 ),( #727, #1447, #687, #1225, #1352, #433 ),( #72, #28, #927, #797, #1455, #1025 ),( #619, #19, #694, #1442, #167, #1462 ),( #237, #814, #1332, #178, #921, #186 ),( #231, #329, #1040, #808, #453, #450 ),( #336, #1243, #1034, #559, #804, #901 ),( #5, #5, #5, #673, #576, #5 ) ),.UNSPECIFIED., .F., .F., .F.,( 4, 2, 2, 2, 2, 2, 4 ),( 4, 2, 4 ),( 0.0000000000000000000, 0.2284727668883091100, 0.3551510197449090400, 0.4818292726015089800, 0.6138194626480866200, 0.7458096526946642600, 1.000000000000000000 ),( 0.0000000000000000000, 0.5000000000000000000, 1.000000000000000000 ),.UNSPECIFIED. );
#430=CARTESIAN_POINT ( 'NONE',  ( 1.090921050904708500, 0.5088063720853263100, -0.08335540315062657500 ) );
#431=CARTESIAN_POINT ( 'NONE',  ( 1.199999999999999700, 0.0000000000000000000, -1.499999999999999300 ) );
#432=ORIENTED_EDGE ( 'NONE', *, *, #1436, .F. );
#433=CARTESIAN_POINT ( 'NONE',  ( 0.1050112487379611700, 0.5308321127576471900, -0.1230662433194715000 ) );
#434=AXIS2_PLACEMENT_3D ( 'NONE', #394, #391, #91 );
#435=LINE ( 'NONE', #739, #82 );
#436=EDGE_LOOP ( 'NONE', ( #208, #205, #385, #294, #1131, #1160, #110, #1089, #1530, #605, #735, #816, #551, #1275, #466, #78 ) );
#437=CARTESIAN_POINT ( 'NONE',  ( 1.077518933941540700, 0.5410029540632822500, -0.1312007867660227000 ) );
#438=CARTESIAN_POINT ( 'NONE',  ( 1.183135099835712600, 0.1200000000000000000, -0.1900000000000000600 ) );
#439=LINE ( 'NONE', #203, #196 );
#440=CARTESIAN_POINT ( 'NONE',  ( 0.1466499783127281900, 0.5484492961490392600, -1.455415801117925700 ) );
#441=CARTESIAN_POINT ( 'NONE',  ( 1.062648460974625600, 0.5424119827778991500, -1.474108039431961700 ) );
#442=STYLED_ITEM ( 'NONE', ( #48 ), #1484 );
#443=EDGE_LOOP ( 'NONE', ( #275, #1146, #981, #1401 ) );
#444=ORIENTED_EDGE ( 'NONE', *, *, #100, .T. );
#445=ORIENTED_EDGE ( 'NONE', *, *, #1262, .F. );
#446=CARTESIAN_POINT ( 'NONE',  ( 1.066628851259373300, 0.5434921317825518500, -0.1295473434477720500 ) );
#447=EDGE_LOOP ( 'NONE', ( #234, #578, #792 ) );
#448=ORIENTED_EDGE ( 'NONE', *, *, #1376, .F. );
#449=EDGE_CURVE ( 'NONE', #1053, #877, #130, .T. );
#450=CARTESIAN_POINT ( 'NONE',  ( 0.1423298990175365100, 0.5481025635590731600, -0.1488021495243848900 ) );
#451=MECHANICAL_DESIGN_GEOMETRIC_PRESENTATION_REPRESENTATION (  '', ( #64 ), #1233 );
#452=CARTESIAN_POINT ( 'NONE',  ( 1.099569160938328700, 0.5065720434483074200, -0.08171473644428133000 ) );
#453=CARTESIAN_POINT ( 'NONE',  ( 0.1435342877813265700, 0.5483337186186758600, -0.1476658464852875800 ) );
#454=EDGE_CURVE ( 'NONE', #912, #60, #649, .T. );
#455=CARTESIAN_POINT ( 'NONE',  ( 1.111055441458553600, 0.5131773405099291400, -0.09780143786347499100 ) );
#456=CARTESIAN_POINT ( 'NONE',  ( 0.1642261328679381900, 0.4500000000000000700, -0.1000000000000000200 ) );
#457=LINE ( 'NONE', #523, #267 );
#458=LINE ( 'NONE', #1374, #115 );
#459=CARTESIAN_POINT ( 'NONE',  ( 1.075441677758140100, 0.5414809389417446500, -1.471081818285499700 ) );
#460=ORIENTED_EDGE ( 'NONE', *, *, #969, .T. );
#461=CARTESIAN_POINT ( 'NONE',  ( 1.129323163308458200, 0.4875453917504469800, -1.498236408953860000 ) );
#462=STYLED_ITEM ( 'NONE', ( #48 ), #1095 );
#463=CARTESIAN_POINT ( 'NONE',  ( 0.1336079957594959700, 0.5400469847209685700, -1.479515445232847800 ) );
#464=ORIENTED_EDGE ( 'NONE', *, *, #1424, .F. );
#465=ORIENTED_EDGE ( 'NONE', *, *, #342, .F. );
#466=ORIENTED_EDGE ( 'NONE', *, *, #1168, .T. );
#467=CARTESIAN_POINT ( 'NONE',  ( 0.06555226274653840100, 0.4664285855804951600, -1.518221590299651400 ) );
#468=DIRECTION ( 'NONE',  ( -0.0000000000000000000, -0.9902680687415703600, 0.1391731009600657700 ) );
#469=EDGE_CURVE ( 'NONE', #482, #1330, #964, .T. );
#470=PRESENTATION_LAYER_ASSIGNMENT (  '', '', ( #1047 ) );
#471=FACE_OUTER_BOUND ( 'NONE', #1214, .T. );
#472=LINE ( 'NONE', #1507, #200 );
#473=EDGE_LOOP ( 'NONE', ( #846, #227, #1028, #136 ) );
#474=DIRECTION ( 'NONE',  ( 0.9902680687415702500, 0.1391731009600657400, 0.0000000000000000000 ) );
#475=CIRCLE ( 'NONE', #76, 0.1000000000000000200 );
#476=EDGE_LOOP ( 'NONE', ( #979, #480, #1353, #1176 ) );
#477=EDGE_CURVE ( 'NONE', #1109, #6, #649, .T. );
#478=LINE ( 'NONE', #394, #29 );
#479=CARTESIAN_POINT ( 'NONE',  ( 0.06519932599378108800, 0.4639173100960066700, -1.499999999999999300 ) );
#480=ORIENTED_EDGE ( 'NONE', *, *, #1377, .F. );
#481=CARTESIAN_POINT ( 'NONE',  ( 1.035773867132061500, 0.5500000000000000400, -0.1642261328679381600 ) );
#482=VERTEX_POINT ( 'NONE', #487 );
#483=ORIENTED_EDGE ( 'NONE', *, *, #1049, .T. );
#484=PRESENTATION_LAYER_ASSIGNMENT (  '', '', ( #351 ) );
#485=PRODUCT_DEFINITION_SHAPE ( 'NONE', 'NONE',  #1555 );
#486=CARTESIAN_POINT ( 'NONE',  ( 0.09999893550288405100, 0.4750942994529880900, -0.06677014940747104400 ) );
#487=CARTESIAN_POINT ( 'NONE',  ( 1.149999999999999700, 0.1200000000000000000, -0.6900000000000000600 ) );
#488=LINE ( 'NONE', #523, #29 );
#489=CARTESIAN_POINT ( 'NONE',  ( 0.1642261328679383800, 0.5500000000000000400, -1.435773867132061900 ) );
#490=FACE_OUTER_BOUND ( 'NONE', #1149, .T. );
#491=ORIENTED_EDGE ( 'NONE', *, *, #1284, .F. );
#492=LINE ( 'NONE', #1078, #248 );
#493=B_SPLINE_CURVE_WITH_KNOTS ( 'NONE', 3,( #340, #22, #1473, #648 ),.UNSPECIFIED., .F., .F.,( 4, 4 ),( 0.0000000000000000000, 1.000000000000000000 ),.UNSPECIFIED. );
#494=CARTESIAN_POINT ( 'NONE',  ( 0.1642261328679381900, 0.5500000000000000400, -0.1642261328679381300 ) );
#495=LINE ( 'NONE', #827, #82 );
#496=EDGE_LOOP ( 'NONE', ( #362, #1164, #596, #987 ) );
#497=EDGE_CURVE ( 'NONE', #948, #177, #495, .T. );
#498=ORIENTED_EDGE ( 'NONE', *, *, #141, .F. );
#499=VERTEX_POINT ( 'NONE', #585 );
#500=ORIENTED_EDGE ( 'NONE', *, *, #1050, .F. );
#501=EDGE_CURVE ( 'NONE', #177, #861, #1258, .T. );
#502=AXIS2_PLACEMENT_3D ( 'NONE', #1263, #66, #14 );
#503=CARTESIAN_POINT ( 'NONE',  ( 0.2999999999999999900, 0.5200000000000000200, -1.399999999999999900 ) );
#504=ADVANCED_FACE ( 'NONE', ( #293 ), #1036, .F. );
#505=EDGE_CURVE ( 'NONE', #948, #676, #791, .T. );
#506=AXIS2_PLACEMENT_3D ( 'NONE', #41, #1079, #391 );
#507=LINE ( 'NONE', #41, #115 );
#508=CARTESIAN_POINT ( 'NONE',  ( 0.1336079957583464200, 0.5400469847214248700, -1.479515445231894800 ) );
#509=ORIENTED_EDGE ( 'NONE', *, *, #1154, .F. );
#510=DIRECTION ( 'NONE',  ( -0.0000000000000000000, 0.0000000000000000000, -1.000000000000000000 ) );
#511=CONICAL_SURFACE ( 'NONE', #1308, 0.1000000000000000500, 0.1396263401595466700 );
#512=ORIENTED_EDGE ( 'NONE', *, *, #1201, .F. );
#513=ORIENTED_EDGE ( 'NONE', *, *, #1544, .F. );
#514=CARTESIAN_POINT ( 'NONE',  ( 0.1264653479050081900, 0.5342570497115407500, -1.489955801146799900 ) );
#515=ORIENTED_EDGE ( 'NONE', *, *, #1281, .F. );
#516=VECTOR ( 'NONE', #147, 1000.000000000000000 );
#517=ORIENTED_EDGE ( 'NONE', *, *, #1300, .F. );
#518=ADVANCED_FACE ( 'NONE', ( #105 ), #750, .T. );
#519=CARTESIAN_POINT ( 'NONE',  ( 0.09546859955400667500, 0.5228660509825261400, -0.1167465153709790200 ) );
#520=EDGE_LOOP ( 'NONE', ( #626, #645, #325, #1371 ) );
#521=LINE ( 'NONE', #1439, #169 );
#522=ADVANCED_FACE ( 'NONE', ( #1333 ), #627, .F. );
#523=CARTESIAN_POINT ( 'NONE',  ( 0.05000000000000533200, 0.1200000000000000000, -1.190000000000000200 ) );
#524=EDGE_CURVE ( 'NONE', #963, #1092, #612, .T. );
#525=AXIS2_PLACEMENT_3D ( 'NONE', #92, #53, #66 );
#526=ORIENTED_EDGE ( 'NONE', *, *, #652, .T. );
#527=EDGE_LOOP ( 'NONE', ( #575, #1195, #371, #369 ) );
#528=CARTESIAN_POINT ( 'NONE',  ( 0.07982978103627805200, 0.5035022091701081300, -0.1069613512923209800 ) );
#529=CARTESIAN_POINT ( 'NONE',  ( 1.130613583441677500, 0.4658584665230050500, -0.08200086376838428000 ) );
#530=EDGE_CURVE ( 'NONE', #723, #617, #1456, .T. );
#531=FACE_OUTER_BOUND ( 'NONE', #1361, .T. );
#532=CARTESIAN_POINT ( 'NONE',  ( 1.099569161410935300, 0.5065720435748797300, -1.518285263542962000 ) );
#533=VERTEX_POINT ( 'NONE', #431 );
#534=CARTESIAN_POINT ( 'NONE',  ( 1.071033834597211500, 0.5376623600925842800, -0.1138519017617196500 ) );
#535=CLOSED_SHELL ( 'NONE', ( #779, #144, #763, #895, #154, #302, #653, #418, #1012, #113, #1432, #215, #407, #270, #786, #1291, #518, #1512, #1529, #646, #539, #1521, #1120, #427, #1317, #960, #670, #865, #1305, #1221, #1404, #986, #1099, #885, #993, #1497, #1309, #522, #1193, #280, #286, #504, #770, #1409, #121 ) );
#536=VERTEX_POINT ( 'NONE', #438 );
#537=PLANE ( 'NONE',  #1463 );
#538=CARTESIAN_POINT ( 'NONE',  ( 1.112740442336279000, 0.4918706518467598800, -1.523776865096799500 ) );
#539=ADVANCED_FACE ( 'NONE', ( #348 ), #1478, .T. );
#540=CARTESIAN_POINT ( 'NONE',  ( 1.134618799509153200, 0.4652114143856968500, -0.09061009502246597500 ) );
#541=CARTESIAN_POINT ( 'NONE',  ( 1.086028468864514800, 0.5184882929911000000, -1.508825187590981300 ) );
#542=LINE ( 'NONE', #394, #196 );
#543=CARTESIAN_POINT ( 'NONE',  ( 0.1045745590119871200, 0.5222025492577967400, -0.09677680907940597300 ) );
#544=CARTESIAN_POINT ( 'NONE',  ( 1.123776865096808700, 0.4918706518468248200, -0.08725955766378321000 ) );
#545=VERTEX_POINT ( 'NONE', #494 );
#546=VECTOR ( 'NONE', #1266, 999.9999999999998900 );
#547=CARTESIAN_POINT ( 'NONE',  ( 1.103223189428144100, 0.5222025496154966100, -1.495425442816776100 ) );
#548=AXIS2_PLACEMENT_3D ( 'NONE', #143, #391, #53 );
#549=ORIENTED_EDGE ( 'NONE', *, *, #1362, .T. );
#550=CARTESIAN_POINT ( 'NONE',  ( 0.1069613512923227200, 0.5035022091701083500, -0.07982978103627808000 ) );
#551=ORIENTED_EDGE ( 'NONE', *, *, #477, .T. );
#552=EDGE_LOOP ( 'NONE', ( #1172, #298, #815, #1 ) );
#553=CARTESIAN_POINT ( 'NONE',  ( 1.089955801147894000, 0.5342570497108405400, -0.1264653479065536200 ) );
#554=ORIENTED_EDGE ( 'NONE', *, *, #306, .T. );
#555=CARTESIAN_POINT ( 'NONE',  ( 1.114767627343264700, 0.5081069606508720200, -1.505409575791919300 ) );
#556=EDGE_CURVE ( 'NONE', #1501, #1260, #1531, .T. );
#557=CARTESIAN_POINT ( 'NONE',  ( 1.105409575791948900, 0.5081069606507226900, -0.08523237265666271100 ) );
#558=CARTESIAN_POINT ( 'NONE',  ( 1.043116795534946100, 0.5500000000000000400, -1.446212525087777800 ) );
#559=CARTESIAN_POINT ( 'NONE',  ( 0.1548476198310959300, 0.5500000000000000400, -0.1558897677047311500 ) );
#560=EDGE_CURVE ( 'NONE', #853, #163, #949, .T. );
#561=CARTESIAN_POINT ( 'NONE',  ( 1.072310391386315200, 0.5431320821157567000, -0.1353372193303074300 ) );
#562=SHAPE_DEFINITION_REPRESENTATION ( #690, #190 );
#563=LINE ( 'NONE', #411, #101 );
#564=CARTESIAN_POINT ( 'NONE',  ( 1.150000000000001700, 0.0000000000000000000, -0.4100000000000000900 ) );
#565=CARTESIAN_POINT ( 'NONE',  ( 0.07982978103627325100, 0.5035022091701008000, -1.493038648707663700 ) );
#566=ORIENTED_EDGE ( 'NONE', *, *, #1476, .T. );
#567=CARTESIAN_POINT ( 'NONE',  ( 0.2999999999999999900, 0.5500000000000000400, -1.300000000000000000 ) );
#568=MECHANICAL_DESIGN_GEOMETRIC_PRESENTATION_REPRESENTATION (  '', ( #351 ), #1035 );
#569=FACE_OUTER_BOUND ( 'NONE', #1142, .T. );
#570=ORIENTED_EDGE ( 'NONE', *, *, #314, .F. );
#571=CARTESIAN_POINT ( 'NONE',  ( 1.102147566733778300, 0.5250652807735590700, -0.1123641993068997500 ) );
#572=VECTOR ( 'NONE', #391, 1000.000000000000000 );
#573=CARTESIAN_POINT ( 'NONE',  ( 1.066392004240499700, 0.5400469847209695700, -1.479515445232851200 ) );
#574=PRESENTATION_STYLE_ASSIGNMENT (( #933 ) );
#575=ORIENTED_EDGE ( 'NONE', *, *, #497, .T. );
#576=CARTESIAN_POINT ( 'NONE',  ( 0.1642261328679382700, 0.5500000000000000400, -0.1642261328679380800 ) );
#577=ORIENTED_EDGE ( 'NONE', *, *, #109, .T. );
#578=ORIENTED_EDGE ( 'NONE', *, *, #608, .T. );
#579=SHAPE_REPRESENTATION ( 'sot563_body', ( #236 ), #1016 );
#580=CARTESIAN_POINT ( 'NONE',  ( 1.056465712218732000, 0.5483337186186743000, -1.452334153514791800 ) );
#581=CARTESIAN_POINT ( 'NONE',  ( 0.1289181817145156300, 0.5414809389417699600, -1.475441677758128700 ) );
#582=B_SPLINE_CURVE_WITH_KNOTS ( 'NONE', 3,( #489, #611, #1489, #65, #838, #1391, #1483, #943, #69, #382, #724, #479 ),.UNSPECIFIED., .F., .F.,( 4, 2, 2, 2, 2, 4 ),( 0.0000000000000000000, 0.2500000000000016100, 0.3750000000000012800, 0.4375000000000017200, 0.5000000000000021100, 1.000000000000000000 ),.UNSPECIFIED. );
#583=CARTESIAN_POINT ( 'NONE',  ( 1.057670100982468900, 0.5481025635590728300, -0.1488021495243880600 ) );
#584=PRODUCT_DEFINITION ( 'UNKNOWN', '', #1319, #832 );
#585=CARTESIAN_POINT ( 'NONE',  ( 0.2500000000000000000, 0.1200000000000000000, -0.2200000000000000000 ) );
#586=CARTESIAN_POINT ( 'NONE',  ( 1.044110232189523500, 0.5500000000000000400, -1.445152380231161200 ) );
#587=DIRECTION ( 'NONE',  ( 0.0000000000000000000, 0.1391731009600657400, 0.9902680687415703600 ) );
#588=CARTESIAN_POINT ( 'NONE',  ( 0.1224810660585024400, 0.5410029540633305400, -1.468799213233891800 ) );
#589=CARTESIAN_POINT ( 'NONE',  ( -0.5864257737476611400, 0.3789008000700718700, 1.367113306679769200 ) );
#590=FACE_OUTER_BOUND ( 'NONE', #660, .T. );
#591=EDGE_CURVE ( 'NONE', #861, #729, #1197, .T. );
#592=EDGE_CURVE ( 'NONE', #617, #1260, #291, .T. );
#593=VERTEX_POINT ( 'NONE', #938 );
#594=FACE_OUTER_BOUND ( 'NONE', #932, .T. );
#595=PRODUCT_RELATED_PRODUCT_CATEGORY ( 'part', '', ( #1460 ) );
#596=ORIENTED_EDGE ( 'NONE', *, *, #387, .F. );
#597=ORIENTED_EDGE ( 'NONE', *, *, #835, .T. );
#598=EDGE_LOOP ( 'NONE', ( #859, #35, #1390, #566 ) );
#599=CARTESIAN_POINT ( 'NONE',  ( 1.200000000000001500, 0.0000000000000000000, -0.1900000000000000600 ) );
#600=EDGE_CURVE ( 'NONE', #545, #813, #439, .T. );
#601=AXIS2_PLACEMENT_3D ( 'NONE', #567, #146, #66 );
#602=FACE_OUTER_BOUND ( 'NONE', #1196, .T. );
#603=EDGE_CURVE ( 'NONE', #533, #222, #322, .T. );
#604=LINE ( 'NONE', #564, #182 );
#605=ORIENTED_EDGE ( 'NONE', *, *, #1323, .T. );
#606=CARTESIAN_POINT ( 'NONE',  ( 1.149999999999999700, 0.1200000000000000000, -0.9100000000000001400 ) );
#607=ORIENTED_EDGE ( 'NONE', *, *, #652, .F. );
#608=EDGE_CURVE ( 'NONE', #1007, #813, #847, .T. );
#609=EDGE_CURVE ( 'NONE', #1143, #671, #730, .T. );
#610=LINE ( 'NONE', #193, #768 );
#611=CARTESIAN_POINT ( 'NONE',  ( 0.1493647805060426300, 0.5500000000000002700, -1.446227878253666600 ) );
#612=LINE ( 'NONE', #1354, #169 );
#613=ORIENTED_EDGE ( 'NONE', *, *, #684, .T. );
#614=CARTESIAN_POINT ( 'NONE',  ( 0.1139715311354715400, 0.5184882929911094300, -0.09117481240902713900 ) );
#615=ORIENTED_EDGE ( 'NONE', *, *, #1436, .T. );
#616=CARTESIAN_POINT ( 'NONE',  ( 1.035773867132061500, 0.5500000000000000400, -0.1642261328679381900 ) );
#617=VERTEX_POINT ( 'NONE', #228 );
#618=EDGE_CURVE ( 'NONE', #1370, #1298, #610, .T. );
#619=CARTESIAN_POINT ( 'NONE',  ( 0.1336079957594867600, 0.5400469847209746800, -0.1204845547671617700 ) );
#620=AXIS2_PLACEMENT_3D ( 'NONE', #67, #741, #66 );
#621=CONTEXT_DEPENDENT_SHAPE_REPRESENTATION ( #1380, #1027 );
#622=ORIENTED_EDGE ( 'NONE', *, *, #204, .F. );
#623=FACE_OUTER_BOUND ( 'NONE', #751, .T. );
#624=VECTOR ( 'NONE', #281, 999.9999999999998900 );
#625=ORIENTED_EDGE ( 'NONE', *, *, #942, .T. );
#626=ORIENTED_EDGE ( 'NONE', *, *, #1014, .F. );
#627=PLANE ( 'NONE',  #50 );
#628=CARTESIAN_POINT ( 'NONE',  ( 5.237222008264700000E-015, 0.0000000000000000000, -1.410000000000000100 ) );
#629=CARTESIAN_POINT ( 'NONE',  ( 0.1568832044648120200, 0.5500000000000000400, -1.446212525087516200 ) );
#630=EDGE_CURVE ( 'NONE', #1302, #950, #79, .T. );
#631=CARTESIAN_POINT ( 'NONE',  ( 0.09117481240994775000, 0.5184882929920854300, -0.1139715311335528600 ) );
#632=EDGE_CURVE ( 'NONE', #1026, #252, #982, .T. );
#633=CONTEXT_DEPENDENT_SHAPE_REPRESENTATION ( #957, #1329 );
#634=LINE ( 'NONE', #73, #29 );
#635=CARTESIAN_POINT ( 'NONE',  ( 1.099999999999999600, 0.4500000000000000700, -0.1642261328679381300 ) );
#636=ORIENTED_EDGE ( 'NONE', *, *, #263, .T. );
#637=PLANE ( 'NONE',  #525 );
#638=VECTOR ( 'NONE', #17, 999.9999999999998900 );
#639=ORIENTED_EDGE ( 'NONE', *, *, #740, .T. );
#640=LINE ( 'NONE', #1487, #200 );
#641=LINE ( 'NONE', #92, #82 );
#642=VERTEX_POINT ( 'NONE', #1491 );
#643=CARTESIAN_POINT ( 'NONE',  ( 1.149999999999994600, 0.0000000000000000000, -1.410000000000000100 ) );
#644=AXIS2_PLACEMENT_3D ( 'NONE', #228, #53, #66 );
#645=ORIENTED_EDGE ( 'NONE', *, *, #337, .T. );
#646=ADVANCED_FACE ( 'NONE', ( #1103 ), #363, .F. );
#647=CARTESIAN_POINT ( 'NONE',  ( 1.086761602332485300, 0.5170368523384589700, -0.08995094606377721000 ) );
#648=CARTESIAN_POINT ( 'NONE',  ( 1.099999999999999400, 0.4639173100960076700, -0.06519932599378124000 ) );
#649=LINE ( 'NONE', #258, #115 );
#650=CARTESIAN_POINT ( 'NONE',  ( 1.134618799511271800, 0.4652114143706228600, -1.509389904868157600 ) );
#651=DIRECTION ( 'NONE',  ( -0.1391731009600657400, -0.9902680687415702500, -0.0000000000000000000 ) );
#652=EDGE_CURVE ( 'NONE', #1386, #679, #226, .T. );
#653=ADVANCED_FACE ( 'NONE', ( #961 ), #1494, .T. );
#654=CARTESIAN_POINT ( 'NONE',  ( 1.105409576270909500, 0.5081069607140708000, -1.514767627094256700 ) );
#655=( GEOMETRIC_REPRESENTATION_CONTEXT ( 3 ) GLOBAL_UNCERTAINTY_ASSIGNED_CONTEXT ( ( #87 ) ) GLOBAL_UNIT_ASSIGNED_CONTEXT ( ( #33, #84, #58 ) ) REPRESENTATION_CONTEXT ( 'NONE', 'WORKASPACE' ) );
#656=SURFACE_STYLE_FILL_AREA ( #706 );
#657=ORIENTED_EDGE ( 'NONE', *, *, #972, .F. );
#658=CARTESIAN_POINT ( 'NONE',  ( 0.09351043201193270900, 0.5209644643125250800, -0.1091059274487352600 ) );
#659=LINE ( 'NONE', #238, #768 );
#660=EDGE_LOOP ( 'NONE', ( #1373, #1021, #1499 ) );
#661=CARTESIAN_POINT ( 'NONE',  ( 1.133229850592528900, 0.4750942994529860900, -0.09999893550288943600 ) );
#662=FACE_OUTER_BOUND ( 'NONE', #131, .T. );
#663=EDGE_CURVE ( 'NONE', #789, #873, #640, .T. );
#664=EDGE_LOOP ( 'NONE', ( #1383, #1073, #1506, #702 ) );
#665=ORIENTED_EDGE ( 'NONE', *, *, #1201, .T. );
#666=CARTESIAN_POINT ( 'NONE',  ( 1.044110232295244200, 0.5500000000000000400, -0.1548476198310626000 ) );
#667=CARTESIAN_POINT ( 'NONE',  ( 1.117149138397590900, 0.4769830875947442800, -1.529252509945749500 ) );
#668=CARTESIAN_POINT ( 'NONE',  ( 0.1031779363157761400, 0.5117203511464635300, -1.514535821373055500 ) );
#669=CARTESIAN_POINT ( 'NONE',  ( 1.114767627094253000, 0.5081069607140351600, -0.09459042372905553100 ) );
#670=ADVANCED_FACE ( 'NONE', ( #841 ), #952, .F. );
#671=VERTEX_POINT ( 'NONE', #143 );
#672=CARTESIAN_POINT ( 'NONE',  ( 0.09677680907941142700, 0.5222025492577920800, -1.495425440988032300 ) );
#673=CARTESIAN_POINT ( 'NONE',  ( 0.1642261328679382500, 0.5500000000000000400, -0.1642261328679380800 ) );
#674=CARTESIAN_POINT ( 'NONE',  ( 1.053350021687341700, 0.5484492961490217100, -0.1445841988821046900 ) );
#675=PRESENTATION_STYLE_ASSIGNMENT (( #939 ) );
#676=VERTEX_POINT ( 'NONE', #848 );
#677=EDGE_CURVE ( 'NONE', #908, #1490, #127, .T. );
#678=LINE ( 'NONE', #935, #319 );
#679=VERTEX_POINT ( 'NONE', #224 );
#680=CARTESIAN_POINT ( 'NONE',  ( 0.1230662433194839000, 0.5308321127576392000, -1.494988751262049700 ) );
#681=ORIENTED_EDGE ( 'NONE', *, *, #368, .T. );
#682=CARTESIAN_POINT ( 'NONE',  ( 1.099019246805954100, 0.5261648961569332900, -0.1082366377521773600 ) );
#683=ORIENTED_EDGE ( 'NONE', *, *, #1240, .T. );
#684=EDGE_CURVE ( 'NONE', #1522, #137, #492, .T. );
#685=ORIENTED_EDGE ( 'NONE', *, *, #171, .T. );
#686=CARTESIAN_POINT ( 'NONE',  ( 0.1074120677301041900, 0.5326182659713184500, -1.480656213704996300 ) );
#687=CARTESIAN_POINT ( 'NONE',  ( 0.1160304478003305100, 0.5335113430897372400, -0.1100645868271377800 ) );
#688=EDGE_CURVE ( 'NONE', #1237, #918, #659, .T. );
#689=CARTESIAN_POINT ( 'NONE',  ( 1.079729572197280800, 0.5364609545546933400, -0.1148246531695558300 ) );
#690=PRODUCT_DEFINITION_SHAPE ( 'NONE', 'NONE',  #820 );
#691=STYLED_ITEM ( 'NONE', ( #675 ), #289 );
#692=CARTESIAN_POINT ( 'NONE',  ( 1.077518933509495900, 0.5410029542705814300, -1.468799213683068100 ) );
#693=CARTESIAN_POINT ( 'NONE',  ( 0.09459042420806232400, 0.5081069606508724600, -1.514767627343272400 ) );
#694=CARTESIAN_POINT ( 'NONE',  ( 0.1289181823796359300, 0.5414809388381178800, -0.1245583215852850300 ) );
#695=EDGE_CURVE ( 'NONE', #1330, #249, #890, .T. );
#696=CARTESIAN_POINT ( 'NONE',  ( 1.068979404224785100, 0.5379821676473143200, -1.483531576050365600 ) );
#697=FACE_OUTER_BOUND ( 'NONE', #443, .T. );
#698=CARTESIAN_POINT ( 'NONE',  ( 1.045684572202651500, 0.5500000000000000400, -1.443600276343380200 ) );
#699=CARTESIAN_POINT ( 'NONE',  ( 0.1202704278027518200, 0.5364609545547195400, -1.485175346830435800 ) );
#700=CARTESIAN_POINT ( 'NONE',  ( 0.1009807552754409800, 0.5261648966443363000, -0.1082366352201960400 ) );
#701=AXIS2_PLACEMENT_3D ( 'NONE', #41, #128, #147 );
#702=ORIENTED_EDGE ( 'NONE', *, *, #738, .T. );
#703=CARTESIAN_POINT ( 'NONE',  ( 1.104531400446939100, 0.5228660509816502900, -1.483253484627278900 ) );
#704=CARTESIAN_POINT ( 'NONE',  ( 1.065502698305453200, 0.5500000000000000400, -1.456686198940877300 ) );
#705=CARTESIAN_POINT ( 'NONE',  ( 0.1245583215853036900, 0.5414809388381407500, -1.471081817620314600 ) );
#706=FILL_AREA_STYLE ('',( #214 ) );
#707=VERTEX_POINT ( 'NONE', #1184 );
#708=VERTEX_POINT ( 'NONE', #73 );
#709=ORIENTED_EDGE ( 'NONE', *, *, #618, .T. );
#710=DIRECTION ( 'NONE',  ( 0.0000000000000000000, -0.9902680687415703600, 0.1391731009600657400 ) );
#711=CARTESIAN_POINT ( 'NONE',  ( -0.5864257737476515900, 0.3789008000700718700, 0.8671133066797691600 ) );
#712=AXIS2_PLACEMENT_3D ( 'NONE', #111, #75, #66 );
#713=CARTESIAN_POINT ( 'NONE',  ( 0.1295473433813796000, 0.5434921317836022300, -1.466628851227495400 ) );
#714=PRESENTATION_LAYER_ASSIGNMENT (  '', '', ( #442 ) );
#715=CARTESIAN_POINT ( 'NONE',  ( 0.7635742262523560500, 0.3789008000700718700, 1.867113306679769400 ) );
#716=PRODUCT_DEFINITION_SHAPE ( 'NONE', 'NONE',  #584 );
#717=EDGE_CURVE ( 'NONE', #499, #708, #1486, .T. );
#718=ORIENTED_EDGE ( 'NONE', *, *, #306, .F. );
#719=PRODUCT ( 'SOT563', 'SOT563', '', ( #360 ) );
#720=CARTESIAN_POINT ( 'NONE',  ( 0.01686490016428701700, 0.1200000000000000000, -0.9100000000000001400 ) );
#721=ORIENTED_EDGE ( 'NONE', *, *, #263, .F. );
#722=CYLINDRICAL_SURFACE ( 'NONE', #837, 0.1000000000000000500 );
#723=VERTEX_POINT ( 'NONE', #250 );
#724=CARTESIAN_POINT ( 'NONE',  ( 0.06850094513316917800, 0.4874095509552521800, -1.500002237402372700 ) );
#725=VERTEX_POINT ( 'NONE', #1389 );
#726=PLANE ( 'NONE',  #389 );
#727=CARTESIAN_POINT ( 'NONE',  ( 0.1230662433194717200, 0.5308321127576469700, -0.1050112487379611100 ) );
#728=LINE ( 'NONE', #258, #103 );
#729=VERTEX_POINT ( 'NONE', #523 );
#730=LINE ( 'NONE', #143, #1283 );
#731=LINE ( 'NONE', #1104, #624 );
#732=LINE ( 'NONE', #219, #29 );
#733=CARTESIAN_POINT ( 'NONE',  ( 0.1423298990175308500, 0.5481025635590715000, -1.451197850475608700 ) );
#734=PRODUCT_RELATED_PRODUCT_CATEGORY ( 'part', '', ( #719 ) );
#735=ORIENTED_EDGE ( 'NONE', *, *, #990, .F. );
#736=ORIENTED_EDGE ( 'NONE', *, *, #1519, .F. );
#737=CARTESIAN_POINT ( 'NONE',  ( 1.183135099835712600, 0.1200000000000000000, -1.190000000000000200 ) );
#738=EDGE_CURVE ( 'NONE', #1417, #593, #346, .T. );
#739=CARTESIAN_POINT ( 'NONE',  ( 1.183135099835712600, 0.1200000000000000000, -0.1000000000000007100 ) );
#740=EDGE_CURVE ( 'NONE', #963, #1522, #269, .T. );
#741=DIRECTION ( 'NONE',  ( -0.0000000000000000000, 1.000000000000000000, -0.0000000000000000000 ) );
#742=CARTESIAN_POINT ( 'NONE',  ( 1.035773867132061500, 0.5500000000000000400, -1.499999999999999800 ) );
#743=CARTESIAN_POINT ( 'NONE',  ( 1.099999999999999600, 0.5500000000000000400, -0.1000000000000000200 ) );
#744=CARTESIAN_POINT ( 'NONE',  ( 0.01686490016428701700, 0.1200000000000000000, -0.4100000000000000900 ) );
#745=LINE ( 'NONE', #353, #1250 );
#746=PLANE ( 'NONE',  #1063 );
#747=ORIENTED_EDGE ( 'NONE', *, *, #30, .T. );
#748=ORIENTED_EDGE ( 'NONE', *, *, #179, .F. );
#749=CARTESIAN_POINT ( 'NONE',  ( 0.1488021495238477100, 0.5481025635591811900, -1.457670100981892600 ) );
#750=CYLINDRICAL_SURFACE ( 'NONE', #1219, 0.09999999999999999200 );
#751=EDGE_LOOP ( 'NONE', ( #498, #107, #1215, #1081 ) );
#752=( GEOMETRIC_REPRESENTATION_CONTEXT ( 3 ) GLOBAL_UNCERTAINTY_ASSIGNED_CONTEXT ( ( #87 ) ) GLOBAL_UNIT_ASSIGNED_CONTEXT ( ( #33, #84, #58 ) ) REPRESENTATION_CONTEXT ( 'NONE', 'WORKASPACE' ) );
#753=ORIENTED_EDGE ( 'NONE', *, *, #936, .F. );
#754=PLANE ( 'NONE',  #126 );
#755=ORIENTED_EDGE ( 'NONE', *, *, #740, .F. );
#756=PRODUCT_DEFINITION_FORMATION_WITH_SPECIFIED_SOURCE ( 'ANY', '', #1460, .NOT_KNOWN. );
#757=ORIENTED_EDGE ( 'NONE', *, *, #999, .F. );
#758=CARTESIAN_POINT ( 'NONE',  ( 1.105635113280283300, 0.4903705517461769400, -0.07229203972431508300 ) );
#759=CARTESIAN_POINT ( 'NONE',  ( 1.149999999999994600, 0.0000000000000000000, -1.190000000000000200 ) );
#760=EDGE_CURVE ( 'NONE', #482, #965, #1256, .T. );
#761=AXIS2_PLACEMENT_3D ( 'NONE', #766, #53, #66 );
#762=CARTESIAN_POINT ( 'NONE',  ( 1.149999999999999700, 0.0000000000000000000, -0.6900000000000000600 ) );
#763=ADVANCED_FACE ( 'NONE', ( #1042 ), #303, .T. );
#764=PRODUCT_DEFINITION_FORMATION_WITH_SPECIFIED_SOURCE ( 'ANY', '', #1349, .NOT_KNOWN. );
#765=CARTESIAN_POINT ( 'NONE',  ( 0.09061009502246607200, 0.4652114143856968000, -0.06538120049084617000 ) );
#766=CARTESIAN_POINT ( 'NONE',  ( 1.099999999999999600, 0.4500000000000000700, -1.435773867132061900 ) );
#767=EDGE_LOOP ( 'NONE', ( #1130, #1472, #526, #85 ) );
#768=VECTOR ( 'NONE', #91, 1000.000000000000000 );
#769=ORIENTED_EDGE ( 'NONE', *, *, #1511, .F. );
#770=ADVANCED_FACE ( 'NONE', ( #1186 ), #994, .F. );
#771=CARTESIAN_POINT ( 'NONE',  ( 0.08894455887119430400, 0.5131773405934874100, -0.09780143747682165700 ) );
#772=ORIENTED_EDGE ( 'NONE', *, *, #1182, .F. );
#773=EDGE_LOOP ( 'NONE', ( #491, #83, #1411, #1412 ) );
#774=AXIS2_PLACEMENT_3D ( 'NONE', #357, #11, #243 );
#775=VERTEX_POINT ( 'NONE', #92 );
#776=CARTESIAN_POINT ( 'NONE',  ( 1.129252510004357300, 0.4769830875876457900, -1.517149138285059300 ) );
#777=CARTESIAN_POINT ( 'NONE',  ( 0.06538120049084611400, 0.4652114143856969600, -1.509389904977534100 ) );
#778=CARTESIAN_POINT ( 'NONE',  ( 0.0000000000000000000, 0.0000000000000000000, -0.2200000000000000000 ) );
#779=ADVANCED_FACE ( 'NONE', ( #623 ), #363, .F. );
#780=CARTESIAN_POINT ( 'NONE',  ( 1.111055441128824500, 0.5131773405935969900, -1.502198562523164200 ) );
#781=CARTESIAN_POINT ( 'NONE',  ( 1.082237506755394900, 0.5240936153660125100, -0.09698608895852192700 ) );
#782=LINE ( 'NONE', #398, #248 );
#783=EDGE_CURVE ( 'NONE', #1330, #1434, #1173, .T. );
#784=CARTESIAN_POINT ( 'NONE',  ( 1.108825187590982900, 0.5184882929910993300, -0.1139715311354854200 ) );
#785=CARTESIAN_POINT ( 'NONE',  ( 1.108825187590979400, 0.5184882929911004400, -1.486028468864514200 ) );
#786=ADVANCED_FACE ( 'NONE', ( #594 ), #403, .T. );
#787=CARTESIAN_POINT ( 'NONE',  ( 0.1009807531940608700, 0.5261648961569784800, -1.491763362247881600 ) );
#788=ORIENTED_EDGE ( 'NONE', *, *, #560, .T. );
#789=VERTEX_POINT ( 'NONE', #1153 );
#790=CARTESIAN_POINT ( 'NONE',  ( 0.0000000000000000000, 0.0000000000000000000, -1.190000000000000200 ) );
#791=LINE ( 'NONE', #790, #101 );
#792=ORIENTED_EDGE ( 'NONE', *, *, #1520, .F. );
#793=CARTESIAN_POINT ( 'NONE',  ( 1.092587930960519300, 0.5326182669944082800, -1.480656215777291300 ) );
#794=EDGE_CURVE ( 'NONE', #789, #1501, #931, .T. );
#795=ORIENTED_EDGE ( 'NONE', *, *, #93, .F. );
#796=CARTESIAN_POINT ( 'NONE',  ( 0.1045745571831929500, 0.5222025496155009400, -1.503223189428133200 ) );
#797=CARTESIAN_POINT ( 'NONE',  ( 0.1148246531695366600, 0.5364609545546734600, -0.1202704278027132600 ) );
#798=ORIENTED_EDGE ( 'NONE', *, *, #1498, .F. );
#799=CARTESIAN_POINT ( 'NONE',  ( 1.043116795534957800, 0.5500000000000000400, -0.1537874749122298500 ) );
#800=ORIENTED_EDGE ( 'NONE', *, *, #600, .F. );
#801=ORIENTED_EDGE ( 'NONE', *, *, #422, .F. );
#802=CARTESIAN_POINT ( 'NONE',  ( 1.091763362247838700, 0.5261648961568453600, -1.499019246805933600 ) );
#803=CARTESIAN_POINT ( 'NONE',  ( 0.1193437842227530700, 0.5326182669943302400, -1.492587930960542800 ) );
#804=CARTESIAN_POINT ( 'NONE',  ( 0.1543154277973496600, 0.5500000000000000400, -0.1563997236566288500 ) );
#805=CARTESIAN_POINT ( 'NONE',  ( 1.116644596849374800, 0.5088063720853246400, -0.1090789490952928800 ) );
#806=CARTESIAN_POINT ( 'NONE',  ( 1.099019244724579900, 0.5261648966442371600, -1.491763364779769900 ) );
#807=EDGE_CURVE ( 'NONE', #499, #1126, #3, .T. );
#808=CARTESIAN_POINT ( 'NONE',  ( 0.1445841988821128500, 0.5484492961490217100, -0.1466499783127382100 ) );
#809=CARTESIAN_POINT ( 'NONE',  ( 1.096822063684227400, 0.5117203511464786200, -0.08546417862692987100 ) );
#810=LINE ( 'NONE', #1264, #267 );
#811=FACE_OUTER_BOUND ( 'NONE', #829, .T. );
#812=CARTESIAN_POINT ( 'NONE',  ( 1.076933756680515900, 0.5308321127576392000, -1.494988751262047900 ) );
#813=VERTEX_POINT ( 'NONE', #616 );
#814=CARTESIAN_POINT ( 'NONE',  ( 0.1353372193303398200, 0.5431320821157632500, -0.1276896086137053700 ) );
#815=ORIENTED_EDGE ( 'NONE', *, *, #100, .F. );
#816=ORIENTED_EDGE ( 'NONE', *, *, #1544, .T. );
#817=ORIENTED_EDGE ( 'NONE', *, *, #393, .T. );
#818=ORIENTED_EDGE ( 'NONE', *, *, #684, .F. );
#819=AXIS2_PLACEMENT_3D ( 'NONE', #92, #391, #91 );
#820=PRODUCT_DEFINITION ( 'UNKNOWN', '', #764, #45 );
#821=EDGE_CURVE ( 'NONE', #869, #1539, #1272, .T. );
#822=CARTESIAN_POINT ( 'NONE',  ( 0.08177840970034785900, 0.4664285855804951600, -1.534447737253461100 ) );
#823=EDGE_LOOP ( 'NONE', ( #683, #1399, #736, #1403 ) );
#824=FILL_AREA_STYLE ('',( #1128 ) );
#825=VERTEX_POINT ( 'NONE', #564 );
#826=ORIENTED_EDGE ( 'NONE', *, *, #454, .F. );
#827=CARTESIAN_POINT ( 'NONE',  ( 0.01686490016428701300, 0.1200000000000000000, -0.1000000000000007100 ) );
#828=ORIENTED_EDGE ( 'NONE', *, *, #265, .F. );
#829=EDGE_LOOP ( 'NONE', ( #352, #134, #636, #910 ) );
#830=AXIS2_PLACEMENT_3D ( 'NONE', #353, #474, #1290 );
#831=PLANE ( 'NONE',  #548 );
#832=PRODUCT_DEFINITION_CONTEXT ( 'detailed design', #49, 'design' );
#833=AXIS2_PLACEMENT_3D ( 'NONE', #715, #66, #14 );
#834=PLANE ( 'NONE',  #1100 );
#835=EDGE_CURVE ( 'NONE', #1539, #533, #401, .T. );
#836=ORIENTED_EDGE ( 'NONE', *, *, #942, .F. );
#837=AXIS2_PLACEMENT_3D ( 'NONE', #1238, #391, #53 );
#838=CARTESIAN_POINT ( 'NONE',  ( 0.1164684239515055300, 0.5379821676483503800, -1.468979404223314400 ) );
#839=LINE ( 'NONE', #357, #29 );
#840=VERTEX_POINT ( 'NONE', #503 );
#841=FACE_OUTER_BOUND ( 'NONE', #552, .T. );
#842=ORIENTED_EDGE ( 'NONE', *, *, #1492, .F. );
#843=EDGE_LOOP ( 'NONE', ( #1030, #1211, #26, #1474 ) );
#844=CARTESIAN_POINT ( 'NONE',  ( 1.183135099835712600, 0.1200000000000000000, -1.410000000000000100 ) );
#845=EDGE_CURVE ( 'NONE', #1276, #180, #1101, .T. );
#846=ORIENTED_EDGE ( 'NONE', *, *, #677, .T. );
#847=B_SPLINE_CURVE_WITH_KNOTS ( 'NONE', 3,( #340, #661, #1119, #210, #805, #784, #324, #911, #553, #345, #174, #583, #301, #616 ),.UNSPECIFIED., .F., .F.,( 4, 2, 2, 2, 2, 2, 4 ),( 0.0000000000000000000, 0.2284727668882797200, 0.3551510197448700100, 0.4818292726014603000, 0.6138194626480464300, 0.7458096526946325100, 1.000000000000000000 ),.UNSPECIFIED. );
#848=CARTESIAN_POINT ( 'NONE',  ( 5.325313434779147300E-015, 0.0000000000000000000, -1.190000000000000200 ) );
#849=MECHANICAL_DESIGN_GEOMETRIC_PRESENTATION_REPRESENTATION (  '', ( #462 ), #752 );
#850=DIRECTION ( 'NONE',  ( -0.9902680687415702500, 0.1391731009600657400, 0.0000000000000000000 ) );
#851=FACE_OUTER_BOUND ( 'NONE', #447, .T. );
#852=CARTESIAN_POINT ( 'NONE',  ( 0.1139715311331627900, 0.5184882929922842700, -1.508825187589864600 ) );
#853=VERTEX_POINT ( 'NONE', #199 );
#854=SURFACE_SIDE_STYLE ('',( #656 ) );
#855=CARTESIAN_POINT ( 'NONE',  ( 0.06555226274653862300, 0.4664285855804951000, -0.08177840970034809500 ) );
#856=AXIS2_PLACEMENT_3D ( 'NONE', #129, #1318, #1532 );
#857=LINE ( 'NONE', #355, #638 );
#858=EDGE_LOOP ( 'NONE', ( #665, #367, #232, #59 ) );
#859=ORIENTED_EDGE ( 'NONE', *, *, #34, .T. );
#860=AXIS2_PLACEMENT_3D ( 'NONE', #46, #14, #391 );
#861=VERTEX_POINT ( 'NONE', #46 );
#862=CARTESIAN_POINT ( 'NONE',  ( 0.1258919605687622300, 0.5424119827781868100, -0.1373515390245662600 ) );
#863=CARTESIAN_POINT ( 'NONE',  ( 1.199999999999999700, 0.0000000000000000000, -0.9100000000000001400 ) );
#864=EDGE_CURVE ( 'NONE', #1070, #252, #1082, .T. );
#865=ADVANCED_FACE ( 'NONE', ( #947 ), #834, .F. );
#866=CARTESIAN_POINT ( 'NONE',  ( 0.04999999999999839300, 0.0000000000000000000, -0.1900000000000000600 ) );
#867=ITEM_DEFINED_TRANSFORMATION ( 'NONE', 'NONE', #165,  #236 );
#868=CARTESIAN_POINT ( 'NONE',  ( 0.09999893549875019100, 0.4750942994541224600, -1.533229850592285400 ) );
#869=VERTEX_POINT ( 'NONE', #844 );
#870=ADVANCED_FACE ( 'NONE', ( #1517 ), #212, .F. );
#871=EDGE_LOOP ( 'NONE', ( #613, #622, #607, #747 ) );
#872=PRESENTATION_LAYER_ASSIGNMENT (  '', '', ( #928 ) );
#873=VERTEX_POINT ( 'NONE', #737 );
#874=CARTESIAN_POINT ( 'NONE',  ( 1.109389904977533500, 0.4652114143856968500, -1.534618799509154000 ) );
#875=ORIENTED_EDGE ( 'NONE', *, *, #783, .F. );
#876=CARTESIAN_POINT ( 'NONE',  ( 1.098236408953859200, 0.4875453917505875300, -0.07067683669159813300 ) );
#877=VERTEX_POINT ( 'NONE', #219 );
#878=CARTESIAN_POINT ( 'NONE',  ( 1.127707960275815300, 0.4903705517458600800, -1.505635113280357800 ) );
#879=B_SPLINE_CURVE_WITH_KNOTS ( 'NONE', 3,( #489, #629, #749, #1090, #508, #514, #1288, #1294, #852, #271, #260, #971, #868, #199 ),.UNSPECIFIED., .F., .F.,( 4, 2, 2, 2, 2, 2, 4 ),( 0.0000000000000000000, 0.2541903473053648300, 0.3861805373519522400, 0.5181707273985396400, 0.6448489802551293800, 0.7715272331117192200, 1.000000000000000000 ),.UNSPECIFIED. );
#880=CARTESIAN_POINT ( 'NONE',  ( 0.09780143786346190400, 0.5131773405099114800, -0.08894455854147291500 ) );
#881=EDGE_CURVE ( 'NONE', #1298, #1162, #582, .T. );
#882=CARTESIAN_POINT ( 'NONE',  ( 1.129252509916769200, 0.4769830875947453400, -0.08285086157335336300 ) );
#883=CARTESIAN_POINT ( 'NONE',  ( 1.128965043671877900, 0.4873703522333596700, -1.498029562446993500 ) );
#884=AXIS2_PLACEMENT_3D ( 'NONE', #945, #66, #14 );
#885=ADVANCED_FACE ( 'NONE', ( #1297 ), #299, .T. );
#886=CARTESIAN_POINT ( 'NONE',  ( 0.07622313438992124600, 0.4918706516745252600, -0.08725955825624209800 ) );
#887=CARTESIAN_POINT ( 'NONE',  ( 1.132718796268333400, 0.4774782885430403100, -0.09133174956500188200 ) );
#888=EDGE_CURVE ( 'NONE', #1302, #287, #839, .T. );
#889=ORIENTED_EDGE ( 'NONE', *, *, #1496, .T. );
#890=LINE ( 'NONE', #606, #29 );
#891=CARTESIAN_POINT ( 'NONE',  ( 1.133229850592529100, 0.4750942994529854800, -1.500001064497110200 ) );
#892=CARTESIAN_POINT ( 'NONE',  ( 0.09061009513184248300, 0.4652114143706228000, -1.534618799511272600 ) );
#893=ORIENTED_EDGE ( 'NONE', *, *, #501, .F. );
#894=CARTESIAN_POINT ( 'NONE',  ( 1.087635802681463400, 0.5250652817483990600, -0.09785243435344478900 ) );
#895=ADVANCED_FACE ( 'NONE', ( #811 ), #511, .T. );
#896=CARTESIAN_POINT ( 'NONE',  ( 0.06677014940767248000, 0.4750942994539276700, -0.09999893549946556300 ) );
#897=B_SPLINE_SURFACE_WITH_KNOTS ( 'NONE', 3, 3, (( #282, #874, #1543, #152, #650, #1217 ),( #1419, #123, #667, #776, #1222, #891 ),( #305, #1006, #538, #1423, #878, #883 ),( #1527, #532, #654, #555, #132, #140 ),( #285, #1433, #1116, #780, #421, #1210 ),( #541, #1540, #1011, #547, #1322, #785 ),( #898, #1363, #802, #806, #320, #703 ),( #812, #164, #170, #332, #793, #913 ),( #1347, #4, #12, #1228, #175, #1137 ),( #573, #1229, #1150, #459, #692, #1032 ),( #441, #1029, #1444, #326, #313, #924 ),( #1459, #15, #1245, #1452, #580, #1037 ),( #558, #1356, #586, #1140, #698, #1022 ),( #25, #25, #25, #25, #25, #25 ) ),.UNSPECIFIED., .F., .F., .F.,( 4, 2, 2, 2, 2, 2, 4 ),( 4, 2, 4 ),( 0.0000000000000000000, 0.2284727668882712600, 0.3551510197448721800, 0.4818292726014731200, 0.6138194626480457700, 0.7458096526946185200, 1.000000000000000000 ),( 0.0000000000000000000, 0.5000000000000000000, 1.000000000000000000 ),.UNSPECIFIED. );
#898=CARTESIAN_POINT ( 'NONE',  ( 1.083253484627279700, 0.5228660509816501800, -1.504531400446941400 ) );
#899=CARTESIAN_POINT ( 'NONE',  ( 1.071081818285472000, 0.5414809389417658500, -0.1245583222418551500 ) );
#900=B_SPLINE_CURVE_WITH_KNOTS ( 'NONE', 3,( #364, #486, #308, #550, #955, #614, #288, #727, #72, #619, #237, #231, #336, #494 ),.UNSPECIFIED., .F., .F.,( 4, 2, 2, 2, 2, 2, 4 ),( 0.0000000000000000000, 0.2284727668883091100, 0.3551510197449090400, 0.4818292726015089800, 0.6138194626480866200, 0.7458096526946642600, 1.000000000000000000 ),.UNSPECIFIED. );
#901=CARTESIAN_POINT ( 'NONE',  ( 0.1537874749122338200, 0.5500000000000000400, -0.1568832044650398700 ) );
#902=CARTESIAN_POINT ( 'NONE',  ( 0.1167465153727212100, 0.5228660509816514000, -1.504531400446941000 ) );
#903=CARTESIAN_POINT ( 'NONE',  ( 1.090894072551251700, 0.5209644643125290700, -0.09351043201192947600 ) );
#904=B_SPLINE_SURFACE_WITH_KNOTS ( 'NONE', 3, 3, (( #409, #540, #529, #996, #279, #1110 ),( #661, #887, #882, #138, #1426, #1009 ),( #1119, #425, #544, #1406, #758, #13 ),( #210, #1227, #669, #557, #452, #1241 ),( #805, #1031, #455, #1147, #809, #430 ),( #784, #1127, #1236, #1141, #903, #1342 ),( #324, #571, #682, #1139, #894, #161 ),( #911, #1346, #1244, #1547, #1542, #1450 ),( #553, #1136, #1327, #689, #1437, #1431 ),( #345, #437, #330, #899, #8, #1020 ),( #174, #561, #917, #446, #181, #309 ),( #583, #1336, #1321, #674, #1015, #2 ),( #301, #316, #1443, #666, #148, #799 ),( #32, #168, #32, #32, #481, #32 ) ),.UNSPECIFIED., .F., .F., .F.,( 4, 2, 2, 2, 2, 2, 4 ),( 4, 2, 4 ),( 0.0000000000000000000, 0.2284727668882797200, 0.3551510197448700100, 0.4818292726014603000, 0.6138194626480464300, 0.7458096526946325100, 1.000000000000000000 ),( 0.0000000000000000000, 0.5000000000000000000, 1.000000000000000000 ),.UNSPECIFIED. );
#905=PRODUCT_RELATED_PRODUCT_CATEGORY ( 'part', '', ( #1349 ) );
#906=CARTESIAN_POINT ( 'NONE',  ( 0.1100441988521050600, 0.5342570497108393200, -1.473534652093448000 ) );
#907=VECTOR ( 'NONE', #510, 1000.000000000000000 );
#908=VERTEX_POINT ( 'NONE', #233 );
#909=CARTESIAN_POINT ( 'NONE',  ( 1.199999999999994600, 0.0000000000000000000, -1.410000000000000100 ) );
#910=ORIENTED_EDGE ( 'NONE', *, *, #603, .T. );
#911=CARTESIAN_POINT ( 'NONE',  ( 1.094988751262049300, 0.5308321127576396400, -0.1230662433194839600 ) );
#912=VERTEX_POINT ( 'NONE', #207 );
#913=CARTESIAN_POINT ( 'NONE',  ( 1.094988751262045500, 0.5308321127576390900, -1.476933756680515200 ) );
#914=EDGE_CURVE ( 'NONE', #6, #1417, #475, .T. );
#915=VERTEX_POINT ( 'NONE', #1169 );
#916=EDGE_CURVE ( 'NONE', #1237, #593, #1270, .T. );
#917=CARTESIAN_POINT ( 'NONE',  ( 1.070452656618599700, 0.5434921317836184400, -0.1333711487724400800 ) );
#918=VERTEX_POINT ( 'NONE', #364 );
#919=MECHANICAL_DESIGN_GEOMETRIC_PRESENTATION_REPRESENTATION (  '', ( #55 ), #259 );
#920=CARTESIAN_POINT ( 'NONE',  ( 0.08335540315062683900, 0.5088063720853255300, -1.490921050904706600 ) );
#921=CARTESIAN_POINT ( 'NONE',  ( 0.1276896086809671300, 0.5431320821136279600, -0.1353372193320893100 ) );
#922=CARTESIAN_POINT ( 'NONE',  ( 0.1276896086136824200, 0.5431320821157426000, -1.464662780669616900 ) );
#923=DIRECTION ( 'NONE',  ( -0.0000000000000000000, 1.000000000000000000, 0.0000000000000000000 ) );
#924=CARTESIAN_POINT ( 'NONE',  ( 1.074108039431950900, 0.5424119827778990400, -1.462648460974640200 ) );
#925=ITEM_DEFINED_TRANSFORMATION ( 'NONE', 'NONE', #502,  #236 );
#926=CARTESIAN_POINT ( 'NONE',  ( 1.133150133033644000, 0.4756615193578201900, -1.500001118519167100 ) );
#927=CARTESIAN_POINT ( 'NONE',  ( 0.1202704297400082900, 0.5364609542212118700, -0.1148246514052771300 ) );
#928=STYLED_ITEM ( 'NONE', ( #675 ), #1174 );
#929=CIRCLE ( 'NONE', #297, 0.1000000000000000500 );
#930=ORIENTED_EDGE ( 'NONE', *, *, #1348, .F. );
#931=LINE ( 'NONE', #759, #122 );
#932=EDGE_LOOP ( 'NONE', ( #1269, #500, #967 ) );
#933=SURFACE_STYLE_USAGE ( .BOTH. , #1466 );
#934=EDGE_LOOP ( 'NONE', ( #1060, #1084 ) );
#935=CARTESIAN_POINT ( 'NONE',  ( 1.199999999999999700, 0.0000000000000000000, -0.4100000000000000900 ) );
#936=EDGE_CURVE ( 'NONE', #536, #1430, #435, .T. );
#937=ORIENTED_EDGE ( 'NONE', *, *, #632, .T. );
#938=CARTESIAN_POINT ( 'NONE',  ( 1.099999999999999000, 0.0000000000000000000, 0.0000000000000000000 ) );
#939=SURFACE_STYLE_USAGE ( .BOTH. , #854 );
#940=CARTESIAN_POINT ( 'NONE',  ( 1.046227878254736100, 0.5500000000000000400, -1.450635219495511700 ) );
#941=CONTEXT_DEPENDENT_SHAPE_REPRESENTATION ( #1384, #485 );
#942=EDGE_CURVE ( 'NONE', #202, #676, #1549, .T. );
#943=CARTESIAN_POINT ( 'NONE',  ( 0.1052091372729981000, 0.5307550991691645200, -1.476767455793486000 ) );
#944=FACE_OUTER_BOUND ( 'NONE', #823, .T. );
#945=CARTESIAN_POINT ( 'NONE',  ( -0.3864257737476569100, 0.3789008000700718700, 2.057113306679769300 ) );
#946=ORIENTED_EDGE ( 'NONE', *, *, #469, .F. );
#947=FACE_OUTER_BOUND ( 'NONE', #1076, .T. );
#948=VERTEX_POINT ( 'NONE', #392 );
#949=LINE ( 'NONE', #216, #196 );
#950=VERTEX_POINT ( 'NONE', #396 );
#951=CARTESIAN_POINT ( 'NONE',  ( 1.183135099835712600, 0.1200000000000000000, -0.9100000000000001400 ) );
#952=PLANE ( 'NONE',  #247 );
#953=ORIENTED_EDGE ( 'NONE', *, *, #914, .F. );
#954=MECHANICAL_DESIGN_GEOMETRIC_PRESENTATION_REPRESENTATION (  '', ( #928 ), #1194 );
#955=CARTESIAN_POINT ( 'NONE',  ( 0.1090789490952794000, 0.5088063720853340800, -0.08335540315063270900 ) );
#956=PRESENTATION_LAYER_ASSIGNMENT (  '', '', ( #20 ) );
#957=( REPRESENTATION_RELATIONSHIP ('NONE','NONE', #1392, #190 ) REPRESENTATION_RELATIONSHIP_WITH_TRANSFORMATION ( #1514 )SHAPE_REPRESENTATION_RELATIONSHIP( ) );
#958=LINE ( 'NONE', #41, #29 );
#959=ORIENTED_EDGE ( 'NONE', *, *, #505, .F. );
#960=ADVANCED_FACE ( 'NONE', ( #490 ), #627, .F. );
#961=FACE_OUTER_BOUND ( 'NONE', #436, .T. );
#962=MECHANICAL_DESIGN_GEOMETRIC_PRESENTATION_REPRESENTATION (  '', ( #1068 ), #1117 );
#963=VERTEX_POINT ( 'NONE', #1354 );
#964=LINE ( 'NONE', #606, #82 );
#965=VERTEX_POINT ( 'NONE', #762 );
#966=PLANE ( 'NONE',  #506 );
#967=ORIENTED_EDGE ( 'NONE', *, *, #881, .F. );
#968=PLANE ( 'NONE',  #774 );
#969=EDGE_CURVE ( 'NONE', #1260, #1539, #1159, .T. );
#970=ORIENTED_EDGE ( 'NONE', *, *, #600, .T. );
#971=CARTESIAN_POINT ( 'NONE',  ( 0.1019704375493751400, 0.4873703522347912500, -1.528965043671278100 ) );
#972=EDGE_CURVE ( 'NONE', #873, #869, #435, .T. );
#973=B_SPLINE_CURVE_WITH_KNOTS ( 'NONE', 3,( #494, #1510, #246, #862, #1515, #1085, #395, #519, #631, #262, #292, #1111, #896, #379 ),.UNSPECIFIED., .F., .F.,( 4, 2, 2, 2, 2, 2, 4 ),( 0.0000000000000000000, 0.2541903473053357400, 0.3861805373519133800, 0.5181707273984910200, 0.6448489802550909600, 0.7715272331116909100, 1.000000000000000000 ),.UNSPECIFIED. );
#974=CARTESIAN_POINT ( 'NONE',  ( 0.1445841990330267200, 0.5484492961495945900, -1.453350021772359800 ) );
#975=CARTESIAN_POINT ( 'NONE',  ( -1.657649242907119400E-015, -0.0000000000000000000, -0.1900000000000000600 ) );
#976=PLANE ( 'NONE',  #819 );
#977=ITEM_DEFINED_TRANSFORMATION ( 'NONE', 'NONE', #884,  #236 );
#978=FACE_OUTER_BOUND ( 'NONE', #767, .T. );
#979=ORIENTED_EDGE ( 'NONE', *, *, #1144, .F. );
#980=LINE ( 'NONE', #333, #122 );
#981=ORIENTED_EDGE ( 'NONE', *, *, #609, .F. );
#982=LINE ( 'NONE', #333, #29 );
#983=PRESENTATION_LAYER_ASSIGNMENT (  '', '', ( #55 ) );
#984=ORIENTED_EDGE ( 'NONE', *, *, #1001, .F. );
#985=ORIENTED_EDGE ( 'NONE', *, *, #1520, .T. );
#986=ADVANCED_FACE ( 'NONE', ( #54 ), #968, .F. );
#987=ORIENTED_EDGE ( 'NONE', *, *, #1049, .F. );
#988=CARTESIAN_POINT ( 'NONE',  ( 1.134447737253460900, 0.4664285855804951600, -1.518221590299651200 ) );
#989=EDGE_CURVE ( 'NONE', #1086, #1276, #401, .T. );
#990=EDGE_CURVE ( 'NONE', #950, #1143, #495, .T. );
#991=CARTESIAN_POINT ( 'NONE',  ( 0.04999999999999834400, 0.0000000000000000000, -0.1900000000000000600 ) );
#992=PRESENTATION_LAYER_ASSIGNMENT (  '', '', ( #1068 ) );
#993=ADVANCED_FACE ( 'NONE', ( #569 ), #1397, .F. );
#994=PLANE ( 'NONE',  #1427 );
#995=CARTESIAN_POINT ( 'NONE',  ( 0.07103495632812371900, 0.4873703522333643300, -0.1019704375529951300 ) );
#996=CARTESIAN_POINT ( 'NONE',  ( 1.117999136121179400, 0.4658584665154680300, -0.06938641650151505800 ) );
#997=LINE ( 'NONE', #92, #182 );
#998=PLANE ( 'NONE',  #1278 );
#999=EDGE_CURVE ( 'NONE', #536, #1026, #980, .T. );
#1000=CARTESIAN_POINT ( 'NONE',  ( 0.05000000000000533200, 0.0000000000000000000, -1.190000000000000200 ) );
#1001=EDGE_CURVE ( 'NONE', #323, #912, #361, .T. );
#1002=EDGE_LOOP ( 'NONE', ( #160, #201, #615, #1185 ) );
#1003=B_SPLINE_CURVE_WITH_KNOTS ( 'NONE', 3,( #96, #926, #461, #1367, #184, #341, #194, #1246, #1155, #1253, #704, #25 ),.UNSPECIFIED., .F., .F.,( 4, 2, 2, 2, 2, 4 ),( 0.0000000000000000000, 0.2500000000000042700, 0.3750000000000082700, 0.4375000000000095500, 0.5000000000000108800, 1.000000000000000000 ),.UNSPECIFIED. );
#1004=( GEOMETRIC_REPRESENTATION_CONTEXT ( 3 ) GLOBAL_UNCERTAINTY_ASSIGNED_CONTEXT ( ( #87 ) ) GLOBAL_UNIT_ASSIGNED_CONTEXT ( ( #33, #84, #58 ) ) REPRESENTATION_CONTEXT ( 'NONE', 'WORKASPACE' ) );
#1005=LINE ( 'NONE', #250, #29 );
#1006=CARTESIAN_POINT ( 'NONE',  ( 1.105635113728089800, 0.4903705520905091200, -1.527707959986339700 ) );
#1007=VERTEX_POINT ( 'NONE', #340 );
#1008=VERTEX_POINT ( 'NONE', #191 );
#1009=CARTESIAN_POINT ( 'NONE',  ( 1.100001064497109900, 0.4750942994529864200, -0.06677014940747076600 ) );
#1010=CARTESIAN_POINT ( 'NONE',  ( 0.1537874749122305500, 0.5500000000000000400, -1.443116795534956900 ) );
#1011=CARTESIAN_POINT ( 'NONE',  ( 1.095425440988014900, 0.5222025492577788700, -1.503223190920578900 ) );
#1012=ADVANCED_FACE ( 'NONE', ( #1069 ), #1166, .T. );
#1013=CARTESIAN_POINT ( 'NONE',  ( 0.06519932599378111500, 0.4639173100960066200, -0.1000000000000002600 ) );
#1014=EDGE_CURVE ( 'NONE', #918, #1417, #1234, .T. );
#1015=CARTESIAN_POINT ( 'NONE',  ( 1.052334153514797200, 0.5483337186186739700, -0.1435342877812849400 ) );
#1016=( GEOMETRIC_REPRESENTATION_CONTEXT ( 3 ) GLOBAL_UNCERTAINTY_ASSIGNED_CONTEXT ( ( #87 ) ) GLOBAL_UNIT_ASSIGNED_CONTEXT ( ( #33, #84, #58 ) ) REPRESENTATION_CONTEXT ( 'NONE', 'WORKASPACE' ) );
#1017=CARTESIAN_POINT ( 'NONE',  ( 0.09117481240901925700, 0.5184882929911006600, -1.486028468864515600 ) );
#1018=CARTESIAN_POINT ( 'NONE',  ( 0.09133174956500200700, 0.4774782885430498600, -0.06728120373168051900 ) );
#1019=LINE ( 'NONE', #46, #29 );
#1020=CARTESIAN_POINT ( 'NONE',  ( 1.066392004240503300, 0.5400469847209706800, -0.1204845547671532800 ) );
#1021=ORIENTED_EDGE ( 'NONE', *, *, #337, .F. );
#1022=CARTESIAN_POINT ( 'NONE',  ( 1.046212525087763200, 0.5500000000000000400, -1.443116795534970200 ) );
#1023=ORIENTED_EDGE ( 'NONE', *, *, #794, .F. );
#1024=EDGE_CURVE ( 'NONE', #1295, #1370, #1003, .T. );
#1025=CARTESIAN_POINT ( 'NONE',  ( 0.1100441988521157300, 0.5342570497108464200, -0.1264653479065422400 ) );
#1026=VERTEX_POINT ( 'NONE', #333 );
#1027=PRODUCT_DEFINITION_SHAPE ( 'NONE', 'NONE',  #1553 );
#1028=ORIENTED_EDGE ( 'NONE', *, *, #449, .F. );
#1029=CARTESIAN_POINT ( 'NONE',  ( 1.064662780669680000, 0.5431320821157590300, -1.472310391386324000 ) );
#1030=ORIENTED_EDGE ( 'NONE', *, *, #556, .T. );
#1031=CARTESIAN_POINT ( 'NONE',  ( 1.114535821554960600, 0.5117203509793525300, -0.1031779366114899300 ) );
#1032=CARTESIAN_POINT ( 'NONE',  ( 1.079515445232843500, 0.5400469847209694600, -1.466392004240509600 ) );
#1033=CARTESIAN_POINT ( 'NONE',  ( 0.1019704375530070800, 0.4873703522333584500, -1.528965043671878000 ) );
#1034=CARTESIAN_POINT ( 'NONE',  ( 0.1558897678104859400, 0.5500000000000000400, -0.1548476197688372600 ) );
#1035=( GEOMETRIC_REPRESENTATION_CONTEXT ( 3 ) GLOBAL_UNCERTAINTY_ASSIGNED_CONTEXT ( ( #87 ) ) GLOBAL_UNIT_ASSIGNED_CONTEXT ( ( #33, #84, #58 ) ) REPRESENTATION_CONTEXT ( 'NONE', 'WORKASPACE' ) );
#1036=PLANE ( 'NONE',  #1415 );
#1037=CARTESIAN_POINT ( 'NONE',  ( 1.057670100982462500, 0.5481025635590715000, -1.451197850475623600 ) );
#1038=CARTESIAN_POINT ( 'NONE',  ( 0.09785243326624813700, 0.5250652807736141400, -1.487635800693153400 ) );
#1039=LINE ( 'NONE', #564, #82 );
#1040=CARTESIAN_POINT ( 'NONE',  ( 0.1466499782277163000, 0.5484492961495660600, -0.1445841990330254100 ) );
#1041=ORIENTED_EDGE ( 'NONE', *, *, #688, .F. );
#1042=FACE_OUTER_BOUND ( 'NONE', #419, .T. );
#1043=ORIENTED_EDGE ( 'NONE', *, *, #663, .T. );
#1044=EDGE_CURVE ( 'NONE', #1165, #6, #728, .T. );
#1045=ORIENTED_EDGE ( 'NONE', *, *, #368, .F. );
#1046=ORIENTED_EDGE ( 'NONE', *, *, #1360, .F. );
#1047=STYLED_ITEM ( 'NONE', ( #48 ), #1324 );
#1048=EDGE_LOOP ( 'NONE', ( #639, #230, #420, #1488 ) );
#1049=EDGE_CURVE ( 'NONE', #1298, #545, #458, .T. );
#1050=EDGE_CURVE ( 'NONE', #1162, #853, #1303, .T. );
#1051=PLANE ( 'NONE',  #1280 );
#1052=LINE ( 'NONE', #503, #416 );
#1053=VERTEX_POINT ( 'NONE', #41 );
#1054=ORIENTED_EDGE ( 'NONE', *, *, #632, .F. );
#1055=ORIENTED_EDGE ( 'NONE', *, *, #1376, .T. );
#1056=CARTESIAN_POINT ( 'NONE',  ( 1.065802519472489400, 0.5403562556492681500, -1.478981265054358600 ) );
#1057=ORIENTED_EDGE ( 'NONE', *, *, #990, .T. );
#1058=ORIENTED_EDGE ( 'NONE', *, *, #630, .F. );
#1059=B_SPLINE_CURVE_WITH_KNOTS ( 'NONE', 3,( #25, #940, #209, #1056, #696, #1465, #1393, #1175, #1387, #1378, #241, #216 ),.UNSPECIFIED., .F., .F.,( 4, 2, 2, 2, 2, 4 ),( 0.0000000000000000000, 0.2499999999999998900, 0.3750000000000001700, 0.4374999999999997800, 0.4999999999999993300, 1.000000000000000000 ),.UNSPECIFIED. );
#1060=ORIENTED_EDGE ( 'NONE', *, *, #1377, .T. );
#1061=EDGE_LOOP ( 'NONE', ( #399, #1124, #625, #959 ) );
#1062=EDGE_CURVE ( 'NONE', #1430, #1086, #678, .T. );
#1063=AXIS2_PLACEMENT_3D ( 'NONE', #73, #66, #243 );
#1064=SHAPE_REPRESENTATION_RELATIONSHIP ( 'NONE' , 'NONE' ,  #579, #289 );
#1065=( REPRESENTATION_RELATIONSHIP ('NONE','NONE', #1392, #190 ) REPRESENTATION_RELATIONSHIP_WITH_TRANSFORMATION ( #217 )SHAPE_REPRESENTATION_RELATIONSHIP( ) );
#1066=PRODUCT_DEFINITION_SHAPE ( 'NONE', 'NONE',  #1552 );
#1067=FACE_OUTER_BOUND ( 'NONE', #56, .T. );
#1068=STYLED_ITEM ( 'NONE', ( #48 ), #1394 );
#1069=FACE_OUTER_BOUND ( 'NONE', #664, .T. );
#1070=VERTEX_POINT ( 'NONE', #599 );
#1071=CARTESIAN_POINT ( 'NONE',  ( 1.199999999999999700, 0.0000000000000000000, -0.6900000000000000600 ) );
#1072=EDGE_CURVE ( 'NONE', #1469, #1092, #495, .T. );
#1073=ORIENTED_EDGE ( 'NONE', *, *, #688, .T. );
#1074=PLANE ( 'NONE',  #1355 );
#1075=EDGE_CURVE ( 'NONE', #853, #323, #857, .T. );
#1076=EDGE_LOOP ( 'NONE', ( #1158, #1239, #460, #1416 ) );
#1077=ORIENTED_EDGE ( 'NONE', *, *, #412, .F. );
#1078=CARTESIAN_POINT ( 'NONE',  ( 0.05000000000000009300, 0.0000000000000000000, -0.9100000000000001400 ) );
#1079=DIRECTION ( 'NONE',  ( 1.000000000000000000, -0.0000000000000000000, 0.0000000000000000000 ) );
#1080=LINE ( 'NONE', #1500, #101 );
#1081=ORIENTED_EDGE ( 'NONE', *, *, #366, .F. );
#1082=LINE ( 'NONE', #1273, #122 );
#1083=ORIENTED_EDGE ( 'NONE', *, *, #888, .T. );
#1084=ORIENTED_EDGE ( 'NONE', *, *, #141, .T. );
#1085=CARTESIAN_POINT ( 'NONE',  ( 0.1100441988530196800, 0.5342570497114257400, -0.1264653479052665600 ) );
#1086=VERTEX_POINT ( 'NONE', #47 );
#1087=DIRECTION ( 'NONE',  ( -9.053506704746858900E-016, -0.9902680687415703600, 0.1391731009600657700 ) );
#1088=PRODUCT_DEFINITION_SHAPE ( 'NONE', 'NONE',  #1550 );
#1089=ORIENTED_EDGE ( 'NONE', *, *, #1191, .T. );
#1090=CARTESIAN_POINT ( 'NONE',  ( 0.1373515390244066700, 0.5424119827782416500, -1.474108039431096600 ) );
#1091=EDGE_CURVE ( 'NONE', #1162, #912, #251, .T. );
#1092=VERTEX_POINT ( 'NONE', #720 );
#1093=CARTESIAN_POINT ( 'NONE',  ( 8.809142651444723500E-017, 0.0000000000000000000, -0.6900000000000000600 ) );
#1094=LINE ( 'NONE', #92, #29 );
#1095=ADVANCED_FACE ( 'NONE', ( #1310 ), #966, .F. );
#1096=CARTESIAN_POINT ( 'NONE',  ( 0.1373515390253686200, 0.5424119827778978200, -1.474108039431955200 ) );
#1097=LINE ( 'NONE', #143, #248 );
#1098=ORIENTED_EDGE ( 'NONE', *, *, #1492, .T. );
#1099=ADVANCED_FACE ( 'NONE', ( #51 ), #1289, .F. );
#1100=AXIS2_PLACEMENT_3D ( 'NONE', #228, #391, #91 );
#1101=LINE ( 'NONE', #1071, #200 );
#1102=ORIENTED_EDGE ( 'NONE', *, *, #1395, .T. );
#1103=FACE_OUTER_BOUND ( 'NONE', #476, .T. );
#1104=CARTESIAN_POINT ( 'NONE',  ( 1.099999999999999000, 0.0000000000000000000, -1.600000000000000100 ) );
#1105=ORIENTED_EDGE ( 'NONE', *, *, #1062, .T. );
#1106=CARTESIAN_POINT ( 'NONE',  ( 0.06728120373174778500, 0.4774782885431716500, -1.508668250434816600 ) );
#1107=CARTESIAN_POINT ( 'NONE',  ( 1.079789641539321600, 0.5272532555427645900, -0.1007012778588329800 ) );
#1108=ORIENTED_EDGE ( 'NONE', *, *, #34, .F. );
#1109=VERTEX_POINT ( 'NONE', #975 );
#1110=CARTESIAN_POINT ( 'NONE',  ( 1.099999999999999400, 0.4639173100960067300, -0.06519932599378108800 ) );
#1111=CARTESIAN_POINT ( 'NONE',  ( 0.07103495632861925300, 0.4873703522345469400, -0.1019704375499972100 ) );
#1112=ORIENTED_EDGE ( 'NONE', *, *, #1191, .F. );
#1113=CARTESIAN_POINT ( 'NONE',  ( 0.06938641650151516900, 0.4658584665154679700, -0.08200086387882023200 ) );
#1114=MECHANICAL_DESIGN_GEOMETRIC_PRESENTATION_REPRESENTATION (  '', ( #20 ), #1255 );
#1115=CARTESIAN_POINT ( 'NONE',  ( 0.1543154277848005100, 0.5500000000000000400, -1.443600276243837800 ) );
#1116=CARTESIAN_POINT ( 'NONE',  ( 1.102198562136548700, 0.5131773405099803200, -1.511055441458516900 ) );
#1117=( GEOMETRIC_REPRESENTATION_CONTEXT ( 3 ) GLOBAL_UNCERTAINTY_ASSIGNED_CONTEXT ( ( #87 ) ) GLOBAL_UNIT_ASSIGNED_CONTEXT ( ( #33, #84, #58 ) ) REPRESENTATION_CONTEXT ( 'NONE', 'WORKASPACE' ) );
#1118=CARTESIAN_POINT ( 'NONE',  ( 0.1123641993068759500, 0.5250652807735514100, -0.09785243326623652100 ) );
#1119=CARTESIAN_POINT ( 'NONE',  ( 1.128965043671878800, 0.4873703522333597800, -0.1019704375530069800 ) );
#1120=ADVANCED_FACE ( 'NONE', ( #149 ), #256, .F. );
#1121=FACE_OUTER_BOUND ( 'NONE', #871, .T. );
#1122=CARTESIAN_POINT ( 'NONE',  ( 0.06677014940747054400, 0.4750942994529847000, -1.500001064497109800 ) );
#1123=FACE_OUTER_BOUND ( 'NONE', #1242, .T. );
#1124=ORIENTED_EDGE ( 'NONE', *, *, #1360, .T. );
#1125=CARTESIAN_POINT ( 'NONE',  ( 0.08285086160908572400, 0.4769830875950502000, -0.07074749004749873700 ) );
#1126=VERTEX_POINT ( 'NONE', #1509 );
#1127=CARTESIAN_POINT ( 'NONE',  ( 1.106489568758861200, 0.5209644635971045800, -0.1091059288921705600 ) );
#1128=FILL_AREA_STYLE_COLOUR ( '', #229 );
#1129=FACE_OUTER_BOUND ( 'NONE', #520, .T. );
#1130=ORIENTED_EDGE ( 'NONE', *, *, #1072, .T. );
#1131=ORIENTED_EDGE ( 'NONE', *, *, #1182, .T. );
#1132=CARTESIAN_POINT ( 'NONE',  ( 0.1082366352201943600, 0.5261648966443609500, -1.499019244724588000 ) );
#1133=CARTESIAN_POINT ( 'NONE',  ( 0.08171473644431927200, 0.5065720434484105600, -0.1004308390616638300 ) );
#1134=ORIENTED_EDGE ( 'NONE', *, *, #1284, .T. );
#1135=ORIENTED_EDGE ( 'NONE', *, *, #530, .T. );
#1136=CARTESIAN_POINT ( 'NONE',  ( 1.087662492201699300, 0.5357263191620694800, -0.1232290620000837100 ) );
#1137=CARTESIAN_POINT ( 'NONE',  ( 1.089955801147890900, 0.5342570497108394300, -1.473534652093447100 ) );
#1138=CARTESIAN_POINT ( 'NONE',  ( 0.1100645868271221000, 0.5335113430896640800, -1.483969552199625700 ) );
#1139=CARTESIAN_POINT ( 'NONE',  ( 1.091763364779796400, 0.5261648966443532900, -0.1009807552754498600 ) );
#1140=CARTESIAN_POINT ( 'NONE',  ( 1.045152380168912000, 0.5500000000000000400, -1.444110232295272100 ) );
#1141=CARTESIAN_POINT ( 'NONE',  ( 1.095425442816807500, 0.5222025496155310300, -0.09677681057188854100 ) );
#1142=EDGE_LOOP ( 'NONE', ( #1368, #517, #893, #189 ) );
#1143=VERTEX_POINT ( 'NONE', #744 );
#1144=EDGE_CURVE ( 'NONE', #840, #725, #1052, .T. );
#1145=CARTESIAN_POINT ( 'NONE',  ( 0.07622313490310286800, 0.4918706518464885900, -1.512740442336353100 ) );
#1146=ORIENTED_EDGE ( 'NONE', *, *, #1268, .F. );
#1147=CARTESIAN_POINT ( 'NONE',  ( 1.102198562523187200, 0.5131773405934922900, -0.08894455887119497000 ) );
#1148=MECHANICAL_DESIGN_GEOMETRIC_PRESENTATION_REPRESENTATION (  '', ( #442 ), #655 );
#1149=EDGE_LOOP ( 'NONE', ( #444, #1135, #685, #657 ) );
#1150=CARTESIAN_POINT ( 'NONE',  ( 1.071081817620372500, 0.5414809388381018900, -1.475441678414737700 ) );
#1151=ORIENTED_EDGE ( 'NONE', *, *, #1398, .T. );
#1152=CARTESIAN_POINT ( 'NONE',  ( 0.1091059274487338700, 0.5209644643125068700, -1.506489567988071700 ) );
#1153=CARTESIAN_POINT ( 'NONE',  ( 1.199999999999994600, 0.0000000000000000000, -1.190000000000000200 ) );
#1154=EDGE_CURVE ( 'NONE', #725, #915, #1408, .T. );
#1155=CARTESIAN_POINT ( 'NONE',  ( 1.099298722141162800, 0.5272532555427675800, -1.479789641539310800 ) );
#1156=PLANE ( 'NONE',  #1372 );
#1157=DIRECTION ( 'NONE',  ( 0.0000000000000000000, 1.000000000000000000, -0.0000000000000000000 ) );
#1158=ORIENTED_EDGE ( 'NONE', *, *, #171, .F. );
#1159=LINE ( 'NONE', #643, #182 );
#1160=ORIENTED_EDGE ( 'NONE', *, *, #524, .T. );
#1161=LINE ( 'NONE', #98, #82 );
#1162=VERTEX_POINT ( 'NONE', #479 );
#1163=PRESENTATION_LAYER_ASSIGNMENT (  '', '', ( #64 ) );
#1164=ORIENTED_EDGE ( 'NONE', *, *, #1168, .F. );
#1165=VERTEX_POINT ( 'NONE', #379 );
#1166=PLANE ( 'NONE',  #1385 );
#1167=EDGE_CURVE ( 'NONE', #88, #287, #782, .T. );
#1168=EDGE_CURVE ( 'NONE', #1165, #1162, #1231, .T. );
#1169=CARTESIAN_POINT ( 'NONE',  ( 0.2999999999999999900, 0.5500000000000000400, -1.200000000000000000 ) );
#1170=ORIENTED_EDGE ( 'NONE', *, *, #677, .F. );
#1171=EDGE_CURVE ( 'NONE', #1070, #536, #472, .T. );
#1172=ORIENTED_EDGE ( 'NONE', *, *, #794, .T. );
#1173=LINE ( 'NONE', #606, #182 );
#1174=MANIFOLD_SOLID_BREP ( 'Cut-Extrude2', #535 );
#1175=CARTESIAN_POINT ( 'NONE',  ( 1.076767455793985900, 0.5307550991687294300, -1.494790862727586500 ) );
#1176=ORIENTED_EDGE ( 'NONE', *, *, #314, .T. );
#1177=ORIENTED_EDGE ( 'NONE', *, *, #1075, .T. );
#1178=ORIENTED_EDGE ( 'NONE', *, *, #864, .F. );
#1179=FACE_BOUND ( 'NONE', #183, .T. );
#1180=LINE ( 'NONE', #228, #182 );
#1181=B_SPLINE_CURVE_WITH_KNOTS ( 'NONE', 3,( #648, #1315, #876, #277, #1205, #647, #1320, #781, #1107, #534, #1312, #616 ),.UNSPECIFIED., .F., .F.,( 4, 2, 2, 2, 2, 4 ),( 0.0000000000000000000, 0.2499999999999970000, 0.3749999999999955000, 0.4374999999999961100, 0.4999999999999967800, 1.000000000000000000 ),.UNSPECIFIED. );
#1182=EDGE_CURVE ( 'NONE', #676, #963, #649, .T. );
#1183=DIRECTION ( 'NONE',  ( -4.928191693115928800E-016, 0.0000000000000000000, -1.000000000000000000 ) );
#1184=CARTESIAN_POINT ( 'NONE',  ( -1.745740669421566700E-015, -0.0000000000000000000, -0.4100000000000000900 ) );
#1185=ORIENTED_EDGE ( 'NONE', *, *, #1062, .F. );
#1186=FACE_OUTER_BOUND ( 'NONE', #1458, .T. );
#1187=CARTESIAN_POINT ( 'NONE',  ( 0.1435342879258703900, 0.5483337186197901900, -1.452334153527541800 ) );
#1188=EDGE_CURVE ( 'NONE', #1053, #908, #958, .T. );
#1189=VERTEX_POINT ( 'NONE', #1093 );
#1190=ORIENTED_EDGE ( 'NONE', *, *, #1398, .F. );
#1191=EDGE_CURVE ( 'NONE', #1469, #1189, #1080, .T. );
#1192=CONTEXT_DEPENDENT_SHAPE_REPRESENTATION ( #370, #1066 );
#1193=ADVANCED_FACE ( 'NONE', ( #1208 ), #239, .F. );
#1194=( GEOMETRIC_REPRESENTATION_CONTEXT ( 3 ) GLOBAL_UNCERTAINTY_ASSIGNED_CONTEXT ( ( #87 ) ) GLOBAL_UNIT_ASSIGNED_CONTEXT ( ( #33, #84, #58 ) ) REPRESENTATION_CONTEXT ( 'NONE', 'WORKASPACE' ) );
#1195=ORIENTED_EDGE ( 'NONE', *, *, #501, .T. );
#1196=EDGE_LOOP ( 'NONE', ( #483, #970, #554, #709 ) );
#1197=LINE ( 'NONE', #46, #248 );
#1198=EDGE_LOOP ( 'NONE', ( #985, #800, #464, #1041 ) );
#1199=ORIENTED_EDGE ( 'NONE', *, *, #1171, .F. );
#1200=ADVANCED_FACE ( 'NONE', ( #1123 ), #537, .T. );
#1201=EDGE_CURVE ( 'NONE', #1126, #1523, #1495, .T. );
#1202=ORIENTED_EDGE ( 'NONE', *, *, #1024, .F. );
#1203=PRODUCT_DEFINITION ( 'UNKNOWN', '', #756, #112 );
#1204=CARTESIAN_POINT ( 'NONE',  ( 0.08285086171160126200, 0.4769830875873413100, -1.529252510000715900 ) );
#1205=CARTESIAN_POINT ( 'NONE',  ( 1.090733876633177100, 0.5095254425465033400, -0.08360545639714514500 ) );
#1206=CARTESIAN_POINT ( 'NONE',  ( 0.01686490016428701000, 0.1200000000000000000, -1.410000000000000100 ) );
#1207=EDGE_CURVE ( 'NONE', #729, #948, #457, .T. );
#1208=FACE_OUTER_BOUND ( 'NONE', #1271, .T. );
#1209=ORIENTED_EDGE ( 'NONE', *, *, #609, .T. );
#1210=CARTESIAN_POINT ( 'NONE',  ( 1.116644596849373000, 0.5088063720853259800, -1.490921050904707900 ) );
#1211=ORIENTED_EDGE ( 'NONE', *, *, #592, .F. );
#1212=CARTESIAN_POINT ( 'NONE',  ( 0.09459042372907607000, 0.5081069607140974400, -0.08523237290574253700 ) );
#1213=FACE_OUTER_BOUND ( 'NONE', #858, .T. );
#1214=EDGE_LOOP ( 'NONE', ( #549, #413, #1151, #1538 ) );
#1215=ORIENTED_EDGE ( 'NONE', *, *, #1154, .T. );
#1216=CARTESIAN_POINT ( 'NONE',  ( 0.1568832044650428600, 0.5500000000000000400, -1.446212525087767800 ) );
#1217=CARTESIAN_POINT ( 'NONE',  ( 1.134800674006218400, 0.4639173100960067300, -1.499999999999999800 ) );
#1218=CARTESIAN_POINT ( 'NONE',  ( 0.06677014940747103000, 0.4750942994529879800, -0.09999893550288196900 ) );
#1219=AXIS2_PLACEMENT_3D ( 'NONE', #456, #11, #14 );
#1220=VECTOR ( 'NONE', #1251, 999.9999999999998900 );
#1221=ADVANCED_FACE ( 'NONE', ( #1067 ), #299, .T. );
#1222=CARTESIAN_POINT ( 'NONE',  ( 1.132718796282071100, 0.4774782884364766600, -1.508668250228406100 ) );
#1223=AXIS2_PLACEMENT_3D ( 'NONE', #523, #11, #243 );
#1224=CARTESIAN_POINT ( 'NONE',  ( 0.08546417844506402900, 0.5117203509792391800, -1.496822063388510500 ) );
#1225=CARTESIAN_POINT ( 'NONE',  ( 0.1100645891725795800, 0.5335113436012046700, -0.1160304450734369200 ) );
#1226=CONTEXT_DEPENDENT_SHAPE_REPRESENTATION ( #70, #1418 );
#1227=CARTESIAN_POINT ( 'NONE',  ( 1.118285263542937000, 0.5065720435749316900, -0.1004308385890669100 ) );
#1228=CARTESIAN_POINT ( 'NONE',  ( 1.085175346830459500, 0.5364609545546515900, -1.479729572197312000 ) );
#1229=CARTESIAN_POINT ( 'NONE',  ( 1.068799213233960100, 0.5410029540632960200, -1.477518933941544000 ) );
#1230=CARTESIAN_POINT ( 'NONE',  ( 0.1160304450734465400, 0.5335113436011698100, -1.489935410827399000 ) );
#1231=LINE ( 'NONE', #479, #907 );
#1232=ORIENTED_EDGE ( 'NONE', *, *, #1001, .T. );
#1233=( GEOMETRIC_REPRESENTATION_CONTEXT ( 3 ) GLOBAL_UNCERTAINTY_ASSIGNED_CONTEXT ( ( #87 ) ) GLOBAL_UNIT_ASSIGNED_CONTEXT ( ( #33, #84, #58 ) ) REPRESENTATION_CONTEXT ( 'NONE', 'WORKASPACE' ) );
#1234=LINE ( 'NONE', #81, #77 );
#1235=ORIENTED_EDGE ( 'NONE', *, *, #1268, .T. );
#1236=CARTESIAN_POINT ( 'NONE',  ( 1.103223190920612100, 0.5222025492578187300, -0.1045745590120090600 ) );
#1237=VERTEX_POINT ( 'NONE', #648 );
#1238=CARTESIAN_POINT ( 'NONE',  ( 1.035773867132061500, 0.4500000000000000700, -0.1000000000000000200 ) );
#1239=ORIENTED_EDGE ( 'NONE', *, *, #592, .T. );
#1240=EDGE_CURVE ( 'NONE', #1276, #965, #245, .T. );
#1241=CARTESIAN_POINT ( 'NONE',  ( 1.093038648707665800, 0.5035022091701015800, -0.07982978103627287600 ) );
#1242=EDGE_LOOP ( 'NONE', ( #1108, #512, #1077, #1170 ) );
#1243=CARTESIAN_POINT ( 'NONE',  ( 0.1563997237561296200, 0.5500000000000000400, -0.1543154277848412200 ) );
#1244=CARTESIAN_POINT ( 'NONE',  ( 1.089935413172864900, 0.5335113430897108200, -0.1160304478003158200 ) );
#1245=CARTESIAN_POINT ( 'NONE',  ( 1.053350021772248700, 0.5484492961495596200, -1.455415800967014400 ) );
#1246=CARTESIAN_POINT ( 'NONE',  ( 1.103013911041513400, 0.5240936153659812000, -1.482237506755394100 ) );
#1247=CARTESIAN_POINT ( 'NONE',  ( 0.1232290605932213900, 0.5357263198290456200, -1.487662491140841800 ) );
#1248=SHAPE_REPRESENTATION_RELATIONSHIP ( 'NONE' , 'NONE' ,  #190, #16 );
#1249=CARTESIAN_POINT ( 'NONE',  ( 0.1333711487405888100, 0.5434921317825395200, -1.470452656552212500 ) );
#1250=VECTOR ( 'NONE', #1422, 999.9999999999998900 );
#1251=DIRECTION ( 'NONE',  ( 0.1391731009600657400, -0.9902680687415703600, 9.053506704746857000E-016 ) );
#1252=ORIENTED_EDGE ( 'NONE', *, *, #118, .F. );
#1253=CARTESIAN_POINT ( 'NONE',  ( 1.086148098238317800, 0.5376623600925544100, -1.471033834597292600 ) );
#1254=CARTESIAN_POINT ( 'NONE',  ( 0.7635742262523468300, 0.3789008000700718700, 1.367113306679769400 ) );
#1255=( GEOMETRIC_REPRESENTATION_CONTEXT ( 3 ) GLOBAL_UNCERTAINTY_ASSIGNED_CONTEXT ( ( #87 ) ) GLOBAL_UNIT_ASSIGNED_CONTEXT ( ( #33, #84, #58 ) ) REPRESENTATION_CONTEXT ( 'NONE', 'WORKASPACE' ) );
#1256=LINE ( 'NONE', #487, #29 );
#1257=ORIENTED_EDGE ( 'NONE', *, *, #1171, .T. );
#1258=LINE ( 'NONE', #46, #196 );
#1259=ORIENTED_EDGE ( 'NONE', *, *, #1348, .T. );
#1260=VERTEX_POINT ( 'NONE', #643 );
#1261=ORIENTED_EDGE ( 'NONE', *, *, #242, .T. );
#1262=EDGE_CURVE ( 'NONE', #593, #402, #1396, .T. );
#1263=CARTESIAN_POINT ( 'NONE',  ( 0.7635742262523375100, 0.3789008000700718700, 0.8671133066797692700 ) );
#1264=CARTESIAN_POINT ( 'NONE',  ( 0.05000000000000009300, 0.0000000000000000000, -0.6900000000000000600 ) );
#1265=SHAPE_DEFINITION_REPRESENTATION ( #716, #1392 );
#1266=DIRECTION ( 'NONE',  ( -0.1391731009600657400, -0.9902680687415703600, -0.0000000000000000000 ) );
#1267=FACE_OUTER_BOUND ( 'NONE', #1198, .T. );
#1268=EDGE_CURVE ( 'NONE', #671, #88, #1326, .T. );
#1269=ORIENTED_EDGE ( 'NONE', *, *, #1445, .T. );
#1270=LINE ( 'NONE', #86, #1369 );
#1271=EDGE_LOOP ( 'NONE', ( #1508, #1054, #757, #1199 ) );
#1272=LINE ( 'NONE', #354, #319 );
#1273=CARTESIAN_POINT ( 'NONE',  ( 1.150000000000001700, 0.0000000000000000000, -0.1900000000000000600 ) );
#1274=ORIENTED_EDGE ( 'NONE', *, *, #1240, .F. );
#1275=ORIENTED_EDGE ( 'NONE', *, *, #1044, .F. );
#1276=VERTEX_POINT ( 'NONE', #284 );
#1277=EDGE_CURVE ( 'NONE', #252, #825, #1039, .T. );
#1278=AXIS2_PLACEMENT_3D ( 'NONE', #224, #11, #243 );
#1279=( REPRESENTATION_RELATIONSHIP ('NONE','NONE', #1392, #579 ) REPRESENTATION_RELATIONSHIP_WITH_TRANSFORMATION ( #977 )SHAPE_REPRESENTATION_RELATIONSHIP( ) );
#1280=AXIS2_PLACEMENT_3D ( 'NONE', #394, #14, #391 );
#1281=EDGE_CURVE ( 'NONE', #287, #1109, #1381, .T. );
#1282=ORIENTED_EDGE ( 'NONE', *, *, #342, .T. );
#1283=VECTOR ( 'NONE', #243, 1000.000000000000000 );
#1284=EDGE_CURVE ( 'NONE', #1007, #402, #745, .T. );
#1285=CONICAL_SURFACE ( 'NONE', #195, 0.1000000000000000200, 0.1396263401595466700 );
#1286=ORIENTED_EDGE ( 'NONE', *, *, #989, .T. );
#1287=ORIENTED_EDGE ( 'NONE', *, *, #1091, .F. );
#1288=CARTESIAN_POINT ( 'NONE',  ( 0.1230662433177062800, 0.5308321127584920700, -1.494988751260903500 ) );
#1289=PLANE ( 'NONE',  #159 );
#1290=DIRECTION ( 'NONE',  ( -0.1391731009600657400, 0.9902680687415702500, 0.0000000000000000000 ) );
#1291=ADVANCED_FACE ( 'NONE', ( #851 ), #904, .T. );
#1292=AXIS2_PLACEMENT_3D ( 'NONE', #743, #146, #11 );
#1293=MECHANICAL_DESIGN_GEOMETRIC_PRESENTATION_REPRESENTATION (  '', ( #1047 ), #338 );
#1294=CARTESIAN_POINT ( 'NONE',  ( 0.1167465153706284800, 0.5228660509827016700, -1.504531400445802600 ) );
#1295=VERTEX_POINT ( 'NONE', #96 );
#1296=CARTESIAN_POINT ( 'NONE',  ( 0.1000000000000007300, 0.0000000000000000000, -1.600000000000000100 ) );
#1297=FACE_OUTER_BOUND ( 'NONE', #527, .T. );
#1298=VERTEX_POINT ( 'NONE', #489 );
#1299=EDGE_CURVE ( 'NONE', #1007, #1237, #493, .T. );
#1300=EDGE_CURVE ( 'NONE', #861, #1505, #1019, .T. );
#1301=EDGE_LOOP ( 'NONE', ( #198, #1046, #1334, #1453 ) );
#1302=VERTEX_POINT ( 'NONE', #357 );
#1303=B_SPLINE_CURVE_WITH_KNOTS ( 'NONE', 3,( #479, #467, #822, #199 ),.UNSPECIFIED., .F., .F.,( 4, 4 ),( 0.0000000000000000000, 1.000000000000000000 ),.UNSPECIFIED. );
#1304=CONICAL_SURFACE ( 'NONE', #1537, 0.1000000000000000500, 0.1396263401595466700 );
#1305=ADVANCED_FACE ( 'NONE', ( #1351 ), #44, .F. );
#1306=PRODUCT_DEFINITION_SHAPE ( 'NONE', 'NONE',  #1203 );
#1307=CARTESIAN_POINT ( 'NONE',  ( 0.08546417862693646300, 0.5117203511464869500, -0.1031779363157654000 ) );
#1308=AXIS2_PLACEMENT_3D ( 'NONE', #235, #75, #391 );
#1309=ADVANCED_FACE ( 'NONE', ( #1428 ), #40, .F. );
#1310=FACE_OUTER_BOUND ( 'NONE', #598, .T. );
#1311=ORIENTED_EDGE ( 'NONE', *, *, #618, .F. );
#1312=CARTESIAN_POINT ( 'NONE',  ( 1.056686198940795900, 0.5500000000000000400, -0.1344973016945939500 ) );
#1313=CARTESIAN_POINT ( 'NONE',  ( 0.1476658464852733100, 0.5483337186186795200, -1.456465712218673900 ) );
#1314=ORIENTED_EDGE ( 'NONE', *, *, #1448, .F. );
#1315=CARTESIAN_POINT ( 'NONE',  ( 1.100001118519166000, 0.4756615193579192300, -0.06684986696636989500 ) );
#1316=EDGE_LOOP ( 'NONE', ( #681, #1375, #946, #1477 ) );
#1317=ADVANCED_FACE ( 'NONE', ( #1121 ), #1051, .F. );
#1318=DIRECTION ( 'NONE',  ( 0.0000000000000000000, 0.1391731009600657400, -0.9902680687415703600 ) );
#1319=PRODUCT_DEFINITION_FORMATION_WITH_SPECIFIED_SOURCE ( 'ANY', '', #719, .NOT_KNOWN. );
#1320=CARTESIAN_POINT ( 'NONE',  ( 1.085327146643641400, 0.5194565838272043900, -0.09220620294571907300 ) );
#1321=CARTESIAN_POINT ( 'NONE',  ( 1.055415800967007600, 0.5484492961495688300, -0.1466499782277615500 ) );
#1322=CARTESIAN_POINT ( 'NONE',  ( 1.106489567988097900, 0.5209644643125096500, -1.490894072551231400 ) );
#1323=EDGE_CURVE ( 'NONE', #707, #1143, #74, .T. );
#1324=ADVANCED_FACE ( 'NONE', ( #1410 ), #1156, .F. );
#1325=CARTESIAN_POINT ( 'NONE',  ( 0.1069613512923361000, 0.5035022091701006900, -1.520170218963725800 ) );
#1326=LINE ( 'NONE', #143, #29 );
#1327=CARTESIAN_POINT ( 'NONE',  ( 1.085175348594747300, 0.5364609542211883400, -0.1202704297400081400 ) );
#1328=EDGE_LOOP ( 'NONE', ( #327, #108, #1102, #753 ) );
#1329=PRODUCT_DEFINITION_SHAPE ( 'NONE', 'NONE',  #1551 );
#1330=VERTEX_POINT ( 'NONE', #606 );
#1331=CARTESIAN_POINT ( 'NONE',  ( 0.1090789490952937100, 0.5088063720853263100, -1.516644596849372000 ) );
#1332=CARTESIAN_POINT ( 'NONE',  ( 0.1333711487724698600, 0.5434921317836256500, -0.1295473433813966200 ) );
#1333=FACE_OUTER_BOUND ( 'NONE', #1328, .T. );
#1334=ORIENTED_EDGE ( 'NONE', *, *, #591, .F. );
#1335=EDGE_LOOP ( 'NONE', ( #1287, #1475, #1177, #1232 ) );
#1336=CARTESIAN_POINT ( 'NONE',  ( 1.056465712074128800, 0.5483337186197682100, -0.1476658464725986400 ) );
#1337=ORIENTED_EDGE ( 'NONE', *, *, #1498, .T. );
#1338=ORIENTED_EDGE ( 'NONE', *, *, #936, .T. );
#1339=CARTESIAN_POINT ( 'NONE',  ( 0.07103495632812174800, 0.4873703522333591200, -1.498029562446992400 ) );
#1340=CARTESIAN_POINT ( 'NONE',  ( 0.09546859955306703800, 0.5228660509816592800, -0.1167465153727064300 ) );
#1341=PRESENTATION_LAYER_ASSIGNMENT (  '', '', ( #1502 ) );
#1342=CARTESIAN_POINT ( 'NONE',  ( 1.086028468864516500, 0.5184882929911014400, -0.09117481240901950700 ) );
#1343=LINE ( 'NONE', #98, #182 );
#1344=CARTESIAN_POINT ( 'NONE',  ( 0.09780143747682801300, 0.5131773405934201300, -1.511055441128791300 ) );
#1345=CARTESIAN_POINT ( 'NONE',  ( 0.09785243435344652400, 0.5250652817483900700, -0.1123641973185211400 ) );
#1346=CARTESIAN_POINT ( 'NONE',  ( 1.092587932269870400, 0.5326182659713754000, -0.1193437862949517200 ) );
#1347=CARTESIAN_POINT ( 'NONE',  ( 1.073534652093444600, 0.5342570497108397600, -1.489955801147894800 ) );
#1348=EDGE_CURVE ( 'NONE', #137, #1189, #810, .T. );
#1349=PRODUCT ( 'sot563_pin', 'sot563_pin', '', ( #360 ) );
#1350=CARTESIAN_POINT ( 'NONE',  ( 0.08523237290579832600, 0.5081069607142222300, -1.505409576270867200 ) );
#1351=FACE_OUTER_BOUND ( 'NONE', #843, .T. );
#1352=CARTESIAN_POINT ( 'NONE',  ( 0.1074120690394579200, 0.5326182669943303500, -0.1193437842227294800 ) );
#1353=ORIENTED_EDGE ( 'NONE', *, *, #366, .T. );
#1354=CARTESIAN_POINT ( 'NONE',  ( 0.0000000000000000000, 0.0000000000000000000, -0.9100000000000001400 ) );
#1355=AXIS2_PLACEMENT_3D ( 'NONE', #111, #146, #11 );
#1356=CARTESIAN_POINT ( 'NONE',  ( 1.043600276243875000, 0.5500000000000000400, -1.445684572215157900 ) );
#1357=SURFACE_STYLE_FILL_AREA ( #824 );
#1358=ORIENTED_EDGE ( 'NONE', *, *, #807, .F. );
#1359=CARTESIAN_POINT ( 'NONE',  ( 0.1312007863169264400, 0.5410029542705890900, -1.477518933509520700 ) );
#1360=EDGE_CURVE ( 'NONE', #729, #202, #488, .T. );
#1361=EDGE_LOOP ( 'NONE', ( #795, #397, #1259, #1112 ) );
#1362=EDGE_CURVE ( 'NONE', #708, #1053, #507, .T. );
#1363=CARTESIAN_POINT ( 'NONE',  ( 1.087635800693101300, 0.5250652807735191100, -1.502147566733768000 ) );
#1364=CARTESIAN_POINT ( 'NONE',  ( 0.1148246514053362500, 0.5364609542212902500, -1.479729570259945100 ) );
#1365=AXIS2_PLACEMENT_3D ( 'NONE', #258, #850, #90 );
#1366=CARTESIAN_POINT ( 'NONE',  ( 0.0000000000000000000, 0.0000000000000000000, -0.4100000000000000900 ) );
#1367=CARTESIAN_POINT ( 'NONE',  ( 1.120062587409349700, 0.5041820399045252600, -1.492940602479186300 ) );
#1368=ORIENTED_EDGE ( 'NONE', *, *, #179, .T. );
#1369=VECTOR ( 'NONE', #1087, 999.9999999999998900 );
#1370=VERTEX_POINT ( 'NONE', #25 );
#1371=ORIENTED_EDGE ( 'NONE', *, *, #914, .T. );
#1372=AXIS2_PLACEMENT_3D ( 'NONE', #41, #391, #91 );
#1373=ORIENTED_EDGE ( 'NONE', *, *, #387, .T. );
#1374=CARTESIAN_POINT ( 'NONE',  ( 0.1642261328679381900, 0.5500000000000000400, -0.1000000000000001900 ) );
#1375=ORIENTED_EDGE ( 'NONE', *, *, #695, .F. );
#1376=EDGE_CURVE ( 'NONE', #1370, #163, #1059, .T. );
#1377=EDGE_CURVE ( 'NONE', #1008, #840, #929, .T. );
#1378=CARTESIAN_POINT ( 'NONE',  ( 1.092941162102815600, 0.5116208216291939800, -1.519048380538791100 ) );
#1379=CONTEXT_DEPENDENT_SHAPE_REPRESENTATION ( #1065, #365 );
#1380=( REPRESENTATION_RELATIONSHIP ('NONE','NONE', #1392, #190 ) REPRESENTATION_RELATIONSHIP_WITH_TRANSFORMATION ( #867 )SHAPE_REPRESENTATION_RELATIONSHIP( ) );
#1381=LINE ( 'NONE', #991, #380 );
#1382=ORIENTED_EDGE ( 'NONE', *, *, #556, .F. );
#1383=ORIENTED_EDGE ( 'NONE', *, *, #916, .F. );
#1384=( REPRESENTATION_RELATIONSHIP ('NONE','NONE', #1392, #190 ) REPRESENTATION_RELATIONSHIP_WITH_TRANSFORMATION ( #312 )SHAPE_REPRESENTATION_RELATIONSHIP( ) );
#1385=AXIS2_PLACEMENT_3D ( 'NONE', #81, #587, #710 );
#1386=VERTEX_POINT ( 'NONE', #394 );
#1387=CARTESIAN_POINT ( 'NONE',  ( 1.077051225601120900, 0.5305084478506867400, -1.495186186853605400 ) );
#1388=ORIENTED_EDGE ( 'NONE', *, *, #972, .T. );
#1389=CARTESIAN_POINT ( 'NONE',  ( 0.2999999999999999900, 0.5500000000000000400, -1.399999999999999900 ) );
#1390=ORIENTED_EDGE ( 'NONE', *, *, #1362, .F. );
#1391=CARTESIAN_POINT ( 'NONE',  ( 0.1104943747387564700, 0.5343700972774682000, -1.473129695109447000 ) );
#1392=SHAPE_REPRESENTATION ( 'SOT563', ( #236, #884, #414, #1513, #165, #502, #1420, #833 ), #358 );
#1393=CARTESIAN_POINT ( 'NONE',  ( 1.074410619365307600, 0.5331567089853771500, -1.491355820692501300 ) );
#1394=ADVANCED_FACE ( 'NONE', ( #471 ), #299, .F. );
#1395=EDGE_CURVE ( 'NONE', #775, #1430, #997, .T. );
#1396=CIRCLE ( 'NONE', #1526, 0.1000000000000000300 );
#1397=PLANE ( 'NONE',  #376 );
#1398=EDGE_CURVE ( 'NONE', #877, #499, #244, .T. );
#1399=ORIENTED_EDGE ( 'NONE', *, *, #760, .F. );
#1400=PLANE ( 'NONE',  #1292 );
#1401=ORIENTED_EDGE ( 'NONE', *, *, #1323, .F. );
#1402=EDGE_CURVE ( 'NONE', #1092, #1386, #542, .T. );
#1403=ORIENTED_EDGE ( 'NONE', *, *, #845, .F. );
#1404=ADVANCED_FACE ( 'NONE', ( #697 ), #831, .F. );
#1405=CARTESIAN_POINT ( 'NONE',  ( 0.05000000000000012800, 0.0000000000000000000, -0.6900000000000000600 ) );
#1406=CARTESIAN_POINT ( 'NONE',  ( 1.112740441743758100, 0.4918706516747049000, -0.07622313438998686000 ) );
#1407=AXIS2_PLACEMENT_3D ( 'NONE', #333, #66, #243 );
#1408=CIRCLE ( 'NONE', #601, 0.1000000000000000500 );
#1409=ADVANCED_FACE ( 'NONE', ( #944 ), #726, .F. );
#1410=FACE_OUTER_BOUND ( 'NONE', #473, .T. );
#1411=ORIENTED_EDGE ( 'NONE', *, *, #916, .T. );
#1412=ORIENTED_EDGE ( 'NONE', *, *, #1262, .T. );
#1413=FACE_OUTER_BOUND ( 'NONE', #1002, .T. );
#1414=CARTESIAN_POINT ( 'NONE',  ( 0.07229203972425743400, 0.4903705517460041900, -0.09436488671970580400 ) );
#1415=AXIS2_PLACEMENT_3D ( 'NONE', #41, #923, #11 );
#1416=ORIENTED_EDGE ( 'NONE', *, *, #821, .F. );
#1417=VERTEX_POINT ( 'NONE', #81 );
#1418=PRODUCT_DEFINITION_SHAPE ( 'NONE', 'NONE',  #1554 );
#1419=CARTESIAN_POINT ( 'NONE',  ( 1.100001064497112800, 0.4750942994529852600, -1.533229850592529700 ) );
#1420=AXIS2_PLACEMENT_3D ( 'NONE', #1254, #66, #14 );
#1421=CARTESIAN_POINT ( 'NONE',  ( 0.08725955766373667800, 0.4918706518467260700, -0.07622313490320517500 ) );
#1422=DIRECTION ( 'NONE',  ( 0.1391731009600657400, -0.9902680687415703600, -0.0000000000000000000 ) );
#1423=CARTESIAN_POINT ( 'NONE',  ( 1.123776865610141900, 0.4918706516744350600, -1.512740441743809100 ) );
#1424=EDGE_CURVE ( 'NONE', #918, #545, #900, .T. );
#1425=CARTESIAN_POINT ( 'NONE',  ( 0.09677681057188075600, 0.5222025496155149300, -0.1045745571831922000 ) );
#1426=CARTESIAN_POINT ( 'NONE',  ( 1.108668250228569900, 0.4774782884362986900, -0.06728120371787323100 ) );
#1427=AXIS2_PLACEMENT_3D ( 'NONE', #606, #391, #91 );
#1428=FACE_OUTER_BOUND ( 'NONE', #1301, .T. );
#1429=ORIENTED_EDGE ( 'NONE', *, *, #422, .T. );
#1430=VERTEX_POINT ( 'NONE', #223 );
#1431=CARTESIAN_POINT ( 'NONE',  ( 1.073534652093446300, 0.5342570497108409800, -0.1100441988521069800 ) );
#1432=ADVANCED_FACE ( 'NONE', ( #375 ), #1074, .F. );
#1433=CARTESIAN_POINT ( 'NONE',  ( 1.096822063388528600, 0.5117203509793510900, -1.514535821554926500 ) );
#1434=VERTEX_POINT ( 'NONE', #951 );
#1435=CARTESIAN_POINT ( 'NONE',  ( 0.1000000000000008100, 0.4639173100960065100, -0.06519932599378108800 ) );
#1436=EDGE_CURVE ( 'NONE', #825, #1086, #604, .T. );
#1437=CARTESIAN_POINT ( 'NONE',  ( 1.076770939406766200, 0.5357263198290790300, -0.1123375088591791100 ) );
#1438=CARTESIAN_POINT ( 'NONE',  ( 0.1558897677047196300, 0.5500000000000000400, -1.445152380168901000 ) );
#1439=CARTESIAN_POINT ( 'NONE',  ( 0.0000000000000000000, 0.0000000000000000000, -1.410000000000000100 ) );
#1440=( GEOMETRIC_REPRESENTATION_CONTEXT ( 3 ) GLOBAL_UNCERTAINTY_ASSIGNED_CONTEXT ( ( #87 ) ) GLOBAL_UNIT_ASSIGNED_CONTEXT ( ( #33, #84, #58 ) ) REPRESENTATION_CONTEXT ( 'NONE', 'WORKASPACE' ) );
#1441=CARTESIAN_POINT ( 'NONE',  ( 0.09351043124117088000, 0.5209644635970891400, -1.490894071107870200 ) );
#1442=CARTESIAN_POINT ( 'NONE',  ( 0.1245583222418523300, 0.5414809389417594200, -0.1289181817144962900 ) );
#1443=CARTESIAN_POINT ( 'NONE',  ( 1.045152380231140200, 0.5500000000000000400, -0.1558897678104556300 ) );
#1444=CARTESIAN_POINT ( 'NONE',  ( 1.066628851227543000, 0.5434921317836199900, -1.470452656618613400 ) );
#1445=EDGE_CURVE ( 'NONE', #1298, #853, #879, .T. );
#1446=CARTESIAN_POINT ( 'NONE',  ( 0.1004308390616524500, 0.5065720434483822500, -1.518285263555682500 ) );
#1447=CARTESIAN_POINT ( 'NONE',  ( 0.1193437862949597700, 0.5326182659713953900, -0.1074120677301312100 ) );
#1448=EDGE_CURVE ( 'NONE', #163, #1295, #89, .T. );
#1449=LINE ( 'NONE', #739, #907 );
#1450=CARTESIAN_POINT ( 'NONE',  ( 1.076933756680517100, 0.5308321127576407500, -0.1050112487379524900 ) );
#1451=ORIENTED_EDGE ( 'NONE', *, *, #738, .F. );
#1452=CARTESIAN_POINT ( 'NONE',  ( 1.055415801117915600, 0.5484492961490175000, -1.453350021687338100 ) );
#1453=ORIENTED_EDGE ( 'NONE', *, *, #1300, .T. );
#1454=CARTESIAN_POINT ( 'NONE',  ( 0.09436488671975429300, 0.4903705517460402200, -1.527707960275745700 ) );
#1455=CARTESIAN_POINT ( 'NONE',  ( 0.1123375088591530200, 0.5357263198290390700, -0.1232290605932091900 ) );
#1456=LINE ( 'NONE', #228, #82 );
#1457=LINE ( 'NONE', #233, #115 );
#1458=EDGE_LOOP ( 'NONE', ( #875, #80, #1282, #61 ) );
#1459=CARTESIAN_POINT ( 'NONE',  ( 1.051197850475599400, 0.5481025635590721600, -1.457670100982478000 ) );
#1460=PRODUCT ( 'sot563_body', 'sot563_body', '', ( #360 ) );
#1461=EDGE_LOOP ( 'NONE', ( #10, #124, #386, #842 ) );
#1462=CARTESIAN_POINT ( 'NONE',  ( 0.1204845547671619100, 0.5400469847209745700, -0.1336079957594866800 ) );
#1463=AXIS2_PLACEMENT_3D ( 'NONE', #233, #128, #147 );
#1464=CARTESIAN_POINT ( 'NONE',  ( 0.1204845547671519700, 0.5400469847209691300, -1.466392004240504100 ) );
#1465=CARTESIAN_POINT ( 'NONE',  ( 1.073129695110516500, 0.5343700972766291000, -1.489505625262553100 ) );
#1466=SURFACE_SIDE_STYLE ('',( #1357 ) );
#1467=LINE ( 'NONE', #398, #1283 );
#1468=AXIS2_PLACEMENT_3D ( 'NONE', #235, #1157, #391 );
#1469=VERTEX_POINT ( 'NONE', #400 );
#1470=CARTESIAN_POINT ( 'NONE',  ( 0.1258919605680443600, 0.5424119827778987000, -1.462648460974631300 ) );
#1471=AXIS2_PLACEMENT_3D ( 'NONE', #635, #14, #391 );
#1472=ORIENTED_EDGE ( 'NONE', *, *, #1402, .T. );
#1473=CARTESIAN_POINT ( 'NONE',  ( 1.118221590299651300, 0.4664285855804951600, -0.06555226274653874800 ) );
#1474=ORIENTED_EDGE ( 'NONE', *, *, #71, .T. );
#1475=ORIENTED_EDGE ( 'NONE', *, *, #1050, .T. );
#1476=EDGE_CURVE ( 'NONE', #708, #1523, #634, .T. );
#1477=ORIENTED_EDGE ( 'NONE', *, *, #760, .T. );
#1478=PLANE ( 'NONE',  #7 );
#1479=CARTESIAN_POINT ( 'NONE',  ( -0.5864257737476705800, 0.3789008000700718700, 1.867113306679769200 ) );
#1480=EDGE_CURVE ( 'NONE', #707, #88, #1467, .T. );
#1481=FACE_OUTER_BOUND ( 'NONE', #1061, .T. );
#1482=ORIENTED_EDGE ( 'NONE', *, *, #62, .T. );
#1483=CARTESIAN_POINT ( 'NONE',  ( 0.1086441793085859300, 0.5331567089861113400, -1.474410619364406000 ) );
#1484=MANIFOLD_SOLID_BREP ( 'Boss-Extrude1', #381 );
#1485=ORIENTED_EDGE ( 'NONE', *, *, #845, .T. );
#1486=LINE ( 'NONE', #73, #122 );
#1487=CARTESIAN_POINT ( 'NONE',  ( 1.199999999999999700, 0.0000000000000000000, -1.190000000000000200 ) );
#1488=ORIENTED_EDGE ( 'NONE', *, *, #524, .F. );
#1489=CARTESIAN_POINT ( 'NONE',  ( 0.1364986942589829800, 0.5467249596995159600, -1.455041792728572600 ) );
#1490=VERTEX_POINT ( 'NONE', #114 );
#1491=CARTESIAN_POINT ( 'NONE',  ( 1.200000000000000000, 0.0000000000000000000, -0.9100000000000001400 ) );
#1492=EDGE_CURVE ( 'NONE', #180, #1434, #1449, .T. );
#1493=LINE ( 'NONE', #224, #29 );
#1494=PLANE ( 'NONE',  #1365 );
#1495=LINE ( 'NONE', #778, #122 );
#1496=EDGE_CURVE ( 'NONE', #1434, #642, #339, .T. );
#1497=ADVANCED_FACE ( 'NONE', ( #1481 ), #99, .F. );
#1498=EDGE_CURVE ( 'NONE', #671, #1302, #1097, .T. );
#1499=ORIENTED_EDGE ( 'NONE', *, *, #1424, .T. );
#1500=CARTESIAN_POINT ( 'NONE',  ( 0.0000000000000000000, 0.0000000000000000000, -0.6900000000000000600 ) );
#1501=VERTEX_POINT ( 'NONE', #759 );
#1502=STYLED_ITEM ( 'NONE', ( #48 ), #1200 );
#1503=CYLINDRICAL_SURFACE ( 'NONE', #761, 0.1000000000000000500 );
#1504=LINE ( 'NONE', #191, #416 );
#1505=VERTEX_POINT ( 'NONE', #117 );
#1506=ORIENTED_EDGE ( 'NONE', *, *, #1014, .T. );
#1507=CARTESIAN_POINT ( 'NONE',  ( 1.199999999999999700, 0.0000000000000000000, -0.1900000000000000600 ) );
#1508=ORIENTED_EDGE ( 'NONE', *, *, #864, .T. );
#1509=CARTESIAN_POINT ( 'NONE',  ( 0.2500000000000000000, 0.0000000000000000000, -0.2200000000000000000 ) );
#1510=CARTESIAN_POINT ( 'NONE',  ( 0.1537874749124419900, 0.5500000000000000400, -0.1568832044648492700 ) );
#1511=EDGE_CURVE ( 'NONE', #402, #1070, #401, .T. );
#1512=ADVANCED_FACE ( 'NONE', ( #1267 ), #120, .T. );
#1513=AXIS2_PLACEMENT_3D ( 'NONE', #589, #66, #14 );
#1514=ITEM_DEFINED_TRANSFORMATION ( 'NONE', 'NONE', #414,  #236 );
#1515=CARTESIAN_POINT ( 'NONE',  ( 0.1204845547679488800, 0.5400469847213511500, -0.1336079957585378000 ) );
#1516=ORIENTED_EDGE ( 'NONE', *, *, #1075, .F. );
#1517=FACE_OUTER_BOUND ( 'NONE', #1524, .T. );
#1518=ORIENTED_EDGE ( 'NONE', *, *, #1511, .T. );
#1519=EDGE_CURVE ( 'NONE', #180, #482, #21, .T. );
#1520=EDGE_CURVE ( 'NONE', #1237, #813, #1181, .T. );
#1521=ADVANCED_FACE ( 'NONE', ( #978 ), #299, .T. );
#1522=VERTEX_POINT ( 'NONE', #1078 );
#1523=VERTEX_POINT ( 'NONE', #778 );
#1524=EDGE_LOOP ( 'NONE', ( #321, #1358, #1190, #1482 ) );
#1525=CARTESIAN_POINT ( 'NONE',  ( 1.183135099835712600, 0.1200000000000000000, -0.6900000000000000600 ) );
#1526=AXIS2_PLACEMENT_3D ( 'NONE', #111, #146, #66 );
#1527=CARTESIAN_POINT ( 'NONE',  ( 1.093038648707666200, 0.5035022091701000200, -1.520170218963728100 ) );
#1528=CARTESIAN_POINT ( 'NONE',  ( 0.06538120048872760000, 0.4652114143706226900, -0.09061009513184248300 ) );
#1529=ADVANCED_FACE ( 'NONE', ( #590 ), #429, .T. );
#1530=ORIENTED_EDGE ( 'NONE', *, *, #118, .T. );
#1531=LINE ( 'NONE', #643, #82 );
#1532=DIRECTION ( 'NONE',  ( 0.0000000000000000000, 0.9902680687415703600, 0.1391731009600657400 ) );
#1533=CARTESIAN_POINT ( 'NONE',  ( 0.06938641655832199200, 0.4658584665230050500, -1.517999136231615600 ) );
#1534=CARTESIAN_POINT ( 'NONE',  ( 0.1004308385890666200, 0.5065720435749461200, -0.08171473645706038600 ) );
#1535=FACE_OUTER_BOUND ( 'NONE', #102, .T. );
#1536=LINE ( 'NONE', #224, #267 );
#1537=AXIS2_PLACEMENT_3D ( 'NONE', #37, #75, #391 );
#1538=ORIENTED_EDGE ( 'NONE', *, *, #717, .T. );
#1539=VERTEX_POINT ( 'NONE', #909 );
#1540=CARTESIAN_POINT ( 'NONE',  ( 1.090894071107839000, 0.5209644635970739300, -1.506489568758837100 ) );
#1541=CARTESIAN_POINT ( 'NONE',  ( 0.08200086376838439100, 0.4658584665230050000, -0.06938641655832206200 ) );
#1542=CARTESIAN_POINT ( 'NONE',  ( 1.080656215777272100, 0.5326182669943109200, -0.1074120690394464200 ) );
#1543=CARTESIAN_POINT ( 'NONE',  ( 1.117999136231614800, 0.4658584665230050000, -1.530613583441677900 ) );
#1544=EDGE_CURVE ( 'NONE', #950, #1109, #563, .T. );
#1545=CARTESIAN_POINT ( 'NONE',  ( 0.1123641973185151000, 0.5250652817483793000, -1.502147565646566600 ) );
#1546=CARTESIAN_POINT ( 'NONE',  ( 0.07074748998896854300, 0.4769830875873446500, -0.08285086172168981700 ) );
#1547=CARTESIAN_POINT ( 'NONE',  ( 1.083969554926565500, 0.5335113436011785800, -0.1100645891725631800 ) );
#1548=SHAPE_DEFINITION_REPRESENTATION ( #1306, #579 );
#1549=LINE ( 'NONE', #1000, #267 );
#1550=NEXT_ASSEMBLY_USAGE_OCCURRENCE ( 'NAUO1', ' ', ' ', #584, #1203, $ );
#1551=NEXT_ASSEMBLY_USAGE_OCCURRENCE ( 'NAUO2', ' ', ' ', #584, #820, $ );
#1552=NEXT_ASSEMBLY_USAGE_OCCURRENCE ( 'NAUO3', ' ', ' ', #584, #820, $ );
#1553=NEXT_ASSEMBLY_USAGE_OCCURRENCE ( 'NAUO4', ' ', ' ', #584, #820, $ );
#1554=NEXT_ASSEMBLY_USAGE_OCCURRENCE ( 'NAUO5', ' ', ' ', #584, #820, $ );
#1555=NEXT_ASSEMBLY_USAGE_OCCURRENCE ( 'NAUO6', ' ', ' ', #584, #820, $ );
#1556=NEXT_ASSEMBLY_USAGE_OCCURRENCE ( 'NAUO7', ' ', ' ', #584, #820, $ );
ENDSEC;
END-ISO-10303-21;
