ISO-10303-21;
HEADER;
FILE_DESCRIPTION((''),'2;1');
FILE_NAME('C-1-1734028-1','2011-12-13T',('workeradm'),('Tyco Electronics Ltd.'),
'PRO/ENGINEER BY PARAMETRIC TECHNOLOGY CORPORATION, 2010430',
'PRO/ENGINEER BY PARAMETRIC TECHNOLOGY CORPORATION, 2010430','');
FILE_SCHEMA(('AUTOMOTIVE_DESIGN { 1 0 10303 214 1 1 1 1 }'));
ENDSEC;
DATA;
#1=DRAUGHTING_PRE_DEFINED_COLOUR('black');
#2=COLOUR_RGB('',0.E0,0.E0,3.6E-1);
#3=COLOUR_RGB('',0.E0,0.E0,4.8E-1);
#4=DRAUGHTING_PRE_DEFINED_COLOUR('blue');
#5=COLOUR_RGB('',0.E0,3.6E-1,9.E-2);
#6=COLOUR_RGB('',0.E0,3.6E-1,2.7E-1);
#7=COLOUR_RGB('',0.E0,5.6E-1,6.4E-1);
#8=COLOUR_RGB('',0.E0,5.8E-1,8.E-1);
#9=COLOUR_RGB('',0.E0,7.1E-1,6.6E-1);
#10=COLOUR_RGB('',0.E0,7.13E-1,0.E0);
#11=COLOUR_RGB('',0.E0,9.5E-1,8.4E-1);
#12=DRAUGHTING_PRE_DEFINED_COLOUR('green');
#13=DRAUGHTING_PRE_DEFINED_COLOUR('cyan');
#14=COLOUR_RGB('',4.E-2,0.E0,1.6E-1);
#15=COLOUR_RGB('',9.E-2,0.E0,1.2E-1);
#16=COLOUR_RGB('',1.E-1,0.E0,2.5E-1);
#17=COLOUR_RGB('',1.6E-1,3.2E-2,0.E0);
#18=COLOUR_RGB('',1.6E-1,4.6E-1,6.5E-1);
#19=COLOUR_RGB('',1.6E-1,1.E0,1.6E-1);
#20=COLOUR_RGB('',2.E-1,3.2E-2,0.E0);
#21=COLOUR_RGB('',3.1E-1,3.1E-1,5.6E-1);
#22=COLOUR_RGB('',3.2E-1,1.5E-1,0.E0);
#23=COLOUR_RGB('',4.E-1,4.E-1,4.E-1);
#24=COLOUR_RGB('',4.2E-1,4.2E-1,1.E0);
#25=COLOUR_RGB('',4.4E-1,8.5E-1,1.E0);
#26=COLOUR_RGB('',4.9E-1,4.9E-1,0.E0);
#27=COLOUR_RGB('',4.9E-1,1.E0,0.E0);
#28=COLOUR_RGB('',5.E-1,0.E0,0.E0);
#29=COLOUR_RGB('',5.E-1,0.E0,2.3E-1);
#30=COLOUR_RGB('',5.E-1,5.E-1,5.E-1);
#31=COLOUR_RGB('',5.3E-1,0.E0,0.E0);
#32=COLOUR_RGB('',5.4E-1,0.E0,4.4E-1);
#33=COLOUR_RGB('',5.5E-1,3.E-1,0.E0);
#34=COLOUR_RGB('',5.6E-1,1.E-1,5.E-2);
#35=COLOUR_RGB('',5.8E-1,2.2E-1,1.E-2);
#36=COLOUR_RGB('',6.E-1,6.E-1,6.E-1);
#37=COLOUR_RGB('',6.2E-1,0.E0,5.5E-1);
#38=COLOUR_RGB('',6.4E-1,0.E0,2.5E-1);
#39=COLOUR_RGB('',6.4E-1,1.E-2,0.E0);
#40=COLOUR_RGB('',6.8E-1,7.5E-1,1.E0);
#41=COLOUR_RGB('',7.1E-1,3.1E-1,0.E0);
#42=COLOUR_RGB('',7.2E-1,7.2E-1,7.2E-1);
#43=COLOUR_RGB('',7.4E-1,1.E0,2.6E-1);
#44=COLOUR_RGB('',7.5E-1,3.E-2,0.E0);
#45=COLOUR_RGB('',7.6E-1,0.E0,4.7E-1);
#46=COLOUR_RGB('',8.1E-1,4.E-2,0.E0);
#47=COLOUR_RGB('',8.1E-1,6.1E-1,0.E0);
#48=COLOUR_RGB('',8.2E-1,4.E-2,6.6E-1);
#49=COLOUR_RGB('',8.5E-1,8.5E-1,8.5E-1);
#50=COLOUR_RGB('',8.784E-1,9.49E-1,1.E0);
#51=COLOUR_RGB('',9.E-1,1.E0,0.E0);
#52=COLOUR_RGB('',9.37E-1,7.85E-1,0.E0);
#53=COLOUR_RGB('',9.5E-1,2.2E-1,8.1E-1);
#54=COLOUR_RGB('',9.6E-1,3.7E-1,3.E-1);
#55=COLOUR_RGB('',9.6E-1,7.1E-1,3.75E-1);
#56=DRAUGHTING_PRE_DEFINED_COLOUR('red');
#57=COLOUR_RGB('',1.E0,0.E0,6.1E-1);
#58=COLOUR_RGB('',1.E0,4.E-2,0.E0);
#59=COLOUR_RGB('',1.E0,2.3E-1,0.E0);
#60=COLOUR_RGB('',1.E0,3.5E-1,5.2E-1);
#61=COLOUR_RGB('',1.E0,3.6E-1,0.E0);
#62=COLOUR_RGB('',1.E0,4.9E-1,3.7E-1);
#63=COLOUR_RGB('',1.E0,5.E-1,0.E0);
#64=COLOUR_RGB('',1.E0,5.6E-1,7.8E-1);
#65=COLOUR_RGB('',1.E0,6.4E-1,4.9E-1);
#66=COLOUR_RGB('',1.E0,6.7E-1,0.E0);
#67=COLOUR_RGB('',1.E0,7.6E-1,6.5E-1);
#68=COLOUR_RGB('',1.E0,8.6E-1,4.E-2);
#69=COLOUR_RGB('',1.E0,9.8E-1,7.2E-1);
#70=DRAUGHTING_PRE_DEFINED_COLOUR('yellow');
#71=DRAUGHTING_PRE_DEFINED_COLOUR('white');
#72=DIRECTION('',(0.E0,1.E0,0.E0));
#73=VECTOR('',#72,4.5E0);
#74=CARTESIAN_POINT('',(-6.E0,-2.25E0,0.E0));
#75=LINE('',#74,#73);
#76=DIRECTION('',(1.E0,0.E0,0.E0));
#77=VECTOR('',#76,1.2E1);
#78=CARTESIAN_POINT('',(-6.E0,2.25E0,0.E0));
#79=LINE('',#78,#77);
#80=DIRECTION('',(0.E0,-1.E0,0.E0));
#81=VECTOR('',#80,4.5E0);
#82=CARTESIAN_POINT('',(6.E0,2.25E0,0.E0));
#83=LINE('',#82,#81);
#84=DIRECTION('',(-1.E0,0.E0,0.E0));
#85=VECTOR('',#84,1.2E1);
#86=CARTESIAN_POINT('',(6.E0,-2.25E0,0.E0));
#87=LINE('',#86,#85);
#88=VECTOR('',#80,3.9E0);
#89=CARTESIAN_POINT('',(-5.7E0,1.95E0,0.E0));
#90=LINE('',#89,#88);
#91=VECTOR('',#76,1.14E1);
#92=CARTESIAN_POINT('',(-5.7E0,-1.95E0,0.E0));
#93=LINE('',#92,#91);
#94=CARTESIAN_POINT('',(5.7E0,1.95E0,0.E0));
#95=LINE('',#94,#88);
#96=LINE('',#89,#91);
#97=DIRECTION('',(0.E0,0.E0,-1.E0));
#98=VECTOR('',#97,1.9E0);
#99=CARTESIAN_POINT('',(-6.E0,-2.5E-1,-1.475E1));
#100=LINE('',#99,#98);
#101=CARTESIAN_POINT('',(-6.E0,-2.55E0,-1.765E1));
#102=AXIS2_PLACEMENT_3D('',#101,#84,#97);
#103=CIRCLE('',#102,1.E0);
#104=DIRECTION('',(0.E0,0.E0,1.E0));
#105=VECTOR('',#104,1.865E1);
#106=CARTESIAN_POINT('',(-6.E0,2.25E0,-1.865E1));
#107=LINE('',#106,#105);
#108=VECTOR('',#80,2.E0);
#109=LINE('',#99,#108);
#110=CARTESIAN_POINT('',(-6.E0,-1.87E0,-1.765E1));
#111=AXIS2_PLACEMENT_3D('',#110,#84,#97);
#112=CIRCLE('',#111,5.E-1);
#113=AXIS2_PLACEMENT_3D('',#110,#84,#104);
#114=CIRCLE('',#113,5.E-1);
#115=VECTOR('',#76,3.E-1);
#116=CARTESIAN_POINT('',(5.7E0,-2.5E-1,-1.665E1));
#117=LINE('',#116,#115);
#118=CARTESIAN_POINT('',(5.7E0,-2.5E-1,-1.475E1));
#119=LINE('',#118,#98);
#120=VECTOR('',#84,3.E-1);
#121=CARTESIAN_POINT('',(6.E0,-2.5E-1,-1.475E1));
#122=LINE('',#121,#120);
#123=CARTESIAN_POINT('',(-5.7E0,-2.5E-1,-1.475E1));
#124=LINE('',#123,#120);
#125=VECTOR('',#104,1.9E0);
#126=CARTESIAN_POINT('',(-5.7E0,-2.5E-1,-1.665E1));
#127=LINE('',#126,#125);
#128=CARTESIAN_POINT('',(-6.E0,-2.5E-1,-1.665E1));
#129=LINE('',#128,#115);
#130=VECTOR('',#72,5.E-1);
#131=CARTESIAN_POINT('',(5.7E0,-7.5E-1,-1.665E1));
#132=LINE('',#131,#130);
#133=VECTOR('',#80,2.3E0);
#134=CARTESIAN_POINT('',(6.E0,-2.5E-1,-1.665E1));
#135=LINE('',#134,#133);
#136=VECTOR('',#72,1.8E0);
#137=CARTESIAN_POINT('',(5.7E0,-2.55E0,-1.865E1));
#138=LINE('',#137,#136);
#139=VECTOR('',#104,2.E0);
#140=CARTESIAN_POINT('',(5.7E0,-7.5E-1,-1.865E1));
#141=LINE('',#140,#139);
#142=VECTOR('',#80,1.8E0);
#143=LINE('',#131,#142);
#144=CARTESIAN_POINT('',(5.7E0,-2.55E0,-1.765E1));
#145=DIRECTION('',(0.E0,-5.639932965096E-14,1.E0));
#146=AXIS2_PLACEMENT_3D('',#144,#76,#145);
#147=CIRCLE('',#146,1.E0);
#148=CARTESIAN_POINT('',(6.E0,-2.55E0,-1.865E1));
#149=LINE('',#148,#120);
#150=VECTOR('',#72,4.8E0);
#151=LINE('',#148,#150);
#152=LINE('',#106,#77);
#153=VECTOR('',#80,4.8E0);
#154=LINE('',#106,#153);
#155=CARTESIAN_POINT('',(-5.7E0,-7.5E-1,-1.865E1));
#156=LINE('',#155,#91);
#157=VECTOR('',#72,2.5E-1);
#158=CARTESIAN_POINT('',(3.2E0,-5.E-1,-1.865E1));
#159=LINE('',#158,#157);
#160=VECTOR('',#76,6.E-1);
#161=CARTESIAN_POINT('',(3.2E0,-2.5E-1,-1.865E1));
#162=LINE('',#161,#160);
#163=CARTESIAN_POINT('',(3.8E0,-5.E-1,-1.865E1));
#164=LINE('',#163,#157);
#165=LINE('',#158,#160);
#166=CARTESIAN_POINT('',(7.E-1,-5.E-1,-1.865E1));
#167=LINE('',#166,#157);
#168=CARTESIAN_POINT('',(7.E-1,-2.5E-1,-1.865E1));
#169=LINE('',#168,#160);
#170=CARTESIAN_POINT('',(1.3E0,-5.E-1,-1.865E1));
#171=LINE('',#170,#157);
#172=LINE('',#166,#160);
#173=CARTESIAN_POINT('',(-1.3E0,-5.E-1,-1.865E1));
#174=LINE('',#173,#157);
#175=CARTESIAN_POINT('',(-1.3E0,-2.5E-1,-1.865E1));
#176=LINE('',#175,#160);
#177=CARTESIAN_POINT('',(-7.E-1,-5.E-1,-1.865E1));
#178=LINE('',#177,#157);
#179=LINE('',#173,#160);
#180=CARTESIAN_POINT('',(-3.8E0,-5.E-1,-1.865E1));
#181=LINE('',#180,#157);
#182=CARTESIAN_POINT('',(-3.8E0,-2.5E-1,-1.865E1));
#183=LINE('',#182,#160);
#184=CARTESIAN_POINT('',(-3.2E0,-5.E-1,-1.865E1));
#185=LINE('',#184,#157);
#186=LINE('',#180,#160);
#187=DIRECTION('',(-1.E0,0.E0,-1.184237892934E-14));
#188=VECTOR('',#187,3.E-1);
#189=CARTESIAN_POINT('',(6.E0,-2.55E0,-1.665E1));
#190=LINE('',#189,#188);
#191=LINE('',#121,#98);
#192=LINE('',#121,#108);
#193=VECTOR('',#104,1.475E1);
#194=CARTESIAN_POINT('',(6.E0,-2.25E0,-1.475E1));
#195=LINE('',#194,#193);
#196=CARTESIAN_POINT('',(6.E0,-2.55E0,-1.765E1));
#197=AXIS2_PLACEMENT_3D('',#196,#76,#145);
#198=CIRCLE('',#197,1.E0);
#199=CARTESIAN_POINT('',(6.E0,-1.87E0,-1.765E1));
#200=AXIS2_PLACEMENT_3D('',#199,#84,#97);
#201=CIRCLE('',#200,5.E-1);
#202=AXIS2_PLACEMENT_3D('',#199,#84,#104);
#203=CIRCLE('',#202,5.E-1);
#204=VECTOR('',#84,1.14E1);
#205=CARTESIAN_POINT('',(5.7E0,-7.5E-1,-1.475E1));
#206=LINE('',#205,#204);
#207=CARTESIAN_POINT('',(-5.7E0,-7.5E-1,-1.475E1));
#208=LINE('',#207,#130);
#209=CARTESIAN_POINT('',(-6.E0,-2.25E0,-1.475E1));
#210=LINE('',#209,#77);
#211=CARTESIAN_POINT('',(2.25E0,-7.5E-1,-1.765E1));
#212=AXIS2_PLACEMENT_3D('',#211,#80,#84);
#213=CIRCLE('',#212,5.E-1);
#214=AXIS2_PLACEMENT_3D('',#211,#80,#76);
#215=CIRCLE('',#214,5.E-1);
#216=CARTESIAN_POINT('',(-2.25E0,-7.5E-1,-1.765E1));
#217=AXIS2_PLACEMENT_3D('',#216,#80,#84);
#218=CIRCLE('',#217,5.E-1);
#219=AXIS2_PLACEMENT_3D('',#216,#80,#76);
#220=CIRCLE('',#219,5.E-1);
#221=LINE('',#155,#142);
#222=CARTESIAN_POINT('',(-5.7E0,-2.55E0,-1.765E1));
#223=AXIS2_PLACEMENT_3D('',#222,#84,#97);
#224=CIRCLE('',#223,1.E0);
#225=CARTESIAN_POINT('',(-5.7E0,-2.55E0,-1.665E1));
#226=LINE('',#225,#136);
#227=LINE('',#155,#139);
#228=CARTESIAN_POINT('',(-6.E0,-2.55E0,-1.865E1));
#229=LINE('',#228,#115);
#230=DIRECTION('',(1.E0,0.E0,1.184237892934E-14));
#231=VECTOR('',#230,3.E-1);
#232=CARTESIAN_POINT('',(-6.E0,-2.55E0,-1.665E1));
#233=LINE('',#232,#231);
#234=VECTOR('',#72,2.3E0);
#235=LINE('',#232,#234);
#236=CARTESIAN_POINT('',(-5.7E0,-7.5E-1,-1.665E1));
#237=LINE('',#236,#125);
#238=LINE('',#236,#130);
#239=LINE('',#205,#98);
#240=LINE('',#205,#130);
#241=VECTOR('',#80,1.7E0);
#242=CARTESIAN_POINT('',(1.75E0,-7.5E-1,-1.765E1));
#243=LINE('',#242,#241);
#244=CARTESIAN_POINT('',(2.75E0,-7.5E-1,-1.765E1));
#245=LINE('',#244,#241);
#246=CARTESIAN_POINT('',(2.25E0,-2.45E0,-1.765E1));
#247=AXIS2_PLACEMENT_3D('',#246,#80,#84);
#248=CIRCLE('',#247,5.E-1);
#249=AXIS2_PLACEMENT_3D('',#246,#80,#76);
#250=CIRCLE('',#249,5.E-1);
#251=CARTESIAN_POINT('',(-2.25E0,-2.45E0,-1.765E1));
#252=AXIS2_PLACEMENT_3D('',#251,#80,#84);
#253=CIRCLE('',#252,5.E-1);
#254=AXIS2_PLACEMENT_3D('',#251,#80,#76);
#255=CIRCLE('',#254,5.E-1);
#256=CARTESIAN_POINT('',(-2.75E0,-7.5E-1,-1.765E1));
#257=LINE('',#256,#241);
#258=CARTESIAN_POINT('',(-1.75E0,-7.5E-1,-1.765E1));
#259=LINE('',#258,#241);
#260=LINE('',#209,#193);
#261=CARTESIAN_POINT('',(6.E0,2.25E0,-1.865E1));
#262=LINE('',#261,#105);
#263=VECTOR('',#84,2.5E0);
#264=CARTESIAN_POINT('',(4.5E0,2.25E0,-7.16E0));
#265=LINE('',#264,#263);
#266=CARTESIAN_POINT('',(2.E0,2.25E0,-7.16E0));
#267=LINE('',#266,#139);
#268=VECTOR('',#76,2.5E0);
#269=CARTESIAN_POINT('',(2.E0,2.25E0,-5.16E0));
#270=LINE('',#269,#268);
#271=VECTOR('',#97,2.E0);
#272=CARTESIAN_POINT('',(4.5E0,2.25E0,-5.16E0));
#273=LINE('',#272,#271);
#274=CARTESIAN_POINT('',(-4.5E0,2.25E0,-7.16E0));
#275=LINE('',#274,#139);
#276=CARTESIAN_POINT('',(-4.5E0,2.25E0,-5.16E0));
#277=LINE('',#276,#268);
#278=CARTESIAN_POINT('',(-2.E0,2.25E0,-5.16E0));
#279=LINE('',#278,#271);
#280=CARTESIAN_POINT('',(-2.E0,2.25E0,-7.16E0));
#281=LINE('',#280,#263);
#282=VECTOR('',#80,3.E-1);
#283=LINE('',#264,#282);
#284=LINE('',#272,#282);
#285=LINE('',#269,#282);
#286=LINE('',#266,#282);
#287=CARTESIAN_POINT('',(-5.7E0,1.95E0,-8.65E0));
#288=LINE('',#287,#91);
#289=CARTESIAN_POINT('',(4.5E0,1.95E0,-7.16E0));
#290=LINE('',#289,#263);
#291=CARTESIAN_POINT('',(4.5E0,1.95E0,-5.16E0));
#292=LINE('',#291,#271);
#293=CARTESIAN_POINT('',(2.E0,1.95E0,-5.16E0));
#294=LINE('',#293,#268);
#295=CARTESIAN_POINT('',(2.E0,1.95E0,-7.16E0));
#296=LINE('',#295,#139);
#297=CARTESIAN_POINT('',(-4.5E0,1.95E0,-7.16E0));
#298=LINE('',#297,#139);
#299=CARTESIAN_POINT('',(-2.E0,1.95E0,-7.16E0));
#300=LINE('',#299,#263);
#301=CARTESIAN_POINT('',(-2.E0,1.95E0,-5.16E0));
#302=LINE('',#301,#271);
#303=CARTESIAN_POINT('',(-4.5E0,1.95E0,-5.16E0));
#304=LINE('',#303,#268);
#305=VECTOR('',#97,1.5E-1);
#306=CARTESIAN_POINT('',(5.7E0,-1.95E0,0.E0));
#307=LINE('',#306,#305);
#308=VECTOR('',#72,1.7E0);
#309=CARTESIAN_POINT('',(5.7E0,-1.95E0,-1.5E-1));
#310=LINE('',#309,#308);
#311=VECTOR('',#97,8.5E0);
#312=CARTESIAN_POINT('',(5.7E0,-2.5E-1,-1.5E-1));
#313=LINE('',#312,#311);
#314=VECTOR('',#72,2.2E0);
#315=CARTESIAN_POINT('',(5.7E0,-2.5E-1,-8.65E0));
#316=LINE('',#315,#314);
#317=VECTOR('',#104,8.65E0);
#318=CARTESIAN_POINT('',(5.7E0,1.95E0,-8.65E0));
#319=LINE('',#318,#317);
#320=VECTOR('',#97,1.E-1);
#321=CARTESIAN_POINT('',(3.1E0,-1.95E0,-1.5E-1));
#322=LINE('',#321,#320);
#323=LINE('',#321,#308);
#324=VECTOR('',#76,8.8E0);
#325=CARTESIAN_POINT('',(-5.7E0,-1.95E0,-1.5E-1));
#326=LINE('',#325,#324);
#327=CARTESIAN_POINT('',(3.9E0,-1.95E0,-1.5E-1));
#328=LINE('',#327,#308);
#329=VECTOR('',#76,1.8E0);
#330=LINE('',#327,#329);
#331=VECTOR('',#104,7.41E0);
#332=CARTESIAN_POINT('',(4.E0,-2.5E-1,-8.65E0));
#333=LINE('',#332,#331);
#334=CARTESIAN_POINT('',(3.9E0,-2.5E-1,-1.5E-1));
#335=LINE('',#334,#329);
#336=LINE('',#334,#320);
#337=VECTOR('',#76,8.E-1);
#338=CARTESIAN_POINT('',(3.1E0,-2.5E-1,-2.5E-1));
#339=LINE('',#338,#337);
#340=CARTESIAN_POINT('',(3.1E0,-2.5E-1,-1.5E-1));
#341=LINE('',#340,#320);
#342=CARTESIAN_POINT('',(-5.7E0,-2.5E-1,-1.5E-1));
#343=LINE('',#342,#324);
#344=CARTESIAN_POINT('',(-4.E0,-2.5E-1,-8.65E0));
#345=LINE('',#344,#331);
#346=VECTOR('',#76,1.E0);
#347=CARTESIAN_POINT('',(-4.E0,-2.5E-1,-1.24E0));
#348=LINE('',#347,#346);
#349=CARTESIAN_POINT('',(-3.E0,-2.5E-1,-8.65E0));
#350=LINE('',#349,#331);
#351=VECTOR('',#104,6.41E0);
#352=CARTESIAN_POINT('',(-1.5E0,-2.5E-1,-8.65E0));
#353=LINE('',#352,#351);
#354=CARTESIAN_POINT('',(-1.5E0,-2.5E-1,-2.24E0));
#355=LINE('',#354,#346);
#356=CARTESIAN_POINT('',(-5.E-1,-2.5E-1,-8.65E0));
#357=LINE('',#356,#351);
#358=CARTESIAN_POINT('',(5.E-1,-2.5E-1,-8.65E0));
#359=LINE('',#358,#351);
#360=CARTESIAN_POINT('',(5.E-1,-2.5E-1,-2.24E0));
#361=LINE('',#360,#346);
#362=CARTESIAN_POINT('',(1.5E0,-2.5E-1,-8.65E0));
#363=LINE('',#362,#351);
#364=CARTESIAN_POINT('',(3.E0,-2.5E-1,-8.65E0));
#365=LINE('',#364,#331);
#366=CARTESIAN_POINT('',(3.E0,-2.5E-1,-1.24E0));
#367=LINE('',#366,#346);
#368=CARTESIAN_POINT('',(4.E0,-2.5E-1,-1.24E0));
#369=LINE('',#368,#157);
#370=LINE('',#366,#157);
#371=CARTESIAN_POINT('',(-4.E0,0.E0,-8.65E0));
#372=LINE('',#371,#346);
#373=LINE('',#344,#157);
#374=VECTOR('',#76,1.7E0);
#375=CARTESIAN_POINT('',(-5.7E0,-2.5E-1,-8.65E0));
#376=LINE('',#375,#374);
#377=LINE('',#332,#374);
#378=LINE('',#332,#157);
#379=CARTESIAN_POINT('',(3.E0,0.E0,-8.65E0));
#380=LINE('',#379,#346);
#381=LINE('',#364,#157);
#382=VECTOR('',#76,1.5E0);
#383=LINE('',#362,#382);
#384=LINE('',#362,#157);
#385=CARTESIAN_POINT('',(5.E-1,0.E0,-8.65E0));
#386=LINE('',#385,#346);
#387=LINE('',#358,#157);
#388=LINE('',#356,#346);
#389=LINE('',#356,#157);
#390=CARTESIAN_POINT('',(-1.5E0,0.E0,-8.65E0));
#391=LINE('',#390,#346);
#392=LINE('',#352,#157);
#393=LINE('',#349,#382);
#394=LINE('',#349,#157);
#395=VECTOR('',#97,7.41E0);
#396=CARTESIAN_POINT('',(-3.E0,0.E0,-1.24E0));
#397=LINE('',#396,#395);
#398=CARTESIAN_POINT('',(-4.E0,0.E0,-1.24E0));
#399=LINE('',#398,#346);
#400=LINE('',#371,#331);
#401=VECTOR('',#97,6.41E0);
#402=CARTESIAN_POINT('',(-5.E-1,0.E0,-2.24E0));
#403=LINE('',#402,#401);
#404=CARTESIAN_POINT('',(-1.5E0,0.E0,-2.24E0));
#405=LINE('',#404,#346);
#406=LINE('',#390,#351);
#407=CARTESIAN_POINT('',(1.5E0,0.E0,-2.24E0));
#408=LINE('',#407,#401);
#409=CARTESIAN_POINT('',(5.E-1,0.E0,-2.24E0));
#410=LINE('',#409,#346);
#411=LINE('',#385,#351);
#412=CARTESIAN_POINT('',(4.E0,0.E0,-1.24E0));
#413=LINE('',#412,#395);
#414=CARTESIAN_POINT('',(3.E0,0.E0,-1.24E0));
#415=LINE('',#414,#346);
#416=LINE('',#379,#331);
#417=CARTESIAN_POINT('',(-3.E0,-2.5E-1,-1.24E0));
#418=LINE('',#417,#157);
#419=LINE('',#347,#157);
#420=CARTESIAN_POINT('',(-5.E-1,-2.5E-1,-2.24E0));
#421=LINE('',#420,#157);
#422=LINE('',#354,#157);
#423=CARTESIAN_POINT('',(1.5E0,-2.5E-1,-2.24E0));
#424=LINE('',#423,#157);
#425=LINE('',#360,#157);
#426=LINE('',#287,#317);
#427=LINE('',#375,#314);
#428=LINE('',#342,#311);
#429=LINE('',#325,#308);
#430=LINE('',#92,#305);
#431=LINE('',#327,#320);
#432=CARTESIAN_POINT('',(3.9E0,-1.95E0,-2.5E-1));
#433=LINE('',#432,#308);
#434=CARTESIAN_POINT('',(3.1E0,-1.95E0,-2.5E-1));
#435=LINE('',#434,#337);
#436=LINE('',#338,#241);
#437=LINE('',#274,#282);
#438=LINE('',#280,#282);
#439=LINE('',#278,#282);
#440=LINE('',#276,#282);
#441=CARTESIAN_POINT('',(5.947222222222E0,-1.87E0,-1.765E1));
#442=DIRECTION('',(1.049723756906E-1,0.E0,-9.944751381215E-1));
#443=AXIS2_PLACEMENT_3D('',#441,#80,#442);
#444=CIRCLE('',#443,5.027777777778E-1);
#445=DIRECTION('',(1.049723756906E-1,0.E0,9.944751381215E-1));
#446=AXIS2_PLACEMENT_3D('',#441,#72,#445);
#447=CIRCLE('',#446,5.027777777778E-1);
#448=VECTOR('',#97,7.999999999999E-2);
#449=LINE('',#158,#448);
#450=CARTESIAN_POINT('',(3.2E0,-9.E-1,-1.873E1));
#451=AXIS2_PLACEMENT_3D('',#450,#84,#72);
#452=CIRCLE('',#451,4.E-1);
#453=DIRECTION('',(0.E0,-6.404168289660E-1,-7.680275289188E-1));
#454=VECTOR('',#453,3.223352292257E-1);
#455=CARTESIAN_POINT('',(3.2E0,-5.927889884325E-1,-1.898616673159E1));
#456=LINE('',#455,#454);
#457=CARTESIAN_POINT('',(3.2E0,-3.E-1,-1.965E1));
#458=DIRECTION('',(0.E0,-7.680275289188E-1,6.404168289660E-1));
#459=AXIS2_PLACEMENT_3D('',#457,#76,#458);
#460=CIRCLE('',#459,6.5E-1);
#461=VECTOR('',#97,1.2E0);
#462=CARTESIAN_POINT('',(3.2E0,-9.5E-1,-1.965E1));
#463=LINE('',#462,#461);
#464=CARTESIAN_POINT('',(3.2E0,-9.5E-1,-2.085E1));
#465=LINE('',#464,#157);
#466=VECTOR('',#104,1.2E0);
#467=CARTESIAN_POINT('',(3.2E0,-7.E-1,-2.085E1));
#468=LINE('',#467,#466);
#469=AXIS2_PLACEMENT_3D('',#457,#84,#80);
#470=CIRCLE('',#469,4.E-1);
#471=DIRECTION('',(0.E0,6.404168289660E-1,7.680275289188E-1));
#472=VECTOR('',#471,3.223352292257E-1);
#473=CARTESIAN_POINT('',(3.2E0,-6.072110115675E-1,-1.939383326841E1));
#474=LINE('',#473,#472);
#475=DIRECTION('',(0.E0,7.680275289188E-1,-6.404168289660E-1));
#476=AXIS2_PLACEMENT_3D('',#450,#76,#475);
#477=CIRCLE('',#476,6.5E-1);
#478=VECTOR('',#104,7.999999999999E-2);
#479=CARTESIAN_POINT('',(3.2E0,-2.5E-1,-1.873E1));
#480=LINE('',#479,#478);
#481=CARTESIAN_POINT('',(3.8E0,-2.5E-1,-1.873E1));
#482=LINE('',#481,#478);
#483=CARTESIAN_POINT('',(3.8E0,-9.E-1,-1.873E1));
#484=AXIS2_PLACEMENT_3D('',#483,#76,#475);
#485=CIRCLE('',#484,6.5E-1);
#486=CARTESIAN_POINT('',(3.8E0,-6.072110115675E-1,-1.939383326841E1));
#487=LINE('',#486,#472);
#488=CARTESIAN_POINT('',(3.8E0,-3.E-1,-1.965E1));
#489=AXIS2_PLACEMENT_3D('',#488,#84,#80);
#490=CIRCLE('',#489,4.E-1);
#491=CARTESIAN_POINT('',(3.8E0,-7.E-1,-2.085E1));
#492=LINE('',#491,#466);
#493=CARTESIAN_POINT('',(3.8E0,-9.5E-1,-2.085E1));
#494=LINE('',#493,#157);
#495=CARTESIAN_POINT('',(3.8E0,-9.5E-1,-1.965E1));
#496=LINE('',#495,#461);
#497=AXIS2_PLACEMENT_3D('',#488,#76,#458);
#498=CIRCLE('',#497,6.5E-1);
#499=CARTESIAN_POINT('',(3.8E0,-5.927889884325E-1,-1.898616673159E1));
#500=LINE('',#499,#454);
#501=AXIS2_PLACEMENT_3D('',#483,#84,#72);
#502=CIRCLE('',#501,4.E-1);
#503=LINE('',#163,#448);
#504=LINE('',#479,#160);
#505=CARTESIAN_POINT('',(3.2E0,-4.007821062028E-1,-1.914627093883E1));
#506=LINE('',#505,#160);
#507=LINE('',#473,#160);
#508=CARTESIAN_POINT('',(3.2E0,-7.E-1,-1.965E1));
#509=LINE('',#508,#160);
#510=LINE('',#467,#160);
#511=LINE('',#464,#160);
#512=LINE('',#462,#160);
#513=CARTESIAN_POINT('',(3.2E0,-7.992178937972E-1,-1.923372906117E1));
#514=LINE('',#513,#160);
#515=LINE('',#455,#160);
#516=CARTESIAN_POINT('',(3.2E0,-5.E-1,-1.873E1));
#517=LINE('',#516,#160);
#518=LINE('',#166,#448);
#519=CARTESIAN_POINT('',(7.E-1,-9.E-1,-1.873E1));
#520=AXIS2_PLACEMENT_3D('',#519,#84,#72);
#521=CIRCLE('',#520,4.E-1);
#522=CARTESIAN_POINT('',(7.E-1,-5.927889884325E-1,-1.898616673159E1));
#523=LINE('',#522,#454);
#524=CARTESIAN_POINT('',(7.E-1,-3.E-1,-1.965E1));
#525=AXIS2_PLACEMENT_3D('',#524,#76,#458);
#526=CIRCLE('',#525,6.5E-1);
#527=CARTESIAN_POINT('',(7.E-1,-9.5E-1,-1.965E1));
#528=LINE('',#527,#461);
#529=CARTESIAN_POINT('',(7.E-1,-9.5E-1,-2.085E1));
#530=LINE('',#529,#157);
#531=CARTESIAN_POINT('',(7.E-1,-7.E-1,-2.085E1));
#532=LINE('',#531,#466);
#533=AXIS2_PLACEMENT_3D('',#524,#84,#80);
#534=CIRCLE('',#533,4.E-1);
#535=CARTESIAN_POINT('',(7.E-1,-6.072110115675E-1,-1.939383326841E1));
#536=LINE('',#535,#472);
#537=AXIS2_PLACEMENT_3D('',#519,#76,#475);
#538=CIRCLE('',#537,6.5E-1);
#539=CARTESIAN_POINT('',(7.E-1,-2.5E-1,-1.873E1));
#540=LINE('',#539,#478);
#541=CARTESIAN_POINT('',(1.3E0,-2.5E-1,-1.873E1));
#542=LINE('',#541,#478);
#543=CARTESIAN_POINT('',(1.3E0,-9.E-1,-1.873E1));
#544=AXIS2_PLACEMENT_3D('',#543,#76,#475);
#545=CIRCLE('',#544,6.5E-1);
#546=CARTESIAN_POINT('',(1.3E0,-6.072110115675E-1,-1.939383326841E1));
#547=LINE('',#546,#472);
#548=CARTESIAN_POINT('',(1.3E0,-3.E-1,-1.965E1));
#549=AXIS2_PLACEMENT_3D('',#548,#84,#80);
#550=CIRCLE('',#549,4.E-1);
#551=CARTESIAN_POINT('',(1.3E0,-7.E-1,-2.085E1));
#552=LINE('',#551,#466);
#553=CARTESIAN_POINT('',(1.3E0,-9.5E-1,-2.085E1));
#554=LINE('',#553,#157);
#555=CARTESIAN_POINT('',(1.3E0,-9.5E-1,-1.965E1));
#556=LINE('',#555,#461);
#557=AXIS2_PLACEMENT_3D('',#548,#76,#458);
#558=CIRCLE('',#557,6.5E-1);
#559=CARTESIAN_POINT('',(1.3E0,-5.927889884325E-1,-1.898616673159E1));
#560=LINE('',#559,#454);
#561=AXIS2_PLACEMENT_3D('',#543,#84,#72);
#562=CIRCLE('',#561,4.E-1);
#563=LINE('',#170,#448);
#564=LINE('',#539,#160);
#565=CARTESIAN_POINT('',(7.E-1,-4.007821062028E-1,-1.914627093883E1));
#566=LINE('',#565,#160);
#567=LINE('',#535,#160);
#568=CARTESIAN_POINT('',(7.E-1,-7.E-1,-1.965E1));
#569=LINE('',#568,#160);
#570=LINE('',#531,#160);
#571=LINE('',#529,#160);
#572=LINE('',#527,#160);
#573=CARTESIAN_POINT('',(7.E-1,-7.992178937972E-1,-1.923372906117E1));
#574=LINE('',#573,#160);
#575=LINE('',#522,#160);
#576=CARTESIAN_POINT('',(7.E-1,-5.E-1,-1.873E1));
#577=LINE('',#576,#160);
#578=LINE('',#173,#448);
#579=CARTESIAN_POINT('',(-1.3E0,-9.E-1,-1.873E1));
#580=AXIS2_PLACEMENT_3D('',#579,#84,#72);
#581=CIRCLE('',#580,4.E-1);
#582=CARTESIAN_POINT('',(-1.3E0,-5.927889884325E-1,-1.898616673159E1));
#583=LINE('',#582,#454);
#584=CARTESIAN_POINT('',(-1.3E0,-3.E-1,-1.965E1));
#585=AXIS2_PLACEMENT_3D('',#584,#76,#458);
#586=CIRCLE('',#585,6.5E-1);
#587=CARTESIAN_POINT('',(-1.3E0,-9.5E-1,-1.965E1));
#588=LINE('',#587,#461);
#589=CARTESIAN_POINT('',(-1.3E0,-9.5E-1,-2.085E1));
#590=LINE('',#589,#157);
#591=CARTESIAN_POINT('',(-1.3E0,-7.E-1,-2.085E1));
#592=LINE('',#591,#466);
#593=AXIS2_PLACEMENT_3D('',#584,#84,#80);
#594=CIRCLE('',#593,4.E-1);
#595=CARTESIAN_POINT('',(-1.3E0,-6.072110115675E-1,-1.939383326841E1));
#596=LINE('',#595,#472);
#597=AXIS2_PLACEMENT_3D('',#579,#76,#475);
#598=CIRCLE('',#597,6.5E-1);
#599=CARTESIAN_POINT('',(-1.3E0,-2.5E-1,-1.873E1));
#600=LINE('',#599,#478);
#601=CARTESIAN_POINT('',(-7.E-1,-2.5E-1,-1.873E1));
#602=LINE('',#601,#478);
#603=CARTESIAN_POINT('',(-7.E-1,-9.E-1,-1.873E1));
#604=AXIS2_PLACEMENT_3D('',#603,#76,#475);
#605=CIRCLE('',#604,6.5E-1);
#606=CARTESIAN_POINT('',(-7.E-1,-6.072110115675E-1,-1.939383326841E1));
#607=LINE('',#606,#472);
#608=CARTESIAN_POINT('',(-7.E-1,-3.E-1,-1.965E1));
#609=AXIS2_PLACEMENT_3D('',#608,#84,#80);
#610=CIRCLE('',#609,4.E-1);
#611=CARTESIAN_POINT('',(-7.E-1,-7.E-1,-2.085E1));
#612=LINE('',#611,#466);
#613=CARTESIAN_POINT('',(-7.E-1,-9.5E-1,-2.085E1));
#614=LINE('',#613,#157);
#615=CARTESIAN_POINT('',(-7.E-1,-9.5E-1,-1.965E1));
#616=LINE('',#615,#461);
#617=AXIS2_PLACEMENT_3D('',#608,#76,#458);
#618=CIRCLE('',#617,6.5E-1);
#619=CARTESIAN_POINT('',(-7.E-1,-5.927889884325E-1,-1.898616673159E1));
#620=LINE('',#619,#454);
#621=AXIS2_PLACEMENT_3D('',#603,#84,#72);
#622=CIRCLE('',#621,4.E-1);
#623=LINE('',#177,#448);
#624=LINE('',#599,#160);
#625=CARTESIAN_POINT('',(-1.3E0,-4.007821062028E-1,-1.914627093883E1));
#626=LINE('',#625,#160);
#627=LINE('',#595,#160);
#628=CARTESIAN_POINT('',(-1.3E0,-7.E-1,-1.965E1));
#629=LINE('',#628,#160);
#630=LINE('',#591,#160);
#631=LINE('',#589,#160);
#632=LINE('',#587,#160);
#633=CARTESIAN_POINT('',(-1.3E0,-7.992178937972E-1,-1.923372906117E1));
#634=LINE('',#633,#160);
#635=LINE('',#582,#160);
#636=CARTESIAN_POINT('',(-1.3E0,-5.E-1,-1.873E1));
#637=LINE('',#636,#160);
#638=LINE('',#180,#448);
#639=CARTESIAN_POINT('',(-3.8E0,-9.E-1,-1.873E1));
#640=AXIS2_PLACEMENT_3D('',#639,#84,#72);
#641=CIRCLE('',#640,4.E-1);
#642=CARTESIAN_POINT('',(-3.8E0,-5.927889884325E-1,-1.898616673159E1));
#643=LINE('',#642,#454);
#644=CARTESIAN_POINT('',(-3.8E0,-3.E-1,-1.965E1));
#645=AXIS2_PLACEMENT_3D('',#644,#76,#458);
#646=CIRCLE('',#645,6.5E-1);
#647=CARTESIAN_POINT('',(-3.8E0,-9.5E-1,-1.965E1));
#648=LINE('',#647,#461);
#649=CARTESIAN_POINT('',(-3.8E0,-9.5E-1,-2.085E1));
#650=LINE('',#649,#157);
#651=CARTESIAN_POINT('',(-3.8E0,-7.E-1,-2.085E1));
#652=LINE('',#651,#466);
#653=AXIS2_PLACEMENT_3D('',#644,#84,#80);
#654=CIRCLE('',#653,4.E-1);
#655=CARTESIAN_POINT('',(-3.8E0,-6.072110115675E-1,-1.939383326841E1));
#656=LINE('',#655,#472);
#657=AXIS2_PLACEMENT_3D('',#639,#76,#475);
#658=CIRCLE('',#657,6.5E-1);
#659=CARTESIAN_POINT('',(-3.8E0,-2.5E-1,-1.873E1));
#660=LINE('',#659,#478);
#661=CARTESIAN_POINT('',(-3.2E0,-2.5E-1,-1.873E1));
#662=LINE('',#661,#478);
#663=CARTESIAN_POINT('',(-3.2E0,-9.E-1,-1.873E1));
#664=AXIS2_PLACEMENT_3D('',#663,#76,#475);
#665=CIRCLE('',#664,6.5E-1);
#666=CARTESIAN_POINT('',(-3.2E0,-6.072110115675E-1,-1.939383326841E1));
#667=LINE('',#666,#472);
#668=CARTESIAN_POINT('',(-3.2E0,-3.E-1,-1.965E1));
#669=AXIS2_PLACEMENT_3D('',#668,#84,#80);
#670=CIRCLE('',#669,4.E-1);
#671=CARTESIAN_POINT('',(-3.2E0,-7.E-1,-2.085E1));
#672=LINE('',#671,#466);
#673=CARTESIAN_POINT('',(-3.2E0,-9.5E-1,-2.085E1));
#674=LINE('',#673,#157);
#675=CARTESIAN_POINT('',(-3.2E0,-9.5E-1,-1.965E1));
#676=LINE('',#675,#461);
#677=AXIS2_PLACEMENT_3D('',#668,#76,#458);
#678=CIRCLE('',#677,6.5E-1);
#679=CARTESIAN_POINT('',(-3.2E0,-5.927889884325E-1,-1.898616673159E1));
#680=LINE('',#679,#454);
#681=AXIS2_PLACEMENT_3D('',#663,#84,#72);
#682=CIRCLE('',#681,4.E-1);
#683=LINE('',#184,#448);
#684=LINE('',#659,#160);
#685=CARTESIAN_POINT('',(-3.8E0,-4.007821062028E-1,-1.914627093883E1));
#686=LINE('',#685,#160);
#687=LINE('',#655,#160);
#688=CARTESIAN_POINT('',(-3.8E0,-7.E-1,-1.965E1));
#689=LINE('',#688,#160);
#690=LINE('',#651,#160);
#691=LINE('',#649,#160);
#692=LINE('',#647,#160);
#693=CARTESIAN_POINT('',(-3.8E0,-7.992178937972E-1,-1.923372906117E1));
#694=LINE('',#693,#160);
#695=LINE('',#642,#160);
#696=CARTESIAN_POINT('',(-3.8E0,-5.E-1,-1.873E1));
#697=LINE('',#696,#160);
#698=CARTESIAN_POINT('',(-5.947222222222E0,-1.87E0,-1.765E1));
#699=AXIS2_PLACEMENT_3D('',#698,#72,#84);
#700=CIRCLE('',#699,5.027777777778E-1);
#701=AXIS2_PLACEMENT_3D('',#698,#80,#84);
#702=CIRCLE('',#701,5.027777777778E-1);
#703=VERTEX_POINT('',#74);
#704=VERTEX_POINT('',#78);
#705=VERTEX_POINT('',#86);
#706=VERTEX_POINT('',#82);
#707=VERTEX_POINT('',#106);
#708=VERTEX_POINT('',#261);
#709=VERTEX_POINT('',#325);
#710=VERTEX_POINT('',#342);
#711=VERTEX_POINT('',#375);
#712=VERTEX_POINT('',#287);
#713=VERTEX_POINT('',#309);
#714=VERTEX_POINT('',#312);
#715=VERTEX_POINT('',#315);
#716=VERTEX_POINT('',#318);
#717=VERTEX_POINT('',#89);
#718=VERTEX_POINT('',#92);
#719=VERTEX_POINT('',#94);
#720=VERTEX_POINT('',#306);
#721=VERTEX_POINT('',#189);
#722=VERTEX_POINT('',#148);
#723=CARTESIAN_POINT('',(5.7E0,-2.55E0,-1.665E1));
#724=VERTEX_POINT('',#723);
#725=VERTEX_POINT('',#137);
#726=VERTEX_POINT('',#118);
#727=VERTEX_POINT('',#116);
#728=VERTEX_POINT('',#121);
#729=VERTEX_POINT('',#194);
#730=VERTEX_POINT('',#134);
#731=VERTEX_POINT('',#155);
#732=VERTEX_POINT('',#140);
#733=VERTEX_POINT('',#131);
#734=VERTEX_POINT('',#236);
#735=VERTEX_POINT('',#205);
#736=VERTEX_POINT('',#207);
#737=CARTESIAN_POINT('',(1.75E0,-2.45E0,-1.765E1));
#738=CARTESIAN_POINT('',(2.75E0,-2.45E0,-1.765E1));
#739=VERTEX_POINT('',#737);
#740=VERTEX_POINT('',#738);
#741=CARTESIAN_POINT('',(-2.75E0,-2.45E0,-1.765E1));
#742=CARTESIAN_POINT('',(-1.75E0,-2.45E0,-1.765E1));
#743=VERTEX_POINT('',#741);
#744=VERTEX_POINT('',#742);
#745=VERTEX_POINT('',#242);
#746=VERTEX_POINT('',#244);
#747=VERTEX_POINT('',#256);
#748=VERTEX_POINT('',#258);
#749=VERTEX_POINT('',#455);
#750=VERTEX_POINT('',#513);
#751=VERTEX_POINT('',#462);
#752=VERTEX_POINT('',#464);
#753=VERTEX_POINT('',#467);
#754=VERTEX_POINT('',#508);
#755=VERTEX_POINT('',#473);
#756=VERTEX_POINT('',#505);
#757=CARTESIAN_POINT('',(3.8E0,-7.992178937972E-1,-1.923372906117E1));
#758=VERTEX_POINT('',#499);
#759=VERTEX_POINT('',#757);
#760=VERTEX_POINT('',#495);
#761=VERTEX_POINT('',#493);
#762=VERTEX_POINT('',#491);
#763=CARTESIAN_POINT('',(3.8E0,-7.E-1,-1.965E1));
#764=VERTEX_POINT('',#763);
#765=CARTESIAN_POINT('',(3.8E0,-4.007821062028E-1,-1.914627093883E1));
#766=VERTEX_POINT('',#486);
#767=VERTEX_POINT('',#765);
#768=VERTEX_POINT('',#158);
#769=VERTEX_POINT('',#161);
#770=CARTESIAN_POINT('',(3.8E0,-2.5E-1,-1.865E1));
#771=VERTEX_POINT('',#163);
#772=VERTEX_POINT('',#770);
#773=VERTEX_POINT('',#479);
#774=VERTEX_POINT('',#481);
#775=VERTEX_POINT('',#414);
#776=VERTEX_POINT('',#412);
#777=VERTEX_POINT('',#409);
#778=VERTEX_POINT('',#407);
#779=VERTEX_POINT('',#332);
#780=VERTEX_POINT('',#368);
#781=VERTEX_POINT('',#364);
#782=VERTEX_POINT('',#366);
#783=VERTEX_POINT('',#362);
#784=VERTEX_POINT('',#423);
#785=VERTEX_POINT('',#358);
#786=VERTEX_POINT('',#360);
#787=CARTESIAN_POINT('',(-3.E0,0.E0,-8.65E0));
#788=VERTEX_POINT('',#371);
#789=VERTEX_POINT('',#787);
#790=CARTESIAN_POINT('',(-5.E-1,0.E0,-8.65E0));
#791=VERTEX_POINT('',#390);
#792=VERTEX_POINT('',#790);
#793=CARTESIAN_POINT('',(1.5E0,0.E0,-8.65E0));
#794=VERTEX_POINT('',#385);
#795=VERTEX_POINT('',#793);
#796=CARTESIAN_POINT('',(4.E0,0.E0,-8.65E0));
#797=VERTEX_POINT('',#379);
#798=VERTEX_POINT('',#796);
#799=VERTEX_POINT('',#344);
#800=VERTEX_POINT('',#349);
#801=VERTEX_POINT('',#352);
#802=VERTEX_POINT('',#356);
#803=CARTESIAN_POINT('',(-6.E0,-1.87E0,-1.815E1));
#804=CARTESIAN_POINT('',(-6.E0,-1.87E0,-1.715E1));
#805=VERTEX_POINT('',#803);
#806=VERTEX_POINT('',#804);
#807=CARTESIAN_POINT('',(6.E0,-1.87E0,-1.815E1));
#808=CARTESIAN_POINT('',(6.E0,-1.87E0,-1.715E1));
#809=VERTEX_POINT('',#807);
#810=VERTEX_POINT('',#808);
#811=CARTESIAN_POINT('',(6.45E0,-1.87E0,-1.765E1));
#812=VERTEX_POINT('',#811);
#813=CARTESIAN_POINT('',(-6.45E0,-1.87E0,-1.765E1));
#814=VERTEX_POINT('',#813);
#815=VERTEX_POINT('',#434);
#816=VERTEX_POINT('',#432);
#817=VERTEX_POINT('',#321);
#818=VERTEX_POINT('',#340);
#819=VERTEX_POINT('',#327);
#820=VERTEX_POINT('',#334);
#821=CARTESIAN_POINT('',(3.9E0,-2.5E-1,-2.5E-1));
#822=VERTEX_POINT('',#338);
#823=VERTEX_POINT('',#821);
#824=VERTEX_POINT('',#516);
#825=CARTESIAN_POINT('',(3.8E0,-5.E-1,-1.873E1));
#826=VERTEX_POINT('',#825);
#827=VERTEX_POINT('',#228);
#828=VERTEX_POINT('',#232);
#829=CARTESIAN_POINT('',(-5.7E0,-2.55E0,-1.865E1));
#830=VERTEX_POINT('',#829);
#831=VERTEX_POINT('',#225);
#832=VERTEX_POINT('',#126);
#833=VERTEX_POINT('',#123);
#834=VERTEX_POINT('',#99);
#835=VERTEX_POINT('',#128);
#836=VERTEX_POINT('',#209);
#837=VERTEX_POINT('',#576);
#838=VERTEX_POINT('',#522);
#839=VERTEX_POINT('',#573);
#840=VERTEX_POINT('',#527);
#841=VERTEX_POINT('',#529);
#842=VERTEX_POINT('',#531);
#843=VERTEX_POINT('',#568);
#844=VERTEX_POINT('',#535);
#845=VERTEX_POINT('',#565);
#846=VERTEX_POINT('',#539);
#847=CARTESIAN_POINT('',(1.3E0,-5.E-1,-1.873E1));
#848=VERTEX_POINT('',#847);
#849=VERTEX_POINT('',#559);
#850=CARTESIAN_POINT('',(1.3E0,-7.992178937972E-1,-1.923372906117E1));
#851=VERTEX_POINT('',#850);
#852=VERTEX_POINT('',#555);
#853=VERTEX_POINT('',#553);
#854=VERTEX_POINT('',#551);
#855=CARTESIAN_POINT('',(1.3E0,-7.E-1,-1.965E1));
#856=VERTEX_POINT('',#855);
#857=VERTEX_POINT('',#546);
#858=CARTESIAN_POINT('',(1.3E0,-4.007821062028E-1,-1.914627093883E1));
#859=VERTEX_POINT('',#858);
#860=VERTEX_POINT('',#541);
#861=VERTEX_POINT('',#166);
#862=VERTEX_POINT('',#168);
#863=CARTESIAN_POINT('',(1.3E0,-2.5E-1,-1.865E1));
#864=VERTEX_POINT('',#170);
#865=VERTEX_POINT('',#863);
#866=VERTEX_POINT('',#636);
#867=VERTEX_POINT('',#582);
#868=VERTEX_POINT('',#633);
#869=VERTEX_POINT('',#587);
#870=VERTEX_POINT('',#589);
#871=VERTEX_POINT('',#591);
#872=VERTEX_POINT('',#628);
#873=VERTEX_POINT('',#595);
#874=VERTEX_POINT('',#625);
#875=VERTEX_POINT('',#599);
#876=CARTESIAN_POINT('',(-7.E-1,-5.E-1,-1.873E1));
#877=VERTEX_POINT('',#876);
#878=VERTEX_POINT('',#619);
#879=CARTESIAN_POINT('',(-7.E-1,-7.992178937972E-1,-1.923372906117E1));
#880=VERTEX_POINT('',#879);
#881=VERTEX_POINT('',#615);
#882=VERTEX_POINT('',#613);
#883=VERTEX_POINT('',#611);
#884=CARTESIAN_POINT('',(-7.E-1,-7.E-1,-1.965E1));
#885=VERTEX_POINT('',#884);
#886=VERTEX_POINT('',#606);
#887=CARTESIAN_POINT('',(-7.E-1,-4.007821062028E-1,-1.914627093883E1));
#888=VERTEX_POINT('',#887);
#889=VERTEX_POINT('',#601);
#890=VERTEX_POINT('',#173);
#891=VERTEX_POINT('',#175);
#892=CARTESIAN_POINT('',(-7.E-1,-2.5E-1,-1.865E1));
#893=VERTEX_POINT('',#177);
#894=VERTEX_POINT('',#892);
#895=VERTEX_POINT('',#696);
#896=VERTEX_POINT('',#642);
#897=VERTEX_POINT('',#693);
#898=VERTEX_POINT('',#647);
#899=VERTEX_POINT('',#649);
#900=VERTEX_POINT('',#651);
#901=VERTEX_POINT('',#688);
#902=VERTEX_POINT('',#655);
#903=VERTEX_POINT('',#685);
#904=VERTEX_POINT('',#659);
#905=CARTESIAN_POINT('',(-3.2E0,-5.E-1,-1.873E1));
#906=VERTEX_POINT('',#905);
#907=VERTEX_POINT('',#679);
#908=CARTESIAN_POINT('',(-3.2E0,-7.992178937972E-1,-1.923372906117E1));
#909=VERTEX_POINT('',#908);
#910=VERTEX_POINT('',#675);
#911=VERTEX_POINT('',#673);
#912=VERTEX_POINT('',#671);
#913=CARTESIAN_POINT('',(-3.2E0,-7.E-1,-1.965E1));
#914=VERTEX_POINT('',#913);
#915=VERTEX_POINT('',#666);
#916=CARTESIAN_POINT('',(-3.2E0,-4.007821062028E-1,-1.914627093883E1));
#917=VERTEX_POINT('',#916);
#918=VERTEX_POINT('',#661);
#919=VERTEX_POINT('',#180);
#920=VERTEX_POINT('',#182);
#921=CARTESIAN_POINT('',(-3.2E0,-2.5E-1,-1.865E1));
#922=VERTEX_POINT('',#184);
#923=VERTEX_POINT('',#921);
#924=VERTEX_POINT('',#398);
#925=VERTEX_POINT('',#396);
#926=VERTEX_POINT('',#404);
#927=VERTEX_POINT('',#402);
#928=VERTEX_POINT('',#347);
#929=VERTEX_POINT('',#417);
#930=VERTEX_POINT('',#354);
#931=VERTEX_POINT('',#420);
#932=VERTEX_POINT('',#264);
#933=VERTEX_POINT('',#266);
#934=VERTEX_POINT('',#269);
#935=VERTEX_POINT('',#272);
#936=VERTEX_POINT('',#274);
#937=VERTEX_POINT('',#276);
#938=VERTEX_POINT('',#278);
#939=VERTEX_POINT('',#280);
#940=VERTEX_POINT('',#289);
#941=VERTEX_POINT('',#295);
#942=VERTEX_POINT('',#293);
#943=VERTEX_POINT('',#291);
#944=VERTEX_POINT('',#297);
#945=VERTEX_POINT('',#303);
#946=VERTEX_POINT('',#301);
#947=VERTEX_POINT('',#299);
#948=CARTESIAN_POINT('',(0.E0,0.E0,0.E0));
#949=AXIS2_PLACEMENT_3D('',#948,#104,#76);
#950=PLANE('',#949);
#951=EDGE_CURVE('',#703,#704,#75,.T.);
#952=ORIENTED_EDGE('',*,*,#951,.T.);
#953=EDGE_CURVE('',#704,#706,#79,.T.);
#954=ORIENTED_EDGE('',*,*,#953,.T.);
#955=EDGE_CURVE('',#706,#705,#83,.T.);
#956=ORIENTED_EDGE('',*,*,#955,.T.);
#957=EDGE_CURVE('',#705,#703,#87,.T.);
#958=ORIENTED_EDGE('',*,*,#957,.T.);
#959=EDGE_LOOP('',(#952,#954,#956,#958));
#960=FACE_OUTER_BOUND('',#959,.F.);
#961=EDGE_CURVE('',#717,#718,#90,.T.);
#962=ORIENTED_EDGE('',*,*,#961,.T.);
#963=EDGE_CURVE('',#718,#720,#93,.T.);
#964=ORIENTED_EDGE('',*,*,#963,.T.);
#965=EDGE_CURVE('',#719,#720,#95,.T.);
#966=ORIENTED_EDGE('',*,*,#965,.F.);
#967=EDGE_CURVE('',#717,#719,#96,.T.);
#968=ORIENTED_EDGE('',*,*,#967,.F.);
#969=EDGE_LOOP('',(#962,#964,#966,#968));
#970=FACE_BOUND('',#969,.F.);
#971=ADVANCED_FACE('',(#960,#970),#950,.T.);
#972=AXIS2_PLACEMENT_3D('',#78,#84,#80);
#973=PLANE('',#972);
#974=EDGE_CURVE('',#834,#835,#100,.T.);
#975=ORIENTED_EDGE('',*,*,#974,.T.);
#976=EDGE_CURVE('',#828,#835,#235,.T.);
#977=ORIENTED_EDGE('',*,*,#976,.F.);
#978=EDGE_CURVE('',#827,#828,#103,.T.);
#979=ORIENTED_EDGE('',*,*,#978,.F.);
#980=EDGE_CURVE('',#707,#827,#154,.T.);
#981=ORIENTED_EDGE('',*,*,#980,.F.);
#982=EDGE_CURVE('',#707,#704,#107,.T.);
#983=ORIENTED_EDGE('',*,*,#982,.T.);
#984=ORIENTED_EDGE('',*,*,#951,.F.);
#985=EDGE_CURVE('',#836,#703,#260,.T.);
#986=ORIENTED_EDGE('',*,*,#985,.F.);
#987=EDGE_CURVE('',#834,#836,#109,.T.);
#988=ORIENTED_EDGE('',*,*,#987,.F.);
#989=EDGE_LOOP('',(#975,#977,#979,#981,#983,#984,#986,#988));
#990=FACE_OUTER_BOUND('',#989,.F.);
#991=EDGE_CURVE('',#805,#806,#112,.T.);
#992=ORIENTED_EDGE('',*,*,#991,.T.);
#993=EDGE_CURVE('',#806,#805,#114,.T.);
#994=ORIENTED_EDGE('',*,*,#993,.T.);
#995=EDGE_LOOP('',(#992,#994));
#996=FACE_BOUND('',#995,.F.);
#997=ADVANCED_FACE('',(#990,#996),#973,.T.);
#998=CARTESIAN_POINT('',(0.E0,-2.5E-1,0.E0));
#999=AXIS2_PLACEMENT_3D('',#998,#80,#97);
#1000=PLANE('',#999);
#1001=EDGE_CURVE('',#727,#730,#117,.T.);
#1002=ORIENTED_EDGE('',*,*,#1001,.F.);
#1003=EDGE_CURVE('',#726,#727,#119,.T.);
#1004=ORIENTED_EDGE('',*,*,#1003,.F.);
#1005=EDGE_CURVE('',#728,#726,#122,.T.);
#1006=ORIENTED_EDGE('',*,*,#1005,.F.);
#1007=EDGE_CURVE('',#728,#730,#191,.T.);
#1008=ORIENTED_EDGE('',*,*,#1007,.T.);
#1009=EDGE_LOOP('',(#1002,#1004,#1006,#1008));
#1010=FACE_OUTER_BOUND('',#1009,.F.);
#1011=ADVANCED_FACE('',(#1010),#1000,.T.);
#1012=ORIENTED_EDGE('',*,*,#974,.F.);
#1013=EDGE_CURVE('',#833,#834,#124,.T.);
#1014=ORIENTED_EDGE('',*,*,#1013,.F.);
#1015=EDGE_CURVE('',#832,#833,#127,.T.);
#1016=ORIENTED_EDGE('',*,*,#1015,.F.);
#1017=EDGE_CURVE('',#835,#832,#129,.T.);
#1018=ORIENTED_EDGE('',*,*,#1017,.F.);
#1019=EDGE_LOOP('',(#1012,#1014,#1016,#1018));
#1020=FACE_OUTER_BOUND('',#1019,.F.);
#1021=ADVANCED_FACE('',(#1020),#1000,.T.);
#1022=CARTESIAN_POINT('',(6.E0,-2.25E0,-1.665E1));
#1023=AXIS2_PLACEMENT_3D('',#1022,#104,#80);
#1024=PLANE('',#1023);
#1025=EDGE_CURVE('',#733,#724,#143,.T.);
#1026=ORIENTED_EDGE('',*,*,#1025,.F.);
#1027=EDGE_CURVE('',#733,#727,#132,.T.);
#1028=ORIENTED_EDGE('',*,*,#1027,.T.);
#1029=ORIENTED_EDGE('',*,*,#1001,.T.);
#1030=EDGE_CURVE('',#730,#721,#135,.T.);
#1031=ORIENTED_EDGE('',*,*,#1030,.T.);
#1032=EDGE_CURVE('',#721,#724,#190,.T.);
#1033=ORIENTED_EDGE('',*,*,#1032,.T.);
#1034=EDGE_LOOP('',(#1026,#1028,#1029,#1031,#1033));
#1035=FACE_OUTER_BOUND('',#1034,.F.);
#1036=ADVANCED_FACE('',(#1035),#1024,.T.);
#1037=CARTESIAN_POINT('',(5.7E0,0.E0,0.E0));
#1038=AXIS2_PLACEMENT_3D('',#1037,#76,#97);
#1039=PLANE('',#1038);
#1040=EDGE_CURVE('',#725,#732,#138,.T.);
#1041=ORIENTED_EDGE('',*,*,#1040,.T.);
#1042=EDGE_CURVE('',#732,#733,#141,.T.);
#1043=ORIENTED_EDGE('',*,*,#1042,.T.);
#1044=ORIENTED_EDGE('',*,*,#1025,.T.);
#1045=EDGE_CURVE('',#724,#725,#147,.T.);
#1046=ORIENTED_EDGE('',*,*,#1045,.T.);
#1047=EDGE_LOOP('',(#1041,#1043,#1044,#1046));
#1048=FACE_OUTER_BOUND('',#1047,.F.);
#1049=ADVANCED_FACE('',(#1048),#1039,.F.);
#1050=CARTESIAN_POINT('',(0.E0,0.E0,-1.865E1));
#1051=AXIS2_PLACEMENT_3D('',#1050,#104,#76);
#1052=PLANE('',#1051);
#1053=ORIENTED_EDGE('',*,*,#1040,.F.);
#1054=EDGE_CURVE('',#722,#725,#149,.T.);
#1055=ORIENTED_EDGE('',*,*,#1054,.F.);
#1056=EDGE_CURVE('',#722,#708,#151,.T.);
#1057=ORIENTED_EDGE('',*,*,#1056,.T.);
#1058=EDGE_CURVE('',#707,#708,#152,.T.);
#1059=ORIENTED_EDGE('',*,*,#1058,.F.);
#1060=ORIENTED_EDGE('',*,*,#980,.T.);
#1061=EDGE_CURVE('',#827,#830,#229,.T.);
#1062=ORIENTED_EDGE('',*,*,#1061,.T.);
#1063=EDGE_CURVE('',#731,#830,#221,.T.);
#1064=ORIENTED_EDGE('',*,*,#1063,.F.);
#1065=EDGE_CURVE('',#731,#732,#156,.T.);
#1066=ORIENTED_EDGE('',*,*,#1065,.T.);
#1067=EDGE_LOOP('',(#1053,#1055,#1057,#1059,#1060,#1062,#1064,#1066));
#1068=FACE_OUTER_BOUND('',#1067,.F.);
#1069=EDGE_CURVE('',#768,#769,#159,.T.);
#1070=ORIENTED_EDGE('',*,*,#1069,.T.);
#1071=EDGE_CURVE('',#769,#772,#162,.T.);
#1072=ORIENTED_EDGE('',*,*,#1071,.T.);
#1073=EDGE_CURVE('',#771,#772,#164,.T.);
#1074=ORIENTED_EDGE('',*,*,#1073,.F.);
#1075=EDGE_CURVE('',#768,#771,#165,.T.);
#1076=ORIENTED_EDGE('',*,*,#1075,.F.);
#1077=EDGE_LOOP('',(#1070,#1072,#1074,#1076));
#1078=FACE_BOUND('',#1077,.F.);
#1079=EDGE_CURVE('',#861,#862,#167,.T.);
#1080=ORIENTED_EDGE('',*,*,#1079,.T.);
#1081=EDGE_CURVE('',#862,#865,#169,.T.);
#1082=ORIENTED_EDGE('',*,*,#1081,.T.);
#1083=EDGE_CURVE('',#864,#865,#171,.T.);
#1084=ORIENTED_EDGE('',*,*,#1083,.F.);
#1085=EDGE_CURVE('',#861,#864,#172,.T.);
#1086=ORIENTED_EDGE('',*,*,#1085,.F.);
#1087=EDGE_LOOP('',(#1080,#1082,#1084,#1086));
#1088=FACE_BOUND('',#1087,.F.);
#1089=EDGE_CURVE('',#890,#891,#174,.T.);
#1090=ORIENTED_EDGE('',*,*,#1089,.T.);
#1091=EDGE_CURVE('',#891,#894,#176,.T.);
#1092=ORIENTED_EDGE('',*,*,#1091,.T.);
#1093=EDGE_CURVE('',#893,#894,#178,.T.);
#1094=ORIENTED_EDGE('',*,*,#1093,.F.);
#1095=EDGE_CURVE('',#890,#893,#179,.T.);
#1096=ORIENTED_EDGE('',*,*,#1095,.F.);
#1097=EDGE_LOOP('',(#1090,#1092,#1094,#1096));
#1098=FACE_BOUND('',#1097,.F.);
#1099=EDGE_CURVE('',#919,#920,#181,.T.);
#1100=ORIENTED_EDGE('',*,*,#1099,.T.);
#1101=EDGE_CURVE('',#920,#923,#183,.T.);
#1102=ORIENTED_EDGE('',*,*,#1101,.T.);
#1103=EDGE_CURVE('',#922,#923,#185,.T.);
#1104=ORIENTED_EDGE('',*,*,#1103,.F.);
#1105=EDGE_CURVE('',#919,#922,#186,.T.);
#1106=ORIENTED_EDGE('',*,*,#1105,.F.);
#1107=EDGE_LOOP('',(#1100,#1102,#1104,#1106));
#1108=FACE_BOUND('',#1107,.F.);
#1109=ADVANCED_FACE('',(#1068,#1078,#1088,#1098,#1108),#1052,.F.);
#1110=AXIS2_PLACEMENT_3D('',#196,#76,#97);
#1111=CYLINDRICAL_SURFACE('',#1110,1.E0);
#1112=EDGE_CURVE('',#721,#722,#198,.T.);
#1113=ORIENTED_EDGE('',*,*,#1112,.T.);
#1114=ORIENTED_EDGE('',*,*,#1054,.T.);
#1115=ORIENTED_EDGE('',*,*,#1045,.F.);
#1116=ORIENTED_EDGE('',*,*,#1032,.F.);
#1117=EDGE_LOOP('',(#1113,#1114,#1115,#1116));
#1118=FACE_OUTER_BOUND('',#1117,.F.);
#1119=ADVANCED_FACE('',(#1118),#1111,.T.);
#1120=AXIS2_PLACEMENT_3D('',#86,#76,#72);
#1121=PLANE('',#1120);
#1122=ORIENTED_EDGE('',*,*,#1030,.F.);
#1123=ORIENTED_EDGE('',*,*,#1007,.F.);
#1124=EDGE_CURVE('',#728,#729,#192,.T.);
#1125=ORIENTED_EDGE('',*,*,#1124,.T.);
#1126=EDGE_CURVE('',#729,#705,#195,.T.);
#1127=ORIENTED_EDGE('',*,*,#1126,.T.);
#1128=ORIENTED_EDGE('',*,*,#955,.F.);
#1129=EDGE_CURVE('',#708,#706,#262,.T.);
#1130=ORIENTED_EDGE('',*,*,#1129,.F.);
#1131=ORIENTED_EDGE('',*,*,#1056,.F.);
#1132=ORIENTED_EDGE('',*,*,#1112,.F.);
#1133=EDGE_LOOP('',(#1122,#1123,#1125,#1127,#1128,#1130,#1131,#1132));
#1134=FACE_OUTER_BOUND('',#1133,.F.);
#1135=EDGE_CURVE('',#809,#810,#201,.T.);
#1136=ORIENTED_EDGE('',*,*,#1135,.F.);
#1137=EDGE_CURVE('',#810,#809,#203,.T.);
#1138=ORIENTED_EDGE('',*,*,#1137,.F.);
#1139=EDGE_LOOP('',(#1136,#1138));
#1140=FACE_BOUND('',#1139,.F.);
#1141=ADVANCED_FACE('',(#1134,#1140),#1121,.T.);
#1142=AXIS2_PLACEMENT_3D('',#194,#104,#84);
#1143=PLANE('',#1142);
#1144=EDGE_CURVE('',#735,#736,#206,.T.);
#1145=ORIENTED_EDGE('',*,*,#1144,.T.);
#1146=EDGE_CURVE('',#736,#833,#208,.T.);
#1147=ORIENTED_EDGE('',*,*,#1146,.T.);
#1148=ORIENTED_EDGE('',*,*,#1013,.T.);
#1149=ORIENTED_EDGE('',*,*,#987,.T.);
#1150=EDGE_CURVE('',#836,#729,#210,.T.);
#1151=ORIENTED_EDGE('',*,*,#1150,.T.);
#1152=ORIENTED_EDGE('',*,*,#1124,.F.);
#1153=ORIENTED_EDGE('',*,*,#1005,.T.);
#1154=EDGE_CURVE('',#735,#726,#240,.T.);
#1155=ORIENTED_EDGE('',*,*,#1154,.F.);
#1156=EDGE_LOOP('',(#1145,#1147,#1148,#1149,#1151,#1152,#1153,#1155));
#1157=FACE_OUTER_BOUND('',#1156,.F.);
#1158=ADVANCED_FACE('',(#1157),#1143,.F.);
#1159=AXIS2_PLACEMENT_3D('',#140,#72,#104);
#1160=PLANE('',#1159);
#1161=ORIENTED_EDGE('',*,*,#1065,.F.);
#1162=EDGE_CURVE('',#731,#734,#227,.T.);
#1163=ORIENTED_EDGE('',*,*,#1162,.T.);
#1164=EDGE_CURVE('',#734,#736,#237,.T.);
#1165=ORIENTED_EDGE('',*,*,#1164,.T.);
#1166=ORIENTED_EDGE('',*,*,#1144,.F.);
#1167=EDGE_CURVE('',#735,#733,#239,.T.);
#1168=ORIENTED_EDGE('',*,*,#1167,.T.);
#1169=ORIENTED_EDGE('',*,*,#1042,.F.);
#1170=EDGE_LOOP('',(#1161,#1163,#1165,#1166,#1168,#1169));
#1171=FACE_OUTER_BOUND('',#1170,.F.);
#1172=EDGE_CURVE('',#745,#746,#213,.T.);
#1173=ORIENTED_EDGE('',*,*,#1172,.T.);
#1174=EDGE_CURVE('',#746,#745,#215,.T.);
#1175=ORIENTED_EDGE('',*,*,#1174,.T.);
#1176=EDGE_LOOP('',(#1173,#1175));
#1177=FACE_BOUND('',#1176,.F.);
#1178=EDGE_CURVE('',#747,#748,#218,.T.);
#1179=ORIENTED_EDGE('',*,*,#1178,.T.);
#1180=EDGE_CURVE('',#748,#747,#220,.T.);
#1181=ORIENTED_EDGE('',*,*,#1180,.T.);
#1182=EDGE_LOOP('',(#1179,#1181));
#1183=FACE_BOUND('',#1182,.F.);
#1184=ADVANCED_FACE('',(#1171,#1177,#1183),#1160,.F.);
#1185=CARTESIAN_POINT('',(-5.7E0,-2.25E0,-1.665E1));
#1186=AXIS2_PLACEMENT_3D('',#1185,#76,#104);
#1187=PLANE('',#1186);
#1188=ORIENTED_EDGE('',*,*,#1063,.T.);
#1189=EDGE_CURVE('',#830,#831,#224,.T.);
#1190=ORIENTED_EDGE('',*,*,#1189,.T.);
#1191=EDGE_CURVE('',#831,#734,#226,.T.);
#1192=ORIENTED_EDGE('',*,*,#1191,.T.);
#1193=ORIENTED_EDGE('',*,*,#1162,.F.);
#1194=EDGE_LOOP('',(#1188,#1190,#1192,#1193));
#1195=FACE_OUTER_BOUND('',#1194,.F.);
#1196=ADVANCED_FACE('',(#1195),#1187,.T.);
#1197=AXIS2_PLACEMENT_3D('',#101,#84,#104);
#1198=CYLINDRICAL_SURFACE('',#1197,1.E0);
#1199=ORIENTED_EDGE('',*,*,#978,.T.);
#1200=EDGE_CURVE('',#828,#831,#233,.T.);
#1201=ORIENTED_EDGE('',*,*,#1200,.T.);
#1202=ORIENTED_EDGE('',*,*,#1189,.F.);
#1203=ORIENTED_EDGE('',*,*,#1061,.F.);
#1204=EDGE_LOOP('',(#1199,#1201,#1202,#1203));
#1205=FACE_OUTER_BOUND('',#1204,.F.);
#1206=ADVANCED_FACE('',(#1205),#1198,.T.);
#1207=CARTESIAN_POINT('',(-6.E0,-2.25E0,-1.665E1));
#1208=AXIS2_PLACEMENT_3D('',#1207,#97,#76);
#1209=PLANE('',#1208);
#1210=ORIENTED_EDGE('',*,*,#1191,.F.);
#1211=ORIENTED_EDGE('',*,*,#1200,.F.);
#1212=ORIENTED_EDGE('',*,*,#976,.T.);
#1213=ORIENTED_EDGE('',*,*,#1017,.T.);
#1214=EDGE_CURVE('',#734,#832,#238,.T.);
#1215=ORIENTED_EDGE('',*,*,#1214,.F.);
#1216=EDGE_LOOP('',(#1210,#1211,#1212,#1213,#1215));
#1217=FACE_OUTER_BOUND('',#1216,.F.);
#1218=ADVANCED_FACE('',(#1217),#1209,.F.);
#1219=ORIENTED_EDGE('',*,*,#1164,.F.);
#1220=ORIENTED_EDGE('',*,*,#1214,.T.);
#1221=ORIENTED_EDGE('',*,*,#1015,.T.);
#1222=ORIENTED_EDGE('',*,*,#1146,.F.);
#1223=EDGE_LOOP('',(#1219,#1220,#1221,#1222));
#1224=FACE_OUTER_BOUND('',#1223,.F.);
#1225=ADVANCED_FACE('',(#1224),#1187,.F.);
#1226=CARTESIAN_POINT('',(5.7E0,-2.25E0,-1.475E1));
#1227=AXIS2_PLACEMENT_3D('',#1226,#84,#97);
#1228=PLANE('',#1227);
#1229=ORIENTED_EDGE('',*,*,#1167,.F.);
#1230=ORIENTED_EDGE('',*,*,#1154,.T.);
#1231=ORIENTED_EDGE('',*,*,#1003,.T.);
#1232=ORIENTED_EDGE('',*,*,#1027,.F.);
#1233=EDGE_LOOP('',(#1229,#1230,#1231,#1232));
#1234=FACE_OUTER_BOUND('',#1233,.F.);
#1235=ADVANCED_FACE('',(#1234),#1228,.F.);
#1236=CYLINDRICAL_SURFACE('',#212,5.E-1);
#1237=ORIENTED_EDGE('',*,*,#1172,.F.);
#1238=EDGE_CURVE('',#745,#739,#243,.T.);
#1239=ORIENTED_EDGE('',*,*,#1238,.T.);
#1240=EDGE_CURVE('',#739,#740,#248,.T.);
#1241=ORIENTED_EDGE('',*,*,#1240,.T.);
#1242=EDGE_CURVE('',#746,#740,#245,.T.);
#1243=ORIENTED_EDGE('',*,*,#1242,.F.);
#1244=EDGE_LOOP('',(#1237,#1239,#1241,#1243));
#1245=FACE_OUTER_BOUND('',#1244,.F.);
#1246=ADVANCED_FACE('',(#1245),#1236,.T.);
#1247=ORIENTED_EDGE('',*,*,#1174,.F.);
#1248=ORIENTED_EDGE('',*,*,#1242,.T.);
#1249=EDGE_CURVE('',#740,#739,#250,.T.);
#1250=ORIENTED_EDGE('',*,*,#1249,.T.);
#1251=ORIENTED_EDGE('',*,*,#1238,.F.);
#1252=EDGE_LOOP('',(#1247,#1248,#1250,#1251));
#1253=FACE_OUTER_BOUND('',#1252,.F.);
#1254=ADVANCED_FACE('',(#1253),#1236,.T.);
#1255=CARTESIAN_POINT('',(5.7E0,-2.45E0,0.E0));
#1256=AXIS2_PLACEMENT_3D('',#1255,#80,#84);
#1257=PLANE('',#1256);
#1258=ORIENTED_EDGE('',*,*,#1240,.F.);
#1259=ORIENTED_EDGE('',*,*,#1249,.F.);
#1260=EDGE_LOOP('',(#1258,#1259));
#1261=FACE_OUTER_BOUND('',#1260,.F.);
#1262=ADVANCED_FACE('',(#1261),#1257,.T.);
#1263=EDGE_CURVE('',#743,#744,#253,.T.);
#1264=ORIENTED_EDGE('',*,*,#1263,.F.);
#1265=EDGE_CURVE('',#744,#743,#255,.T.);
#1266=ORIENTED_EDGE('',*,*,#1265,.F.);
#1267=EDGE_LOOP('',(#1264,#1266));
#1268=FACE_OUTER_BOUND('',#1267,.F.);
#1269=ADVANCED_FACE('',(#1268),#1257,.T.);
#1270=CYLINDRICAL_SURFACE('',#217,5.E-1);
#1271=ORIENTED_EDGE('',*,*,#1178,.F.);
#1272=EDGE_CURVE('',#747,#743,#257,.T.);
#1273=ORIENTED_EDGE('',*,*,#1272,.T.);
#1274=ORIENTED_EDGE('',*,*,#1263,.T.);
#1275=EDGE_CURVE('',#748,#744,#259,.T.);
#1276=ORIENTED_EDGE('',*,*,#1275,.F.);
#1277=EDGE_LOOP('',(#1271,#1273,#1274,#1276));
#1278=FACE_OUTER_BOUND('',#1277,.F.);
#1279=ADVANCED_FACE('',(#1278),#1270,.T.);
#1280=ORIENTED_EDGE('',*,*,#1180,.F.);
#1281=ORIENTED_EDGE('',*,*,#1275,.T.);
#1282=ORIENTED_EDGE('',*,*,#1265,.T.);
#1283=ORIENTED_EDGE('',*,*,#1272,.F.);
#1284=EDGE_LOOP('',(#1280,#1281,#1282,#1283));
#1285=FACE_OUTER_BOUND('',#1284,.F.);
#1286=ADVANCED_FACE('',(#1285),#1270,.T.);
#1287=AXIS2_PLACEMENT_3D('',#74,#80,#76);
#1288=PLANE('',#1287);
#1289=ORIENTED_EDGE('',*,*,#1150,.F.);
#1290=ORIENTED_EDGE('',*,*,#985,.T.);
#1291=ORIENTED_EDGE('',*,*,#957,.F.);
#1292=ORIENTED_EDGE('',*,*,#1126,.F.);
#1293=EDGE_LOOP('',(#1289,#1290,#1291,#1292));
#1294=FACE_OUTER_BOUND('',#1293,.F.);
#1295=ADVANCED_FACE('',(#1294),#1288,.T.);
#1296=AXIS2_PLACEMENT_3D('',#82,#72,#84);
#1297=PLANE('',#1296);
#1298=ORIENTED_EDGE('',*,*,#953,.F.);
#1299=ORIENTED_EDGE('',*,*,#982,.F.);
#1300=ORIENTED_EDGE('',*,*,#1058,.T.);
#1301=ORIENTED_EDGE('',*,*,#1129,.T.);
#1302=EDGE_LOOP('',(#1298,#1299,#1300,#1301));
#1303=FACE_OUTER_BOUND('',#1302,.F.);
#1304=EDGE_CURVE('',#932,#933,#265,.T.);
#1305=ORIENTED_EDGE('',*,*,#1304,.T.);
#1306=EDGE_CURVE('',#933,#934,#267,.T.);
#1307=ORIENTED_EDGE('',*,*,#1306,.T.);
#1308=EDGE_CURVE('',#934,#935,#270,.T.);
#1309=ORIENTED_EDGE('',*,*,#1308,.T.);
#1310=EDGE_CURVE('',#935,#932,#273,.T.);
#1311=ORIENTED_EDGE('',*,*,#1310,.T.);
#1312=EDGE_LOOP('',(#1305,#1307,#1309,#1311));
#1313=FACE_BOUND('',#1312,.F.);
#1314=EDGE_CURVE('',#936,#937,#275,.T.);
#1315=ORIENTED_EDGE('',*,*,#1314,.T.);
#1316=EDGE_CURVE('',#937,#938,#277,.T.);
#1317=ORIENTED_EDGE('',*,*,#1316,.T.);
#1318=EDGE_CURVE('',#938,#939,#279,.T.);
#1319=ORIENTED_EDGE('',*,*,#1318,.T.);
#1320=EDGE_CURVE('',#939,#936,#281,.T.);
#1321=ORIENTED_EDGE('',*,*,#1320,.T.);
#1322=EDGE_LOOP('',(#1315,#1317,#1319,#1321));
#1323=FACE_BOUND('',#1322,.F.);
#1324=ADVANCED_FACE('',(#1303,#1313,#1323),#1297,.T.);
#1325=AXIS2_PLACEMENT_3D('',#264,#97,#84);
#1326=PLANE('',#1325);
#1327=ORIENTED_EDGE('',*,*,#1304,.F.);
#1328=EDGE_CURVE('',#932,#940,#283,.T.);
#1329=ORIENTED_EDGE('',*,*,#1328,.T.);
#1330=EDGE_CURVE('',#940,#941,#290,.T.);
#1331=ORIENTED_EDGE('',*,*,#1330,.T.);
#1332=EDGE_CURVE('',#933,#941,#286,.T.);
#1333=ORIENTED_EDGE('',*,*,#1332,.F.);
#1334=EDGE_LOOP('',(#1327,#1329,#1331,#1333));
#1335=FACE_OUTER_BOUND('',#1334,.F.);
#1336=ADVANCED_FACE('',(#1335),#1326,.F.);
#1337=AXIS2_PLACEMENT_3D('',#272,#76,#97);
#1338=PLANE('',#1337);
#1339=ORIENTED_EDGE('',*,*,#1310,.F.);
#1340=EDGE_CURVE('',#935,#943,#284,.T.);
#1341=ORIENTED_EDGE('',*,*,#1340,.T.);
#1342=EDGE_CURVE('',#943,#940,#292,.T.);
#1343=ORIENTED_EDGE('',*,*,#1342,.T.);
#1344=ORIENTED_EDGE('',*,*,#1328,.F.);
#1345=EDGE_LOOP('',(#1339,#1341,#1343,#1344));
#1346=FACE_OUTER_BOUND('',#1345,.F.);
#1347=ADVANCED_FACE('',(#1346),#1338,.F.);
#1348=AXIS2_PLACEMENT_3D('',#269,#104,#76);
#1349=PLANE('',#1348);
#1350=ORIENTED_EDGE('',*,*,#1308,.F.);
#1351=EDGE_CURVE('',#934,#942,#285,.T.);
#1352=ORIENTED_EDGE('',*,*,#1351,.T.);
#1353=EDGE_CURVE('',#942,#943,#294,.T.);
#1354=ORIENTED_EDGE('',*,*,#1353,.T.);
#1355=ORIENTED_EDGE('',*,*,#1340,.F.);
#1356=EDGE_LOOP('',(#1350,#1352,#1354,#1355));
#1357=FACE_OUTER_BOUND('',#1356,.F.);
#1358=ADVANCED_FACE('',(#1357),#1349,.F.);
#1359=AXIS2_PLACEMENT_3D('',#266,#84,#104);
#1360=PLANE('',#1359);
#1361=ORIENTED_EDGE('',*,*,#1306,.F.);
#1362=ORIENTED_EDGE('',*,*,#1332,.T.);
#1363=EDGE_CURVE('',#941,#942,#296,.T.);
#1364=ORIENTED_EDGE('',*,*,#1363,.T.);
#1365=ORIENTED_EDGE('',*,*,#1351,.F.);
#1366=EDGE_LOOP('',(#1361,#1362,#1364,#1365));
#1367=FACE_OUTER_BOUND('',#1366,.F.);
#1368=ADVANCED_FACE('',(#1367),#1360,.F.);
#1369=AXIS2_PLACEMENT_3D('',#287,#72,#104);
#1370=PLANE('',#1369);
#1371=ORIENTED_EDGE('',*,*,#967,.T.);
#1372=EDGE_CURVE('',#716,#719,#319,.T.);
#1373=ORIENTED_EDGE('',*,*,#1372,.F.);
#1374=EDGE_CURVE('',#712,#716,#288,.T.);
#1375=ORIENTED_EDGE('',*,*,#1374,.F.);
#1376=EDGE_CURVE('',#712,#717,#426,.T.);
#1377=ORIENTED_EDGE('',*,*,#1376,.T.);
#1378=EDGE_LOOP('',(#1371,#1373,#1375,#1377));
#1379=FACE_OUTER_BOUND('',#1378,.F.);
#1380=ORIENTED_EDGE('',*,*,#1330,.F.);
#1381=ORIENTED_EDGE('',*,*,#1342,.F.);
#1382=ORIENTED_EDGE('',*,*,#1353,.F.);
#1383=ORIENTED_EDGE('',*,*,#1363,.F.);
#1384=EDGE_LOOP('',(#1380,#1381,#1382,#1383));
#1385=FACE_BOUND('',#1384,.F.);
#1386=EDGE_CURVE('',#944,#945,#298,.T.);
#1387=ORIENTED_EDGE('',*,*,#1386,.F.);
#1388=EDGE_CURVE('',#947,#944,#300,.T.);
#1389=ORIENTED_EDGE('',*,*,#1388,.F.);
#1390=EDGE_CURVE('',#946,#947,#302,.T.);
#1391=ORIENTED_EDGE('',*,*,#1390,.F.);
#1392=EDGE_CURVE('',#945,#946,#304,.T.);
#1393=ORIENTED_EDGE('',*,*,#1392,.F.);
#1394=EDGE_LOOP('',(#1387,#1389,#1391,#1393));
#1395=FACE_BOUND('',#1394,.F.);
#1396=ADVANCED_FACE('',(#1379,#1385,#1395),#1370,.F.);
#1397=AXIS2_PLACEMENT_3D('',#1037,#76,#80);
#1398=PLANE('',#1397);
#1399=ORIENTED_EDGE('',*,*,#965,.T.);
#1400=EDGE_CURVE('',#720,#713,#307,.T.);
#1401=ORIENTED_EDGE('',*,*,#1400,.T.);
#1402=EDGE_CURVE('',#713,#714,#310,.T.);
#1403=ORIENTED_EDGE('',*,*,#1402,.T.);
#1404=EDGE_CURVE('',#714,#715,#313,.T.);
#1405=ORIENTED_EDGE('',*,*,#1404,.T.);
#1406=EDGE_CURVE('',#715,#716,#316,.T.);
#1407=ORIENTED_EDGE('',*,*,#1406,.T.);
#1408=ORIENTED_EDGE('',*,*,#1372,.T.);
#1409=EDGE_LOOP('',(#1399,#1401,#1403,#1405,#1407,#1408));
#1410=FACE_OUTER_BOUND('',#1409,.F.);
#1411=ADVANCED_FACE('',(#1410),#1398,.F.);
#1412=AXIS2_PLACEMENT_3D('',#92,#80,#97);
#1413=PLANE('',#1412);
#1414=EDGE_CURVE('',#709,#817,#326,.T.);
#1415=ORIENTED_EDGE('',*,*,#1414,.T.);
#1416=EDGE_CURVE('',#817,#815,#322,.T.);
#1417=ORIENTED_EDGE('',*,*,#1416,.T.);
#1418=EDGE_CURVE('',#815,#816,#435,.T.);
#1419=ORIENTED_EDGE('',*,*,#1418,.T.);
#1420=EDGE_CURVE('',#819,#816,#431,.T.);
#1421=ORIENTED_EDGE('',*,*,#1420,.F.);
#1422=EDGE_CURVE('',#819,#713,#330,.T.);
#1423=ORIENTED_EDGE('',*,*,#1422,.T.);
#1424=ORIENTED_EDGE('',*,*,#1400,.F.);
#1425=ORIENTED_EDGE('',*,*,#963,.F.);
#1426=EDGE_CURVE('',#718,#709,#430,.T.);
#1427=ORIENTED_EDGE('',*,*,#1426,.T.);
#1428=EDGE_LOOP('',(#1415,#1417,#1419,#1421,#1423,#1424,#1425,#1427));
#1429=FACE_OUTER_BOUND('',#1428,.F.);
#1430=ADVANCED_FACE('',(#1429),#1413,.F.);
#1431=AXIS2_PLACEMENT_3D('',#325,#97,#72);
#1432=PLANE('',#1431);
#1433=EDGE_CURVE('',#817,#818,#323,.T.);
#1434=ORIENTED_EDGE('',*,*,#1433,.F.);
#1435=ORIENTED_EDGE('',*,*,#1414,.F.);
#1436=EDGE_CURVE('',#709,#710,#429,.T.);
#1437=ORIENTED_EDGE('',*,*,#1436,.T.);
#1438=EDGE_CURVE('',#710,#818,#343,.T.);
#1439=ORIENTED_EDGE('',*,*,#1438,.T.);
#1440=EDGE_LOOP('',(#1434,#1435,#1437,#1439));
#1441=FACE_OUTER_BOUND('',#1440,.F.);
#1442=ADVANCED_FACE('',(#1441),#1432,.F.);
#1443=EDGE_CURVE('',#819,#820,#328,.T.);
#1444=ORIENTED_EDGE('',*,*,#1443,.T.);
#1445=EDGE_CURVE('',#820,#714,#335,.T.);
#1446=ORIENTED_EDGE('',*,*,#1445,.T.);
#1447=ORIENTED_EDGE('',*,*,#1402,.F.);
#1448=ORIENTED_EDGE('',*,*,#1422,.F.);
#1449=EDGE_LOOP('',(#1444,#1446,#1447,#1448));
#1450=FACE_OUTER_BOUND('',#1449,.F.);
#1451=ADVANCED_FACE('',(#1450),#1432,.F.);
#1452=AXIS2_PLACEMENT_3D('',#340,#84,#80);
#1453=PLANE('',#1452);
#1454=ORIENTED_EDGE('',*,*,#1433,.T.);
#1455=EDGE_CURVE('',#818,#822,#341,.T.);
#1456=ORIENTED_EDGE('',*,*,#1455,.T.);
#1457=EDGE_CURVE('',#822,#815,#436,.T.);
#1458=ORIENTED_EDGE('',*,*,#1457,.T.);
#1459=ORIENTED_EDGE('',*,*,#1416,.F.);
#1460=EDGE_LOOP('',(#1454,#1456,#1458,#1459));
#1461=FACE_OUTER_BOUND('',#1460,.F.);
#1462=ADVANCED_FACE('',(#1461),#1453,.F.);
#1463=AXIS2_PLACEMENT_3D('',#342,#80,#97);
#1464=PLANE('',#1463);
#1465=EDGE_CURVE('',#779,#780,#333,.T.);
#1466=ORIENTED_EDGE('',*,*,#1465,.F.);
#1467=EDGE_CURVE('',#779,#715,#377,.T.);
#1468=ORIENTED_EDGE('',*,*,#1467,.T.);
#1469=ORIENTED_EDGE('',*,*,#1404,.F.);
#1470=ORIENTED_EDGE('',*,*,#1445,.F.);
#1471=EDGE_CURVE('',#820,#823,#336,.T.);
#1472=ORIENTED_EDGE('',*,*,#1471,.T.);
#1473=EDGE_CURVE('',#822,#823,#339,.T.);
#1474=ORIENTED_EDGE('',*,*,#1473,.F.);
#1475=ORIENTED_EDGE('',*,*,#1455,.F.);
#1476=ORIENTED_EDGE('',*,*,#1438,.F.);
#1477=EDGE_CURVE('',#710,#711,#428,.T.);
#1478=ORIENTED_EDGE('',*,*,#1477,.T.);
#1479=EDGE_CURVE('',#711,#799,#376,.T.);
#1480=ORIENTED_EDGE('',*,*,#1479,.T.);
#1481=EDGE_CURVE('',#799,#928,#345,.T.);
#1482=ORIENTED_EDGE('',*,*,#1481,.T.);
#1483=EDGE_CURVE('',#928,#929,#348,.T.);
#1484=ORIENTED_EDGE('',*,*,#1483,.T.);
#1485=EDGE_CURVE('',#800,#929,#350,.T.);
#1486=ORIENTED_EDGE('',*,*,#1485,.F.);
#1487=EDGE_CURVE('',#800,#801,#393,.T.);
#1488=ORIENTED_EDGE('',*,*,#1487,.T.);
#1489=EDGE_CURVE('',#801,#930,#353,.T.);
#1490=ORIENTED_EDGE('',*,*,#1489,.T.);
#1491=EDGE_CURVE('',#930,#931,#355,.T.);
#1492=ORIENTED_EDGE('',*,*,#1491,.T.);
#1493=EDGE_CURVE('',#802,#931,#357,.T.);
#1494=ORIENTED_EDGE('',*,*,#1493,.F.);
#1495=EDGE_CURVE('',#802,#785,#388,.T.);
#1496=ORIENTED_EDGE('',*,*,#1495,.T.);
#1497=EDGE_CURVE('',#785,#786,#359,.T.);
#1498=ORIENTED_EDGE('',*,*,#1497,.T.);
#1499=EDGE_CURVE('',#786,#784,#361,.T.);
#1500=ORIENTED_EDGE('',*,*,#1499,.T.);
#1501=EDGE_CURVE('',#783,#784,#363,.T.);
#1502=ORIENTED_EDGE('',*,*,#1501,.F.);
#1503=EDGE_CURVE('',#783,#781,#383,.T.);
#1504=ORIENTED_EDGE('',*,*,#1503,.T.);
#1505=EDGE_CURVE('',#781,#782,#365,.T.);
#1506=ORIENTED_EDGE('',*,*,#1505,.T.);
#1507=EDGE_CURVE('',#782,#780,#367,.T.);
#1508=ORIENTED_EDGE('',*,*,#1507,.T.);
#1509=EDGE_LOOP('',(#1466,#1468,#1469,#1470,#1472,#1474,#1475,#1476,#1478,#1480,#1482,#1484,#1486,#1488,#1490,#1492,#1494,#1496,#1498,#1500,#1502,#1504,#1506,#1508));
#1510=FACE_OUTER_BOUND('',#1509,.F.);
#1511=ADVANCED_FACE('',(#1510),#1464,.F.);
#1512=AXIS2_PLACEMENT_3D('',#368,#76,#97);
#1513=PLANE('',#1512);
#1514=ORIENTED_EDGE('',*,*,#1465,.T.);
#1515=EDGE_CURVE('',#780,#776,#369,.T.);
#1516=ORIENTED_EDGE('',*,*,#1515,.T.);
#1517=EDGE_CURVE('',#776,#798,#413,.T.);
#1518=ORIENTED_EDGE('',*,*,#1517,.T.);
#1519=EDGE_CURVE('',#779,#798,#378,.T.);
#1520=ORIENTED_EDGE('',*,*,#1519,.F.);
#1521=EDGE_LOOP('',(#1514,#1516,#1518,#1520));
#1522=FACE_OUTER_BOUND('',#1521,.F.);
#1523=ADVANCED_FACE('',(#1522),#1513,.T.);
#1524=AXIS2_PLACEMENT_3D('',#366,#104,#76);
#1525=PLANE('',#1524);
#1526=ORIENTED_EDGE('',*,*,#1507,.F.);
#1527=EDGE_CURVE('',#782,#775,#370,.T.);
#1528=ORIENTED_EDGE('',*,*,#1527,.T.);
#1529=EDGE_CURVE('',#775,#776,#415,.T.);
#1530=ORIENTED_EDGE('',*,*,#1529,.T.);
#1531=ORIENTED_EDGE('',*,*,#1515,.F.);
#1532=EDGE_LOOP('',(#1526,#1528,#1530,#1531));
#1533=FACE_OUTER_BOUND('',#1532,.F.);
#1534=ADVANCED_FACE('',(#1533),#1525,.T.);
#1535=AXIS2_PLACEMENT_3D('',#364,#84,#104);
#1536=PLANE('',#1535);
#1537=ORIENTED_EDGE('',*,*,#1505,.F.);
#1538=EDGE_CURVE('',#781,#797,#381,.T.);
#1539=ORIENTED_EDGE('',*,*,#1538,.T.);
#1540=EDGE_CURVE('',#797,#775,#416,.T.);
#1541=ORIENTED_EDGE('',*,*,#1540,.T.);
#1542=ORIENTED_EDGE('',*,*,#1527,.F.);
#1543=EDGE_LOOP('',(#1537,#1539,#1541,#1542));
#1544=FACE_OUTER_BOUND('',#1543,.F.);
#1545=ADVANCED_FACE('',(#1544),#1536,.T.);
#1546=AXIS2_PLACEMENT_3D('',#375,#97,#72);
#1547=PLANE('',#1546);
#1548=EDGE_CURVE('',#788,#789,#372,.T.);
#1549=ORIENTED_EDGE('',*,*,#1548,.F.);
#1550=EDGE_CURVE('',#799,#788,#373,.T.);
#1551=ORIENTED_EDGE('',*,*,#1550,.F.);
#1552=ORIENTED_EDGE('',*,*,#1479,.F.);
#1553=EDGE_CURVE('',#711,#712,#427,.T.);
#1554=ORIENTED_EDGE('',*,*,#1553,.T.);
#1555=ORIENTED_EDGE('',*,*,#1374,.T.);
#1556=ORIENTED_EDGE('',*,*,#1406,.F.);
#1557=ORIENTED_EDGE('',*,*,#1467,.F.);
#1558=ORIENTED_EDGE('',*,*,#1519,.T.);
#1559=EDGE_CURVE('',#797,#798,#380,.T.);
#1560=ORIENTED_EDGE('',*,*,#1559,.F.);
#1561=ORIENTED_EDGE('',*,*,#1538,.F.);
#1562=ORIENTED_EDGE('',*,*,#1503,.F.);
#1563=EDGE_CURVE('',#783,#795,#384,.T.);
#1564=ORIENTED_EDGE('',*,*,#1563,.T.);
#1565=EDGE_CURVE('',#794,#795,#386,.T.);
#1566=ORIENTED_EDGE('',*,*,#1565,.F.);
#1567=EDGE_CURVE('',#785,#794,#387,.T.);
#1568=ORIENTED_EDGE('',*,*,#1567,.F.);
#1569=ORIENTED_EDGE('',*,*,#1495,.F.);
#1570=EDGE_CURVE('',#802,#792,#389,.T.);
#1571=ORIENTED_EDGE('',*,*,#1570,.T.);
#1572=EDGE_CURVE('',#791,#792,#391,.T.);
#1573=ORIENTED_EDGE('',*,*,#1572,.F.);
#1574=EDGE_CURVE('',#801,#791,#392,.T.);
#1575=ORIENTED_EDGE('',*,*,#1574,.F.);
#1576=ORIENTED_EDGE('',*,*,#1487,.F.);
#1577=EDGE_CURVE('',#800,#789,#394,.T.);
#1578=ORIENTED_EDGE('',*,*,#1577,.T.);
#1579=EDGE_LOOP('',(#1549,#1551,#1552,#1554,#1555,#1556,#1557,#1558,#1560,#1561,#1562,#1564,#1566,#1568,#1569,#1571,#1573,#1575,#1576,#1578));
#1580=FACE_OUTER_BOUND('',#1579,.F.);
#1581=ADVANCED_FACE('',(#1580),#1547,.F.);
#1582=AXIS2_PLACEMENT_3D('',#948,#72,#76);
#1583=PLANE('',#1582);
#1584=ORIENTED_EDGE('',*,*,#1548,.T.);
#1585=EDGE_CURVE('',#925,#789,#397,.T.);
#1586=ORIENTED_EDGE('',*,*,#1585,.F.);
#1587=EDGE_CURVE('',#924,#925,#399,.T.);
#1588=ORIENTED_EDGE('',*,*,#1587,.F.);
#1589=EDGE_CURVE('',#788,#924,#400,.T.);
#1590=ORIENTED_EDGE('',*,*,#1589,.F.);
#1591=EDGE_LOOP('',(#1584,#1586,#1588,#1590));
#1592=FACE_OUTER_BOUND('',#1591,.F.);
#1593=ADVANCED_FACE('',(#1592),#1583,.T.);
#1594=ORIENTED_EDGE('',*,*,#1572,.T.);
#1595=EDGE_CURVE('',#927,#792,#403,.T.);
#1596=ORIENTED_EDGE('',*,*,#1595,.F.);
#1597=EDGE_CURVE('',#926,#927,#405,.T.);
#1598=ORIENTED_EDGE('',*,*,#1597,.F.);
#1599=EDGE_CURVE('',#791,#926,#406,.T.);
#1600=ORIENTED_EDGE('',*,*,#1599,.F.);
#1601=EDGE_LOOP('',(#1594,#1596,#1598,#1600));
#1602=FACE_OUTER_BOUND('',#1601,.F.);
#1603=ADVANCED_FACE('',(#1602),#1583,.T.);
#1604=ORIENTED_EDGE('',*,*,#1565,.T.);
#1605=EDGE_CURVE('',#778,#795,#408,.T.);
#1606=ORIENTED_EDGE('',*,*,#1605,.F.);
#1607=EDGE_CURVE('',#777,#778,#410,.T.);
#1608=ORIENTED_EDGE('',*,*,#1607,.F.);
#1609=EDGE_CURVE('',#794,#777,#411,.T.);
#1610=ORIENTED_EDGE('',*,*,#1609,.F.);
#1611=EDGE_LOOP('',(#1604,#1606,#1608,#1610));
#1612=FACE_OUTER_BOUND('',#1611,.F.);
#1613=ADVANCED_FACE('',(#1612),#1583,.T.);
#1614=ORIENTED_EDGE('',*,*,#1559,.T.);
#1615=ORIENTED_EDGE('',*,*,#1517,.F.);
#1616=ORIENTED_EDGE('',*,*,#1529,.F.);
#1617=ORIENTED_EDGE('',*,*,#1540,.F.);
#1618=EDGE_LOOP('',(#1614,#1615,#1616,#1617));
#1619=FACE_OUTER_BOUND('',#1618,.F.);
#1620=ADVANCED_FACE('',(#1619),#1583,.T.);
#1621=AXIS2_PLACEMENT_3D('',#417,#76,#97);
#1622=PLANE('',#1621);
#1623=ORIENTED_EDGE('',*,*,#1485,.T.);
#1624=EDGE_CURVE('',#929,#925,#418,.T.);
#1625=ORIENTED_EDGE('',*,*,#1624,.T.);
#1626=ORIENTED_EDGE('',*,*,#1585,.T.);
#1627=ORIENTED_EDGE('',*,*,#1577,.F.);
#1628=EDGE_LOOP('',(#1623,#1625,#1626,#1627));
#1629=FACE_OUTER_BOUND('',#1628,.F.);
#1630=ADVANCED_FACE('',(#1629),#1622,.T.);
#1631=AXIS2_PLACEMENT_3D('',#347,#104,#76);
#1632=PLANE('',#1631);
#1633=ORIENTED_EDGE('',*,*,#1483,.F.);
#1634=EDGE_CURVE('',#928,#924,#419,.T.);
#1635=ORIENTED_EDGE('',*,*,#1634,.T.);
#1636=ORIENTED_EDGE('',*,*,#1587,.T.);
#1637=ORIENTED_EDGE('',*,*,#1624,.F.);
#1638=EDGE_LOOP('',(#1633,#1635,#1636,#1637));
#1639=FACE_OUTER_BOUND('',#1638,.F.);
#1640=ADVANCED_FACE('',(#1639),#1632,.T.);
#1641=AXIS2_PLACEMENT_3D('',#344,#84,#104);
#1642=PLANE('',#1641);
#1643=ORIENTED_EDGE('',*,*,#1481,.F.);
#1644=ORIENTED_EDGE('',*,*,#1550,.T.);
#1645=ORIENTED_EDGE('',*,*,#1589,.T.);
#1646=ORIENTED_EDGE('',*,*,#1634,.F.);
#1647=EDGE_LOOP('',(#1643,#1644,#1645,#1646));
#1648=FACE_OUTER_BOUND('',#1647,.F.);
#1649=ADVANCED_FACE('',(#1648),#1642,.T.);
#1650=AXIS2_PLACEMENT_3D('',#420,#76,#97);
#1651=PLANE('',#1650);
#1652=ORIENTED_EDGE('',*,*,#1493,.T.);
#1653=EDGE_CURVE('',#931,#927,#421,.T.);
#1654=ORIENTED_EDGE('',*,*,#1653,.T.);
#1655=ORIENTED_EDGE('',*,*,#1595,.T.);
#1656=ORIENTED_EDGE('',*,*,#1570,.F.);
#1657=EDGE_LOOP('',(#1652,#1654,#1655,#1656));
#1658=FACE_OUTER_BOUND('',#1657,.F.);
#1659=ADVANCED_FACE('',(#1658),#1651,.T.);
#1660=AXIS2_PLACEMENT_3D('',#354,#104,#76);
#1661=PLANE('',#1660);
#1662=ORIENTED_EDGE('',*,*,#1491,.F.);
#1663=EDGE_CURVE('',#930,#926,#422,.T.);
#1664=ORIENTED_EDGE('',*,*,#1663,.T.);
#1665=ORIENTED_EDGE('',*,*,#1597,.T.);
#1666=ORIENTED_EDGE('',*,*,#1653,.F.);
#1667=EDGE_LOOP('',(#1662,#1664,#1665,#1666));
#1668=FACE_OUTER_BOUND('',#1667,.F.);
#1669=ADVANCED_FACE('',(#1668),#1661,.T.);
#1670=AXIS2_PLACEMENT_3D('',#352,#84,#104);
#1671=PLANE('',#1670);
#1672=ORIENTED_EDGE('',*,*,#1489,.F.);
#1673=ORIENTED_EDGE('',*,*,#1574,.T.);
#1674=ORIENTED_EDGE('',*,*,#1599,.T.);
#1675=ORIENTED_EDGE('',*,*,#1663,.F.);
#1676=EDGE_LOOP('',(#1672,#1673,#1674,#1675));
#1677=FACE_OUTER_BOUND('',#1676,.F.);
#1678=ADVANCED_FACE('',(#1677),#1671,.T.);
#1679=AXIS2_PLACEMENT_3D('',#423,#76,#97);
#1680=PLANE('',#1679);
#1681=ORIENTED_EDGE('',*,*,#1501,.T.);
#1682=EDGE_CURVE('',#784,#778,#424,.T.);
#1683=ORIENTED_EDGE('',*,*,#1682,.T.);
#1684=ORIENTED_EDGE('',*,*,#1605,.T.);
#1685=ORIENTED_EDGE('',*,*,#1563,.F.);
#1686=EDGE_LOOP('',(#1681,#1683,#1684,#1685));
#1687=FACE_OUTER_BOUND('',#1686,.F.);
#1688=ADVANCED_FACE('',(#1687),#1680,.T.);
#1689=AXIS2_PLACEMENT_3D('',#360,#104,#76);
#1690=PLANE('',#1689);
#1691=ORIENTED_EDGE('',*,*,#1499,.F.);
#1692=EDGE_CURVE('',#786,#777,#425,.T.);
#1693=ORIENTED_EDGE('',*,*,#1692,.T.);
#1694=ORIENTED_EDGE('',*,*,#1607,.T.);
#1695=ORIENTED_EDGE('',*,*,#1682,.F.);
#1696=EDGE_LOOP('',(#1691,#1693,#1694,#1695));
#1697=FACE_OUTER_BOUND('',#1696,.F.);
#1698=ADVANCED_FACE('',(#1697),#1690,.T.);
#1699=AXIS2_PLACEMENT_3D('',#358,#84,#104);
#1700=PLANE('',#1699);
#1701=ORIENTED_EDGE('',*,*,#1497,.F.);
#1702=ORIENTED_EDGE('',*,*,#1567,.T.);
#1703=ORIENTED_EDGE('',*,*,#1609,.T.);
#1704=ORIENTED_EDGE('',*,*,#1692,.F.);
#1705=EDGE_LOOP('',(#1701,#1702,#1703,#1704));
#1706=FACE_OUTER_BOUND('',#1705,.F.);
#1707=ADVANCED_FACE('',(#1706),#1700,.T.);
#1708=CARTESIAN_POINT('',(-5.7E0,0.E0,0.E0));
#1709=AXIS2_PLACEMENT_3D('',#1708,#76,#80);
#1710=PLANE('',#1709);
#1711=ORIENTED_EDGE('',*,*,#961,.F.);
#1712=ORIENTED_EDGE('',*,*,#1376,.F.);
#1713=ORIENTED_EDGE('',*,*,#1553,.F.);
#1714=ORIENTED_EDGE('',*,*,#1477,.F.);
#1715=ORIENTED_EDGE('',*,*,#1436,.F.);
#1716=ORIENTED_EDGE('',*,*,#1426,.F.);
#1717=EDGE_LOOP('',(#1711,#1712,#1713,#1714,#1715,#1716));
#1718=FACE_OUTER_BOUND('',#1717,.F.);
#1719=ADVANCED_FACE('',(#1718),#1710,.T.);
#1720=AXIS2_PLACEMENT_3D('',#327,#76,#72);
#1721=PLANE('',#1720);
#1722=ORIENTED_EDGE('',*,*,#1443,.F.);
#1723=ORIENTED_EDGE('',*,*,#1420,.T.);
#1724=EDGE_CURVE('',#816,#823,#433,.T.);
#1725=ORIENTED_EDGE('',*,*,#1724,.T.);
#1726=ORIENTED_EDGE('',*,*,#1471,.F.);
#1727=EDGE_LOOP('',(#1722,#1723,#1725,#1726));
#1728=FACE_OUTER_BOUND('',#1727,.F.);
#1729=ADVANCED_FACE('',(#1728),#1721,.F.);
#1730=CARTESIAN_POINT('',(-5.7E0,0.E0,-2.5E-1));
#1731=AXIS2_PLACEMENT_3D('',#1730,#104,#76);
#1732=PLANE('',#1731);
#1733=ORIENTED_EDGE('',*,*,#1473,.T.);
#1734=ORIENTED_EDGE('',*,*,#1724,.F.);
#1735=ORIENTED_EDGE('',*,*,#1418,.F.);
#1736=ORIENTED_EDGE('',*,*,#1457,.F.);
#1737=EDGE_LOOP('',(#1733,#1734,#1735,#1736));
#1738=FACE_OUTER_BOUND('',#1737,.F.);
#1739=ADVANCED_FACE('',(#1738),#1732,.T.);
#1740=AXIS2_PLACEMENT_3D('',#274,#84,#104);
#1741=PLANE('',#1740);
#1742=ORIENTED_EDGE('',*,*,#1314,.F.);
#1743=EDGE_CURVE('',#936,#944,#437,.T.);
#1744=ORIENTED_EDGE('',*,*,#1743,.T.);
#1745=ORIENTED_EDGE('',*,*,#1386,.T.);
#1746=EDGE_CURVE('',#937,#945,#440,.T.);
#1747=ORIENTED_EDGE('',*,*,#1746,.F.);
#1748=EDGE_LOOP('',(#1742,#1744,#1745,#1747));
#1749=FACE_OUTER_BOUND('',#1748,.F.);
#1750=ADVANCED_FACE('',(#1749),#1741,.F.);
#1751=AXIS2_PLACEMENT_3D('',#280,#97,#84);
#1752=PLANE('',#1751);
#1753=ORIENTED_EDGE('',*,*,#1320,.F.);
#1754=EDGE_CURVE('',#939,#947,#438,.T.);
#1755=ORIENTED_EDGE('',*,*,#1754,.T.);
#1756=ORIENTED_EDGE('',*,*,#1388,.T.);
#1757=ORIENTED_EDGE('',*,*,#1743,.F.);
#1758=EDGE_LOOP('',(#1753,#1755,#1756,#1757));
#1759=FACE_OUTER_BOUND('',#1758,.F.);
#1760=ADVANCED_FACE('',(#1759),#1752,.F.);
#1761=AXIS2_PLACEMENT_3D('',#278,#76,#97);
#1762=PLANE('',#1761);
#1763=ORIENTED_EDGE('',*,*,#1318,.F.);
#1764=EDGE_CURVE('',#938,#946,#439,.T.);
#1765=ORIENTED_EDGE('',*,*,#1764,.T.);
#1766=ORIENTED_EDGE('',*,*,#1390,.T.);
#1767=ORIENTED_EDGE('',*,*,#1754,.F.);
#1768=EDGE_LOOP('',(#1763,#1765,#1766,#1767));
#1769=FACE_OUTER_BOUND('',#1768,.F.);
#1770=ADVANCED_FACE('',(#1769),#1762,.F.);
#1771=AXIS2_PLACEMENT_3D('',#276,#104,#76);
#1772=PLANE('',#1771);
#1773=ORIENTED_EDGE('',*,*,#1316,.F.);
#1774=ORIENTED_EDGE('',*,*,#1746,.T.);
#1775=ORIENTED_EDGE('',*,*,#1392,.T.);
#1776=ORIENTED_EDGE('',*,*,#1764,.F.);
#1777=EDGE_LOOP('',(#1773,#1774,#1775,#1776));
#1778=FACE_OUTER_BOUND('',#1777,.F.);
#1779=ADVANCED_FACE('',(#1778),#1772,.F.);
#1780=AXIS2_PLACEMENT_3D('',#441,#84,#104);
#1781=SPHERICAL_SURFACE('',#1780,5.027777777778E-1);
#1782=ORIENTED_EDGE('',*,*,#1135,.T.);
#1783=EDGE_CURVE('',#810,#812,#447,.T.);
#1784=ORIENTED_EDGE('',*,*,#1783,.T.);
#1785=EDGE_CURVE('',#809,#812,#444,.T.);
#1786=ORIENTED_EDGE('',*,*,#1785,.F.);
#1787=EDGE_LOOP('',(#1782,#1784,#1786));
#1788=FACE_OUTER_BOUND('',#1787,.F.);
#1789=ADVANCED_FACE('',(#1788),#1781,.T.);
#1790=ORIENTED_EDGE('',*,*,#1137,.T.);
#1791=ORIENTED_EDGE('',*,*,#1785,.T.);
#1792=ORIENTED_EDGE('',*,*,#1783,.F.);
#1793=EDGE_LOOP('',(#1790,#1791,#1792));
#1794=FACE_OUTER_BOUND('',#1793,.F.);
#1795=ADVANCED_FACE('',(#1794),#1781,.T.);
#1796=CARTESIAN_POINT('',(3.2E0,0.E0,0.E0));
#1797=AXIS2_PLACEMENT_3D('',#1796,#76,#97);
#1798=PLANE('',#1797);
#1799=ORIENTED_EDGE('',*,*,#1069,.F.);
#1800=EDGE_CURVE('',#768,#824,#449,.T.);
#1801=ORIENTED_EDGE('',*,*,#1800,.T.);
#1802=EDGE_CURVE('',#824,#749,#452,.T.);
#1803=ORIENTED_EDGE('',*,*,#1802,.T.);
#1804=EDGE_CURVE('',#749,#750,#456,.T.);
#1805=ORIENTED_EDGE('',*,*,#1804,.T.);
#1806=EDGE_CURVE('',#750,#751,#460,.T.);
#1807=ORIENTED_EDGE('',*,*,#1806,.T.);
#1808=EDGE_CURVE('',#751,#752,#463,.T.);
#1809=ORIENTED_EDGE('',*,*,#1808,.T.);
#1810=EDGE_CURVE('',#752,#753,#465,.T.);
#1811=ORIENTED_EDGE('',*,*,#1810,.T.);
#1812=EDGE_CURVE('',#753,#754,#468,.T.);
#1813=ORIENTED_EDGE('',*,*,#1812,.T.);
#1814=EDGE_CURVE('',#754,#755,#470,.T.);
#1815=ORIENTED_EDGE('',*,*,#1814,.T.);
#1816=EDGE_CURVE('',#755,#756,#474,.T.);
#1817=ORIENTED_EDGE('',*,*,#1816,.T.);
#1818=EDGE_CURVE('',#756,#773,#477,.T.);
#1819=ORIENTED_EDGE('',*,*,#1818,.T.);
#1820=EDGE_CURVE('',#773,#769,#480,.T.);
#1821=ORIENTED_EDGE('',*,*,#1820,.T.);
#1822=EDGE_LOOP('',(#1799,#1801,#1803,#1805,#1807,#1809,#1811,#1813,#1815,#1817,#1819,#1821));
#1823=FACE_OUTER_BOUND('',#1822,.F.);
#1824=ADVANCED_FACE('',(#1823),#1798,.F.);
#1825=AXIS2_PLACEMENT_3D('',#158,#80,#97);
#1826=PLANE('',#1825);
#1827=ORIENTED_EDGE('',*,*,#1075,.T.);
#1828=EDGE_CURVE('',#771,#826,#503,.T.);
#1829=ORIENTED_EDGE('',*,*,#1828,.T.);
#1830=EDGE_CURVE('',#824,#826,#517,.T.);
#1831=ORIENTED_EDGE('',*,*,#1830,.F.);
#1832=ORIENTED_EDGE('',*,*,#1800,.F.);
#1833=EDGE_LOOP('',(#1827,#1829,#1831,#1832));
#1834=FACE_OUTER_BOUND('',#1833,.F.);
#1835=ADVANCED_FACE('',(#1834),#1826,.T.);
#1836=CARTESIAN_POINT('',(3.8E0,0.E0,0.E0));
#1837=AXIS2_PLACEMENT_3D('',#1836,#76,#97);
#1838=PLANE('',#1837);
#1839=ORIENTED_EDGE('',*,*,#1073,.T.);
#1840=EDGE_CURVE('',#774,#772,#482,.T.);
#1841=ORIENTED_EDGE('',*,*,#1840,.F.);
#1842=EDGE_CURVE('',#767,#774,#485,.T.);
#1843=ORIENTED_EDGE('',*,*,#1842,.F.);
#1844=EDGE_CURVE('',#766,#767,#487,.T.);
#1845=ORIENTED_EDGE('',*,*,#1844,.F.);
#1846=EDGE_CURVE('',#764,#766,#490,.T.);
#1847=ORIENTED_EDGE('',*,*,#1846,.F.);
#1848=EDGE_CURVE('',#762,#764,#492,.T.);
#1849=ORIENTED_EDGE('',*,*,#1848,.F.);
#1850=EDGE_CURVE('',#761,#762,#494,.T.);
#1851=ORIENTED_EDGE('',*,*,#1850,.F.);
#1852=EDGE_CURVE('',#760,#761,#496,.T.);
#1853=ORIENTED_EDGE('',*,*,#1852,.F.);
#1854=EDGE_CURVE('',#759,#760,#498,.T.);
#1855=ORIENTED_EDGE('',*,*,#1854,.F.);
#1856=EDGE_CURVE('',#758,#759,#500,.T.);
#1857=ORIENTED_EDGE('',*,*,#1856,.F.);
#1858=EDGE_CURVE('',#826,#758,#502,.T.);
#1859=ORIENTED_EDGE('',*,*,#1858,.F.);
#1860=ORIENTED_EDGE('',*,*,#1828,.F.);
#1861=EDGE_LOOP('',(#1839,#1841,#1843,#1845,#1847,#1849,#1851,#1853,#1855,#1857,#1859,#1860));
#1862=FACE_OUTER_BOUND('',#1861,.F.);
#1863=ADVANCED_FACE('',(#1862),#1838,.T.);
#1864=AXIS2_PLACEMENT_3D('',#479,#72,#104);
#1865=PLANE('',#1864);
#1866=ORIENTED_EDGE('',*,*,#1071,.F.);
#1867=ORIENTED_EDGE('',*,*,#1820,.F.);
#1868=EDGE_CURVE('',#773,#774,#504,.T.);
#1869=ORIENTED_EDGE('',*,*,#1868,.T.);
#1870=ORIENTED_EDGE('',*,*,#1840,.T.);
#1871=EDGE_LOOP('',(#1866,#1867,#1869,#1870));
#1872=FACE_OUTER_BOUND('',#1871,.F.);
#1873=ADVANCED_FACE('',(#1872),#1865,.T.);
#1874=AXIS2_PLACEMENT_3D('',#450,#76,#97);
#1875=CYLINDRICAL_SURFACE('',#1874,6.5E-1);
#1876=ORIENTED_EDGE('',*,*,#1818,.F.);
#1877=EDGE_CURVE('',#756,#767,#506,.T.);
#1878=ORIENTED_EDGE('',*,*,#1877,.T.);
#1879=ORIENTED_EDGE('',*,*,#1842,.T.);
#1880=ORIENTED_EDGE('',*,*,#1868,.F.);
#1881=EDGE_LOOP('',(#1876,#1878,#1879,#1880));
#1882=FACE_OUTER_BOUND('',#1881,.F.);
#1883=ADVANCED_FACE('',(#1882),#1875,.T.);
#1884=AXIS2_PLACEMENT_3D('',#473,#475,#471);
#1885=PLANE('',#1884);
#1886=ORIENTED_EDGE('',*,*,#1816,.F.);
#1887=EDGE_CURVE('',#755,#766,#507,.T.);
#1888=ORIENTED_EDGE('',*,*,#1887,.T.);
#1889=ORIENTED_EDGE('',*,*,#1844,.T.);
#1890=ORIENTED_EDGE('',*,*,#1877,.F.);
#1891=EDGE_LOOP('',(#1886,#1888,#1889,#1890));
#1892=FACE_OUTER_BOUND('',#1891,.F.);
#1893=ADVANCED_FACE('',(#1892),#1885,.T.);
#1894=AXIS2_PLACEMENT_3D('',#457,#76,#97);
#1895=CYLINDRICAL_SURFACE('',#1894,4.E-1);
#1896=ORIENTED_EDGE('',*,*,#1814,.F.);
#1897=EDGE_CURVE('',#754,#764,#509,.T.);
#1898=ORIENTED_EDGE('',*,*,#1897,.T.);
#1899=ORIENTED_EDGE('',*,*,#1846,.T.);
#1900=ORIENTED_EDGE('',*,*,#1887,.F.);
#1901=EDGE_LOOP('',(#1896,#1898,#1899,#1900));
#1902=FACE_OUTER_BOUND('',#1901,.F.);
#1903=ADVANCED_FACE('',(#1902),#1895,.F.);
#1904=AXIS2_PLACEMENT_3D('',#467,#72,#104);
#1905=PLANE('',#1904);
#1906=ORIENTED_EDGE('',*,*,#1812,.F.);
#1907=EDGE_CURVE('',#753,#762,#510,.T.);
#1908=ORIENTED_EDGE('',*,*,#1907,.T.);
#1909=ORIENTED_EDGE('',*,*,#1848,.T.);
#1910=ORIENTED_EDGE('',*,*,#1897,.F.);
#1911=EDGE_LOOP('',(#1906,#1908,#1909,#1910));
#1912=FACE_OUTER_BOUND('',#1911,.F.);
#1913=ADVANCED_FACE('',(#1912),#1905,.T.);
#1914=AXIS2_PLACEMENT_3D('',#464,#97,#72);
#1915=PLANE('',#1914);
#1916=ORIENTED_EDGE('',*,*,#1810,.F.);
#1917=EDGE_CURVE('',#752,#761,#511,.T.);
#1918=ORIENTED_EDGE('',*,*,#1917,.T.);
#1919=ORIENTED_EDGE('',*,*,#1850,.T.);
#1920=ORIENTED_EDGE('',*,*,#1907,.F.);
#1921=EDGE_LOOP('',(#1916,#1918,#1919,#1920));
#1922=FACE_OUTER_BOUND('',#1921,.F.);
#1923=ADVANCED_FACE('',(#1922),#1915,.T.);
#1924=AXIS2_PLACEMENT_3D('',#462,#80,#97);
#1925=PLANE('',#1924);
#1926=ORIENTED_EDGE('',*,*,#1808,.F.);
#1927=EDGE_CURVE('',#751,#760,#512,.T.);
#1928=ORIENTED_EDGE('',*,*,#1927,.T.);
#1929=ORIENTED_EDGE('',*,*,#1852,.T.);
#1930=ORIENTED_EDGE('',*,*,#1917,.F.);
#1931=EDGE_LOOP('',(#1926,#1928,#1929,#1930));
#1932=FACE_OUTER_BOUND('',#1931,.F.);
#1933=ADVANCED_FACE('',(#1932),#1925,.T.);
#1934=CYLINDRICAL_SURFACE('',#1894,6.5E-1);
#1935=ORIENTED_EDGE('',*,*,#1806,.F.);
#1936=EDGE_CURVE('',#750,#759,#514,.T.);
#1937=ORIENTED_EDGE('',*,*,#1936,.T.);
#1938=ORIENTED_EDGE('',*,*,#1854,.T.);
#1939=ORIENTED_EDGE('',*,*,#1927,.F.);
#1940=EDGE_LOOP('',(#1935,#1937,#1938,#1939));
#1941=FACE_OUTER_BOUND('',#1940,.F.);
#1942=ADVANCED_FACE('',(#1941),#1934,.T.);
#1943=AXIS2_PLACEMENT_3D('',#455,#458,#453);
#1944=PLANE('',#1943);
#1945=ORIENTED_EDGE('',*,*,#1804,.F.);
#1946=EDGE_CURVE('',#749,#758,#515,.T.);
#1947=ORIENTED_EDGE('',*,*,#1946,.T.);
#1948=ORIENTED_EDGE('',*,*,#1856,.T.);
#1949=ORIENTED_EDGE('',*,*,#1936,.F.);
#1950=EDGE_LOOP('',(#1945,#1947,#1948,#1949));
#1951=FACE_OUTER_BOUND('',#1950,.F.);
#1952=ADVANCED_FACE('',(#1951),#1944,.T.);
#1953=CYLINDRICAL_SURFACE('',#1874,4.E-1);
#1954=ORIENTED_EDGE('',*,*,#1802,.F.);
#1955=ORIENTED_EDGE('',*,*,#1830,.T.);
#1956=ORIENTED_EDGE('',*,*,#1858,.T.);
#1957=ORIENTED_EDGE('',*,*,#1946,.F.);
#1958=EDGE_LOOP('',(#1954,#1955,#1956,#1957));
#1959=FACE_OUTER_BOUND('',#1958,.F.);
#1960=ADVANCED_FACE('',(#1959),#1953,.F.);
#1961=CARTESIAN_POINT('',(7.E-1,0.E0,0.E0));
#1962=AXIS2_PLACEMENT_3D('',#1961,#76,#97);
#1963=PLANE('',#1962);
#1964=ORIENTED_EDGE('',*,*,#1079,.F.);
#1965=EDGE_CURVE('',#861,#837,#518,.T.);
#1966=ORIENTED_EDGE('',*,*,#1965,.T.);
#1967=EDGE_CURVE('',#837,#838,#521,.T.);
#1968=ORIENTED_EDGE('',*,*,#1967,.T.);
#1969=EDGE_CURVE('',#838,#839,#523,.T.);
#1970=ORIENTED_EDGE('',*,*,#1969,.T.);
#1971=EDGE_CURVE('',#839,#840,#526,.T.);
#1972=ORIENTED_EDGE('',*,*,#1971,.T.);
#1973=EDGE_CURVE('',#840,#841,#528,.T.);
#1974=ORIENTED_EDGE('',*,*,#1973,.T.);
#1975=EDGE_CURVE('',#841,#842,#530,.T.);
#1976=ORIENTED_EDGE('',*,*,#1975,.T.);
#1977=EDGE_CURVE('',#842,#843,#532,.T.);
#1978=ORIENTED_EDGE('',*,*,#1977,.T.);
#1979=EDGE_CURVE('',#843,#844,#534,.T.);
#1980=ORIENTED_EDGE('',*,*,#1979,.T.);
#1981=EDGE_CURVE('',#844,#845,#536,.T.);
#1982=ORIENTED_EDGE('',*,*,#1981,.T.);
#1983=EDGE_CURVE('',#845,#846,#538,.T.);
#1984=ORIENTED_EDGE('',*,*,#1983,.T.);
#1985=EDGE_CURVE('',#846,#862,#540,.T.);
#1986=ORIENTED_EDGE('',*,*,#1985,.T.);
#1987=EDGE_LOOP('',(#1964,#1966,#1968,#1970,#1972,#1974,#1976,#1978,#1980,#1982,#1984,#1986));
#1988=FACE_OUTER_BOUND('',#1987,.F.);
#1989=ADVANCED_FACE('',(#1988),#1963,.F.);
#1990=AXIS2_PLACEMENT_3D('',#166,#80,#97);
#1991=PLANE('',#1990);
#1992=ORIENTED_EDGE('',*,*,#1085,.T.);
#1993=EDGE_CURVE('',#864,#848,#563,.T.);
#1994=ORIENTED_EDGE('',*,*,#1993,.T.);
#1995=EDGE_CURVE('',#837,#848,#577,.T.);
#1996=ORIENTED_EDGE('',*,*,#1995,.F.);
#1997=ORIENTED_EDGE('',*,*,#1965,.F.);
#1998=EDGE_LOOP('',(#1992,#1994,#1996,#1997));
#1999=FACE_OUTER_BOUND('',#1998,.F.);
#2000=ADVANCED_FACE('',(#1999),#1991,.T.);
#2001=CARTESIAN_POINT('',(1.3E0,0.E0,0.E0));
#2002=AXIS2_PLACEMENT_3D('',#2001,#76,#97);
#2003=PLANE('',#2002);
#2004=ORIENTED_EDGE('',*,*,#1083,.T.);
#2005=EDGE_CURVE('',#860,#865,#542,.T.);
#2006=ORIENTED_EDGE('',*,*,#2005,.F.);
#2007=EDGE_CURVE('',#859,#860,#545,.T.);
#2008=ORIENTED_EDGE('',*,*,#2007,.F.);
#2009=EDGE_CURVE('',#857,#859,#547,.T.);
#2010=ORIENTED_EDGE('',*,*,#2009,.F.);
#2011=EDGE_CURVE('',#856,#857,#550,.T.);
#2012=ORIENTED_EDGE('',*,*,#2011,.F.);
#2013=EDGE_CURVE('',#854,#856,#552,.T.);
#2014=ORIENTED_EDGE('',*,*,#2013,.F.);
#2015=EDGE_CURVE('',#853,#854,#554,.T.);
#2016=ORIENTED_EDGE('',*,*,#2015,.F.);
#2017=EDGE_CURVE('',#852,#853,#556,.T.);
#2018=ORIENTED_EDGE('',*,*,#2017,.F.);
#2019=EDGE_CURVE('',#851,#852,#558,.T.);
#2020=ORIENTED_EDGE('',*,*,#2019,.F.);
#2021=EDGE_CURVE('',#849,#851,#560,.T.);
#2022=ORIENTED_EDGE('',*,*,#2021,.F.);
#2023=EDGE_CURVE('',#848,#849,#562,.T.);
#2024=ORIENTED_EDGE('',*,*,#2023,.F.);
#2025=ORIENTED_EDGE('',*,*,#1993,.F.);
#2026=EDGE_LOOP('',(#2004,#2006,#2008,#2010,#2012,#2014,#2016,#2018,#2020,#2022,#2024,#2025));
#2027=FACE_OUTER_BOUND('',#2026,.F.);
#2028=ADVANCED_FACE('',(#2027),#2003,.T.);
#2029=AXIS2_PLACEMENT_3D('',#539,#72,#104);
#2030=PLANE('',#2029);
#2031=ORIENTED_EDGE('',*,*,#1081,.F.);
#2032=ORIENTED_EDGE('',*,*,#1985,.F.);
#2033=EDGE_CURVE('',#846,#860,#564,.T.);
#2034=ORIENTED_EDGE('',*,*,#2033,.T.);
#2035=ORIENTED_EDGE('',*,*,#2005,.T.);
#2036=EDGE_LOOP('',(#2031,#2032,#2034,#2035));
#2037=FACE_OUTER_BOUND('',#2036,.F.);
#2038=ADVANCED_FACE('',(#2037),#2030,.T.);
#2039=AXIS2_PLACEMENT_3D('',#519,#76,#97);
#2040=CYLINDRICAL_SURFACE('',#2039,6.5E-1);
#2041=ORIENTED_EDGE('',*,*,#1983,.F.);
#2042=EDGE_CURVE('',#845,#859,#566,.T.);
#2043=ORIENTED_EDGE('',*,*,#2042,.T.);
#2044=ORIENTED_EDGE('',*,*,#2007,.T.);
#2045=ORIENTED_EDGE('',*,*,#2033,.F.);
#2046=EDGE_LOOP('',(#2041,#2043,#2044,#2045));
#2047=FACE_OUTER_BOUND('',#2046,.F.);
#2048=ADVANCED_FACE('',(#2047),#2040,.T.);
#2049=AXIS2_PLACEMENT_3D('',#535,#475,#471);
#2050=PLANE('',#2049);
#2051=ORIENTED_EDGE('',*,*,#1981,.F.);
#2052=EDGE_CURVE('',#844,#857,#567,.T.);
#2053=ORIENTED_EDGE('',*,*,#2052,.T.);
#2054=ORIENTED_EDGE('',*,*,#2009,.T.);
#2055=ORIENTED_EDGE('',*,*,#2042,.F.);
#2056=EDGE_LOOP('',(#2051,#2053,#2054,#2055));
#2057=FACE_OUTER_BOUND('',#2056,.F.);
#2058=ADVANCED_FACE('',(#2057),#2050,.T.);
#2059=AXIS2_PLACEMENT_3D('',#524,#76,#97);
#2060=CYLINDRICAL_SURFACE('',#2059,4.E-1);
#2061=ORIENTED_EDGE('',*,*,#1979,.F.);
#2062=EDGE_CURVE('',#843,#856,#569,.T.);
#2063=ORIENTED_EDGE('',*,*,#2062,.T.);
#2064=ORIENTED_EDGE('',*,*,#2011,.T.);
#2065=ORIENTED_EDGE('',*,*,#2052,.F.);
#2066=EDGE_LOOP('',(#2061,#2063,#2064,#2065));
#2067=FACE_OUTER_BOUND('',#2066,.F.);
#2068=ADVANCED_FACE('',(#2067),#2060,.F.);
#2069=AXIS2_PLACEMENT_3D('',#531,#72,#104);
#2070=PLANE('',#2069);
#2071=ORIENTED_EDGE('',*,*,#1977,.F.);
#2072=EDGE_CURVE('',#842,#854,#570,.T.);
#2073=ORIENTED_EDGE('',*,*,#2072,.T.);
#2074=ORIENTED_EDGE('',*,*,#2013,.T.);
#2075=ORIENTED_EDGE('',*,*,#2062,.F.);
#2076=EDGE_LOOP('',(#2071,#2073,#2074,#2075));
#2077=FACE_OUTER_BOUND('',#2076,.F.);
#2078=ADVANCED_FACE('',(#2077),#2070,.T.);
#2079=AXIS2_PLACEMENT_3D('',#529,#97,#72);
#2080=PLANE('',#2079);
#2081=ORIENTED_EDGE('',*,*,#1975,.F.);
#2082=EDGE_CURVE('',#841,#853,#571,.T.);
#2083=ORIENTED_EDGE('',*,*,#2082,.T.);
#2084=ORIENTED_EDGE('',*,*,#2015,.T.);
#2085=ORIENTED_EDGE('',*,*,#2072,.F.);
#2086=EDGE_LOOP('',(#2081,#2083,#2084,#2085));
#2087=FACE_OUTER_BOUND('',#2086,.F.);
#2088=ADVANCED_FACE('',(#2087),#2080,.T.);
#2089=AXIS2_PLACEMENT_3D('',#527,#80,#97);
#2090=PLANE('',#2089);
#2091=ORIENTED_EDGE('',*,*,#1973,.F.);
#2092=EDGE_CURVE('',#840,#852,#572,.T.);
#2093=ORIENTED_EDGE('',*,*,#2092,.T.);
#2094=ORIENTED_EDGE('',*,*,#2017,.T.);
#2095=ORIENTED_EDGE('',*,*,#2082,.F.);
#2096=EDGE_LOOP('',(#2091,#2093,#2094,#2095));
#2097=FACE_OUTER_BOUND('',#2096,.F.);
#2098=ADVANCED_FACE('',(#2097),#2090,.T.);
#2099=CYLINDRICAL_SURFACE('',#2059,6.5E-1);
#2100=ORIENTED_EDGE('',*,*,#1971,.F.);
#2101=EDGE_CURVE('',#839,#851,#574,.T.);
#2102=ORIENTED_EDGE('',*,*,#2101,.T.);
#2103=ORIENTED_EDGE('',*,*,#2019,.T.);
#2104=ORIENTED_EDGE('',*,*,#2092,.F.);
#2105=EDGE_LOOP('',(#2100,#2102,#2103,#2104));
#2106=FACE_OUTER_BOUND('',#2105,.F.);
#2107=ADVANCED_FACE('',(#2106),#2099,.T.);
#2108=AXIS2_PLACEMENT_3D('',#522,#458,#453);
#2109=PLANE('',#2108);
#2110=ORIENTED_EDGE('',*,*,#1969,.F.);
#2111=EDGE_CURVE('',#838,#849,#575,.T.);
#2112=ORIENTED_EDGE('',*,*,#2111,.T.);
#2113=ORIENTED_EDGE('',*,*,#2021,.T.);
#2114=ORIENTED_EDGE('',*,*,#2101,.F.);
#2115=EDGE_LOOP('',(#2110,#2112,#2113,#2114));
#2116=FACE_OUTER_BOUND('',#2115,.F.);
#2117=ADVANCED_FACE('',(#2116),#2109,.T.);
#2118=CYLINDRICAL_SURFACE('',#2039,4.E-1);
#2119=ORIENTED_EDGE('',*,*,#1967,.F.);
#2120=ORIENTED_EDGE('',*,*,#1995,.T.);
#2121=ORIENTED_EDGE('',*,*,#2023,.T.);
#2122=ORIENTED_EDGE('',*,*,#2111,.F.);
#2123=EDGE_LOOP('',(#2119,#2120,#2121,#2122));
#2124=FACE_OUTER_BOUND('',#2123,.F.);
#2125=ADVANCED_FACE('',(#2124),#2118,.F.);
#2126=CARTESIAN_POINT('',(-1.3E0,0.E0,0.E0));
#2127=AXIS2_PLACEMENT_3D('',#2126,#76,#97);
#2128=PLANE('',#2127);
#2129=ORIENTED_EDGE('',*,*,#1089,.F.);
#2130=EDGE_CURVE('',#890,#866,#578,.T.);
#2131=ORIENTED_EDGE('',*,*,#2130,.T.);
#2132=EDGE_CURVE('',#866,#867,#581,.T.);
#2133=ORIENTED_EDGE('',*,*,#2132,.T.);
#2134=EDGE_CURVE('',#867,#868,#583,.T.);
#2135=ORIENTED_EDGE('',*,*,#2134,.T.);
#2136=EDGE_CURVE('',#868,#869,#586,.T.);
#2137=ORIENTED_EDGE('',*,*,#2136,.T.);
#2138=EDGE_CURVE('',#869,#870,#588,.T.);
#2139=ORIENTED_EDGE('',*,*,#2138,.T.);
#2140=EDGE_CURVE('',#870,#871,#590,.T.);
#2141=ORIENTED_EDGE('',*,*,#2140,.T.);
#2142=EDGE_CURVE('',#871,#872,#592,.T.);
#2143=ORIENTED_EDGE('',*,*,#2142,.T.);
#2144=EDGE_CURVE('',#872,#873,#594,.T.);
#2145=ORIENTED_EDGE('',*,*,#2144,.T.);
#2146=EDGE_CURVE('',#873,#874,#596,.T.);
#2147=ORIENTED_EDGE('',*,*,#2146,.T.);
#2148=EDGE_CURVE('',#874,#875,#598,.T.);
#2149=ORIENTED_EDGE('',*,*,#2148,.T.);
#2150=EDGE_CURVE('',#875,#891,#600,.T.);
#2151=ORIENTED_EDGE('',*,*,#2150,.T.);
#2152=EDGE_LOOP('',(#2129,#2131,#2133,#2135,#2137,#2139,#2141,#2143,#2145,#2147,#2149,#2151));
#2153=FACE_OUTER_BOUND('',#2152,.F.);
#2154=ADVANCED_FACE('',(#2153),#2128,.F.);
#2155=AXIS2_PLACEMENT_3D('',#173,#80,#97);
#2156=PLANE('',#2155);
#2157=ORIENTED_EDGE('',*,*,#1095,.T.);
#2158=EDGE_CURVE('',#893,#877,#623,.T.);
#2159=ORIENTED_EDGE('',*,*,#2158,.T.);
#2160=EDGE_CURVE('',#866,#877,#637,.T.);
#2161=ORIENTED_EDGE('',*,*,#2160,.F.);
#2162=ORIENTED_EDGE('',*,*,#2130,.F.);
#2163=EDGE_LOOP('',(#2157,#2159,#2161,#2162));
#2164=FACE_OUTER_BOUND('',#2163,.F.);
#2165=ADVANCED_FACE('',(#2164),#2156,.T.);
#2166=CARTESIAN_POINT('',(-7.E-1,0.E0,0.E0));
#2167=AXIS2_PLACEMENT_3D('',#2166,#76,#97);
#2168=PLANE('',#2167);
#2169=ORIENTED_EDGE('',*,*,#1093,.T.);
#2170=EDGE_CURVE('',#889,#894,#602,.T.);
#2171=ORIENTED_EDGE('',*,*,#2170,.F.);
#2172=EDGE_CURVE('',#888,#889,#605,.T.);
#2173=ORIENTED_EDGE('',*,*,#2172,.F.);
#2174=EDGE_CURVE('',#886,#888,#607,.T.);
#2175=ORIENTED_EDGE('',*,*,#2174,.F.);
#2176=EDGE_CURVE('',#885,#886,#610,.T.);
#2177=ORIENTED_EDGE('',*,*,#2176,.F.);
#2178=EDGE_CURVE('',#883,#885,#612,.T.);
#2179=ORIENTED_EDGE('',*,*,#2178,.F.);
#2180=EDGE_CURVE('',#882,#883,#614,.T.);
#2181=ORIENTED_EDGE('',*,*,#2180,.F.);
#2182=EDGE_CURVE('',#881,#882,#616,.T.);
#2183=ORIENTED_EDGE('',*,*,#2182,.F.);
#2184=EDGE_CURVE('',#880,#881,#618,.T.);
#2185=ORIENTED_EDGE('',*,*,#2184,.F.);
#2186=EDGE_CURVE('',#878,#880,#620,.T.);
#2187=ORIENTED_EDGE('',*,*,#2186,.F.);
#2188=EDGE_CURVE('',#877,#878,#622,.T.);
#2189=ORIENTED_EDGE('',*,*,#2188,.F.);
#2190=ORIENTED_EDGE('',*,*,#2158,.F.);
#2191=EDGE_LOOP('',(#2169,#2171,#2173,#2175,#2177,#2179,#2181,#2183,#2185,#2187,#2189,#2190));
#2192=FACE_OUTER_BOUND('',#2191,.F.);
#2193=ADVANCED_FACE('',(#2192),#2168,.T.);
#2194=AXIS2_PLACEMENT_3D('',#599,#72,#104);
#2195=PLANE('',#2194);
#2196=ORIENTED_EDGE('',*,*,#1091,.F.);
#2197=ORIENTED_EDGE('',*,*,#2150,.F.);
#2198=EDGE_CURVE('',#875,#889,#624,.T.);
#2199=ORIENTED_EDGE('',*,*,#2198,.T.);
#2200=ORIENTED_EDGE('',*,*,#2170,.T.);
#2201=EDGE_LOOP('',(#2196,#2197,#2199,#2200));
#2202=FACE_OUTER_BOUND('',#2201,.F.);
#2203=ADVANCED_FACE('',(#2202),#2195,.T.);
#2204=AXIS2_PLACEMENT_3D('',#579,#76,#97);
#2205=CYLINDRICAL_SURFACE('',#2204,6.5E-1);
#2206=ORIENTED_EDGE('',*,*,#2148,.F.);
#2207=EDGE_CURVE('',#874,#888,#626,.T.);
#2208=ORIENTED_EDGE('',*,*,#2207,.T.);
#2209=ORIENTED_EDGE('',*,*,#2172,.T.);
#2210=ORIENTED_EDGE('',*,*,#2198,.F.);
#2211=EDGE_LOOP('',(#2206,#2208,#2209,#2210));
#2212=FACE_OUTER_BOUND('',#2211,.F.);
#2213=ADVANCED_FACE('',(#2212),#2205,.T.);
#2214=AXIS2_PLACEMENT_3D('',#595,#475,#471);
#2215=PLANE('',#2214);
#2216=ORIENTED_EDGE('',*,*,#2146,.F.);
#2217=EDGE_CURVE('',#873,#886,#627,.T.);
#2218=ORIENTED_EDGE('',*,*,#2217,.T.);
#2219=ORIENTED_EDGE('',*,*,#2174,.T.);
#2220=ORIENTED_EDGE('',*,*,#2207,.F.);
#2221=EDGE_LOOP('',(#2216,#2218,#2219,#2220));
#2222=FACE_OUTER_BOUND('',#2221,.F.);
#2223=ADVANCED_FACE('',(#2222),#2215,.T.);
#2224=AXIS2_PLACEMENT_3D('',#584,#76,#97);
#2225=CYLINDRICAL_SURFACE('',#2224,4.E-1);
#2226=ORIENTED_EDGE('',*,*,#2144,.F.);
#2227=EDGE_CURVE('',#872,#885,#629,.T.);
#2228=ORIENTED_EDGE('',*,*,#2227,.T.);
#2229=ORIENTED_EDGE('',*,*,#2176,.T.);
#2230=ORIENTED_EDGE('',*,*,#2217,.F.);
#2231=EDGE_LOOP('',(#2226,#2228,#2229,#2230));
#2232=FACE_OUTER_BOUND('',#2231,.F.);
#2233=ADVANCED_FACE('',(#2232),#2225,.F.);
#2234=AXIS2_PLACEMENT_3D('',#591,#72,#104);
#2235=PLANE('',#2234);
#2236=ORIENTED_EDGE('',*,*,#2142,.F.);
#2237=EDGE_CURVE('',#871,#883,#630,.T.);
#2238=ORIENTED_EDGE('',*,*,#2237,.T.);
#2239=ORIENTED_EDGE('',*,*,#2178,.T.);
#2240=ORIENTED_EDGE('',*,*,#2227,.F.);
#2241=EDGE_LOOP('',(#2236,#2238,#2239,#2240));
#2242=FACE_OUTER_BOUND('',#2241,.F.);
#2243=ADVANCED_FACE('',(#2242),#2235,.T.);
#2244=AXIS2_PLACEMENT_3D('',#589,#97,#72);
#2245=PLANE('',#2244);
#2246=ORIENTED_EDGE('',*,*,#2140,.F.);
#2247=EDGE_CURVE('',#870,#882,#631,.T.);
#2248=ORIENTED_EDGE('',*,*,#2247,.T.);
#2249=ORIENTED_EDGE('',*,*,#2180,.T.);
#2250=ORIENTED_EDGE('',*,*,#2237,.F.);
#2251=EDGE_LOOP('',(#2246,#2248,#2249,#2250));
#2252=FACE_OUTER_BOUND('',#2251,.F.);
#2253=ADVANCED_FACE('',(#2252),#2245,.T.);
#2254=AXIS2_PLACEMENT_3D('',#587,#80,#97);
#2255=PLANE('',#2254);
#2256=ORIENTED_EDGE('',*,*,#2138,.F.);
#2257=EDGE_CURVE('',#869,#881,#632,.T.);
#2258=ORIENTED_EDGE('',*,*,#2257,.T.);
#2259=ORIENTED_EDGE('',*,*,#2182,.T.);
#2260=ORIENTED_EDGE('',*,*,#2247,.F.);
#2261=EDGE_LOOP('',(#2256,#2258,#2259,#2260));
#2262=FACE_OUTER_BOUND('',#2261,.F.);
#2263=ADVANCED_FACE('',(#2262),#2255,.T.);
#2264=CYLINDRICAL_SURFACE('',#2224,6.5E-1);
#2265=ORIENTED_EDGE('',*,*,#2136,.F.);
#2266=EDGE_CURVE('',#868,#880,#634,.T.);
#2267=ORIENTED_EDGE('',*,*,#2266,.T.);
#2268=ORIENTED_EDGE('',*,*,#2184,.T.);
#2269=ORIENTED_EDGE('',*,*,#2257,.F.);
#2270=EDGE_LOOP('',(#2265,#2267,#2268,#2269));
#2271=FACE_OUTER_BOUND('',#2270,.F.);
#2272=ADVANCED_FACE('',(#2271),#2264,.T.);
#2273=AXIS2_PLACEMENT_3D('',#582,#458,#453);
#2274=PLANE('',#2273);
#2275=ORIENTED_EDGE('',*,*,#2134,.F.);
#2276=EDGE_CURVE('',#867,#878,#635,.T.);
#2277=ORIENTED_EDGE('',*,*,#2276,.T.);
#2278=ORIENTED_EDGE('',*,*,#2186,.T.);
#2279=ORIENTED_EDGE('',*,*,#2266,.F.);
#2280=EDGE_LOOP('',(#2275,#2277,#2278,#2279));
#2281=FACE_OUTER_BOUND('',#2280,.F.);
#2282=ADVANCED_FACE('',(#2281),#2274,.T.);
#2283=CYLINDRICAL_SURFACE('',#2204,4.E-1);
#2284=ORIENTED_EDGE('',*,*,#2132,.F.);
#2285=ORIENTED_EDGE('',*,*,#2160,.T.);
#2286=ORIENTED_EDGE('',*,*,#2188,.T.);
#2287=ORIENTED_EDGE('',*,*,#2276,.F.);
#2288=EDGE_LOOP('',(#2284,#2285,#2286,#2287));
#2289=FACE_OUTER_BOUND('',#2288,.F.);
#2290=ADVANCED_FACE('',(#2289),#2283,.F.);
#2291=CARTESIAN_POINT('',(-3.8E0,0.E0,0.E0));
#2292=AXIS2_PLACEMENT_3D('',#2291,#76,#97);
#2293=PLANE('',#2292);
#2294=ORIENTED_EDGE('',*,*,#1099,.F.);
#2295=EDGE_CURVE('',#919,#895,#638,.T.);
#2296=ORIENTED_EDGE('',*,*,#2295,.T.);
#2297=EDGE_CURVE('',#895,#896,#641,.T.);
#2298=ORIENTED_EDGE('',*,*,#2297,.T.);
#2299=EDGE_CURVE('',#896,#897,#643,.T.);
#2300=ORIENTED_EDGE('',*,*,#2299,.T.);
#2301=EDGE_CURVE('',#897,#898,#646,.T.);
#2302=ORIENTED_EDGE('',*,*,#2301,.T.);
#2303=EDGE_CURVE('',#898,#899,#648,.T.);
#2304=ORIENTED_EDGE('',*,*,#2303,.T.);
#2305=EDGE_CURVE('',#899,#900,#650,.T.);
#2306=ORIENTED_EDGE('',*,*,#2305,.T.);
#2307=EDGE_CURVE('',#900,#901,#652,.T.);
#2308=ORIENTED_EDGE('',*,*,#2307,.T.);
#2309=EDGE_CURVE('',#901,#902,#654,.T.);
#2310=ORIENTED_EDGE('',*,*,#2309,.T.);
#2311=EDGE_CURVE('',#902,#903,#656,.T.);
#2312=ORIENTED_EDGE('',*,*,#2311,.T.);
#2313=EDGE_CURVE('',#903,#904,#658,.T.);
#2314=ORIENTED_EDGE('',*,*,#2313,.T.);
#2315=EDGE_CURVE('',#904,#920,#660,.T.);
#2316=ORIENTED_EDGE('',*,*,#2315,.T.);
#2317=EDGE_LOOP('',(#2294,#2296,#2298,#2300,#2302,#2304,#2306,#2308,#2310,#2312,#2314,#2316));
#2318=FACE_OUTER_BOUND('',#2317,.F.);
#2319=ADVANCED_FACE('',(#2318),#2293,.F.);
#2320=AXIS2_PLACEMENT_3D('',#180,#80,#97);
#2321=PLANE('',#2320);
#2322=ORIENTED_EDGE('',*,*,#1105,.T.);
#2323=EDGE_CURVE('',#922,#906,#683,.T.);
#2324=ORIENTED_EDGE('',*,*,#2323,.T.);
#2325=EDGE_CURVE('',#895,#906,#697,.T.);
#2326=ORIENTED_EDGE('',*,*,#2325,.F.);
#2327=ORIENTED_EDGE('',*,*,#2295,.F.);
#2328=EDGE_LOOP('',(#2322,#2324,#2326,#2327));
#2329=FACE_OUTER_BOUND('',#2328,.F.);
#2330=ADVANCED_FACE('',(#2329),#2321,.T.);
#2331=CARTESIAN_POINT('',(-3.2E0,0.E0,0.E0));
#2332=AXIS2_PLACEMENT_3D('',#2331,#76,#97);
#2333=PLANE('',#2332);
#2334=ORIENTED_EDGE('',*,*,#1103,.T.);
#2335=EDGE_CURVE('',#918,#923,#662,.T.);
#2336=ORIENTED_EDGE('',*,*,#2335,.F.);
#2337=EDGE_CURVE('',#917,#918,#665,.T.);
#2338=ORIENTED_EDGE('',*,*,#2337,.F.);
#2339=EDGE_CURVE('',#915,#917,#667,.T.);
#2340=ORIENTED_EDGE('',*,*,#2339,.F.);
#2341=EDGE_CURVE('',#914,#915,#670,.T.);
#2342=ORIENTED_EDGE('',*,*,#2341,.F.);
#2343=EDGE_CURVE('',#912,#914,#672,.T.);
#2344=ORIENTED_EDGE('',*,*,#2343,.F.);
#2345=EDGE_CURVE('',#911,#912,#674,.T.);
#2346=ORIENTED_EDGE('',*,*,#2345,.F.);
#2347=EDGE_CURVE('',#910,#911,#676,.T.);
#2348=ORIENTED_EDGE('',*,*,#2347,.F.);
#2349=EDGE_CURVE('',#909,#910,#678,.T.);
#2350=ORIENTED_EDGE('',*,*,#2349,.F.);
#2351=EDGE_CURVE('',#907,#909,#680,.T.);
#2352=ORIENTED_EDGE('',*,*,#2351,.F.);
#2353=EDGE_CURVE('',#906,#907,#682,.T.);
#2354=ORIENTED_EDGE('',*,*,#2353,.F.);
#2355=ORIENTED_EDGE('',*,*,#2323,.F.);
#2356=EDGE_LOOP('',(#2334,#2336,#2338,#2340,#2342,#2344,#2346,#2348,#2350,#2352,#2354,#2355));
#2357=FACE_OUTER_BOUND('',#2356,.F.);
#2358=ADVANCED_FACE('',(#2357),#2333,.T.);
#2359=AXIS2_PLACEMENT_3D('',#659,#72,#104);
#2360=PLANE('',#2359);
#2361=ORIENTED_EDGE('',*,*,#1101,.F.);
#2362=ORIENTED_EDGE('',*,*,#2315,.F.);
#2363=EDGE_CURVE('',#904,#918,#684,.T.);
#2364=ORIENTED_EDGE('',*,*,#2363,.T.);
#2365=ORIENTED_EDGE('',*,*,#2335,.T.);
#2366=EDGE_LOOP('',(#2361,#2362,#2364,#2365));
#2367=FACE_OUTER_BOUND('',#2366,.F.);
#2368=ADVANCED_FACE('',(#2367),#2360,.T.);
#2369=AXIS2_PLACEMENT_3D('',#639,#76,#97);
#2370=CYLINDRICAL_SURFACE('',#2369,6.5E-1);
#2371=ORIENTED_EDGE('',*,*,#2313,.F.);
#2372=EDGE_CURVE('',#903,#917,#686,.T.);
#2373=ORIENTED_EDGE('',*,*,#2372,.T.);
#2374=ORIENTED_EDGE('',*,*,#2337,.T.);
#2375=ORIENTED_EDGE('',*,*,#2363,.F.);
#2376=EDGE_LOOP('',(#2371,#2373,#2374,#2375));
#2377=FACE_OUTER_BOUND('',#2376,.F.);
#2378=ADVANCED_FACE('',(#2377),#2370,.T.);
#2379=AXIS2_PLACEMENT_3D('',#655,#475,#471);
#2380=PLANE('',#2379);
#2381=ORIENTED_EDGE('',*,*,#2311,.F.);
#2382=EDGE_CURVE('',#902,#915,#687,.T.);
#2383=ORIENTED_EDGE('',*,*,#2382,.T.);
#2384=ORIENTED_EDGE('',*,*,#2339,.T.);
#2385=ORIENTED_EDGE('',*,*,#2372,.F.);
#2386=EDGE_LOOP('',(#2381,#2383,#2384,#2385));
#2387=FACE_OUTER_BOUND('',#2386,.F.);
#2388=ADVANCED_FACE('',(#2387),#2380,.T.);
#2389=AXIS2_PLACEMENT_3D('',#644,#76,#97);
#2390=CYLINDRICAL_SURFACE('',#2389,4.E-1);
#2391=ORIENTED_EDGE('',*,*,#2309,.F.);
#2392=EDGE_CURVE('',#901,#914,#689,.T.);
#2393=ORIENTED_EDGE('',*,*,#2392,.T.);
#2394=ORIENTED_EDGE('',*,*,#2341,.T.);
#2395=ORIENTED_EDGE('',*,*,#2382,.F.);
#2396=EDGE_LOOP('',(#2391,#2393,#2394,#2395));
#2397=FACE_OUTER_BOUND('',#2396,.F.);
#2398=ADVANCED_FACE('',(#2397),#2390,.F.);
#2399=AXIS2_PLACEMENT_3D('',#651,#72,#104);
#2400=PLANE('',#2399);
#2401=ORIENTED_EDGE('',*,*,#2307,.F.);
#2402=EDGE_CURVE('',#900,#912,#690,.T.);
#2403=ORIENTED_EDGE('',*,*,#2402,.T.);
#2404=ORIENTED_EDGE('',*,*,#2343,.T.);
#2405=ORIENTED_EDGE('',*,*,#2392,.F.);
#2406=EDGE_LOOP('',(#2401,#2403,#2404,#2405));
#2407=FACE_OUTER_BOUND('',#2406,.F.);
#2408=ADVANCED_FACE('',(#2407),#2400,.T.);
#2409=AXIS2_PLACEMENT_3D('',#649,#97,#72);
#2410=PLANE('',#2409);
#2411=ORIENTED_EDGE('',*,*,#2305,.F.);
#2412=EDGE_CURVE('',#899,#911,#691,.T.);
#2413=ORIENTED_EDGE('',*,*,#2412,.T.);
#2414=ORIENTED_EDGE('',*,*,#2345,.T.);
#2415=ORIENTED_EDGE('',*,*,#2402,.F.);
#2416=EDGE_LOOP('',(#2411,#2413,#2414,#2415));
#2417=FACE_OUTER_BOUND('',#2416,.F.);
#2418=ADVANCED_FACE('',(#2417),#2410,.T.);
#2419=AXIS2_PLACEMENT_3D('',#647,#80,#97);
#2420=PLANE('',#2419);
#2421=ORIENTED_EDGE('',*,*,#2303,.F.);
#2422=EDGE_CURVE('',#898,#910,#692,.T.);
#2423=ORIENTED_EDGE('',*,*,#2422,.T.);
#2424=ORIENTED_EDGE('',*,*,#2347,.T.);
#2425=ORIENTED_EDGE('',*,*,#2412,.F.);
#2426=EDGE_LOOP('',(#2421,#2423,#2424,#2425));
#2427=FACE_OUTER_BOUND('',#2426,.F.);
#2428=ADVANCED_FACE('',(#2427),#2420,.T.);
#2429=CYLINDRICAL_SURFACE('',#2389,6.5E-1);
#2430=ORIENTED_EDGE('',*,*,#2301,.F.);
#2431=EDGE_CURVE('',#897,#909,#694,.T.);
#2432=ORIENTED_EDGE('',*,*,#2431,.T.);
#2433=ORIENTED_EDGE('',*,*,#2349,.T.);
#2434=ORIENTED_EDGE('',*,*,#2422,.F.);
#2435=EDGE_LOOP('',(#2430,#2432,#2433,#2434));
#2436=FACE_OUTER_BOUND('',#2435,.F.);
#2437=ADVANCED_FACE('',(#2436),#2429,.T.);
#2438=AXIS2_PLACEMENT_3D('',#642,#458,#453);
#2439=PLANE('',#2438);
#2440=ORIENTED_EDGE('',*,*,#2299,.F.);
#2441=EDGE_CURVE('',#896,#907,#695,.T.);
#2442=ORIENTED_EDGE('',*,*,#2441,.T.);
#2443=ORIENTED_EDGE('',*,*,#2351,.T.);
#2444=ORIENTED_EDGE('',*,*,#2431,.F.);
#2445=EDGE_LOOP('',(#2440,#2442,#2443,#2444));
#2446=FACE_OUTER_BOUND('',#2445,.F.);
#2447=ADVANCED_FACE('',(#2446),#2439,.T.);
#2448=CYLINDRICAL_SURFACE('',#2369,4.E-1);
#2449=ORIENTED_EDGE('',*,*,#2297,.F.);
#2450=ORIENTED_EDGE('',*,*,#2325,.T.);
#2451=ORIENTED_EDGE('',*,*,#2353,.T.);
#2452=ORIENTED_EDGE('',*,*,#2441,.F.);
#2453=EDGE_LOOP('',(#2449,#2450,#2451,#2452));
#2454=FACE_OUTER_BOUND('',#2453,.F.);
#2455=ADVANCED_FACE('',(#2454),#2448,.F.);
#2456=AXIS2_PLACEMENT_3D('',#698,#84,#104);
#2457=SPHERICAL_SURFACE('',#2456,5.027777777778E-1);
#2458=ORIENTED_EDGE('',*,*,#991,.F.);
#2459=EDGE_CURVE('',#814,#805,#702,.T.);
#2460=ORIENTED_EDGE('',*,*,#2459,.F.);
#2461=EDGE_CURVE('',#814,#806,#700,.T.);
#2462=ORIENTED_EDGE('',*,*,#2461,.T.);
#2463=EDGE_LOOP('',(#2458,#2460,#2462));
#2464=FACE_OUTER_BOUND('',#2463,.F.);
#2465=ADVANCED_FACE('',(#2464),#2457,.T.);
#2466=ORIENTED_EDGE('',*,*,#993,.F.);
#2467=ORIENTED_EDGE('',*,*,#2461,.F.);
#2468=ORIENTED_EDGE('',*,*,#2459,.T.);
#2469=EDGE_LOOP('',(#2466,#2467,#2468));
#2470=FACE_OUTER_BOUND('',#2469,.F.);
#2471=ADVANCED_FACE('',(#2470),#2457,.T.);
#2472=CLOSED_SHELL('',(#971,#997,#1011,#1021,#1036,#1049,#1109,#1119,#1141,#1158,#1184,#1196,#1206,#1218,#1225,#1235,#1246,#1254,#1262,#1269,#1279,#1286,#1295,#1324,#1336,#1347,#1358,#1368,#1396,#1411,#1430,#1442,#1451,#1462,#1511,#1523,#1534,#1545,#1581,#1593,#1603,#1613,#1620,#1630,#1640,#1649,#1659,#1669,#1678,#1688,#1698,#1707,#1719,#1729,#1739,#1750,#1760,#1770,#1779,#1789,#1795,#1824,#1835,#1863,#1873,#1883,#1893,#1903,#1913,#1923,#1933,#1942,#1952,#1960,#1989,#2000,#2028,#2038,#2048,#2058,#2068,#2078,#2088,#2098,#2107,#2117,#2125,#2154,#2165,#2193,#2203,#2213,#2223,#2233,#2243,#2253,#2263,#2272,#2282,#2290,#2319,#2330,#2358,#2368,#2378,#2388,#2398,#2408,#2418,#2428,#2437,#2447,#2455,#2465,#2471));
#2473=MANIFOLD_SOLID_BREP('',#2472);
#2474=(LENGTH_UNIT()NAMED_UNIT(*)SI_UNIT(.MILLI.,.METRE.));
#2475=DIMENSIONAL_EXPONENTS(0.E0,0.E0,0.E0,0.E0,0.E0,0.E0,0.E0);
#2476=(NAMED_UNIT(*)PLANE_ANGLE_UNIT()SI_UNIT($,.RADIAN.));
#2477=PLANE_ANGLE_MEASURE_WITH_UNIT(PLANE_ANGLE_MEASURE(1.745329251994E-2),#2476);
#2478=(CONVERSION_BASED_UNIT('DEGREE',#2477)NAMED_UNIT(#2475)PLANE_ANGLE_UNIT());
#2479=(NAMED_UNIT(*)SI_UNIT($,.STERADIAN.)SOLID_ANGLE_UNIT());
#2480=UNCERTAINTY_MEASURE_WITH_UNIT(LENGTH_MEASURE(2.519416391099E-3),#2474,'distance_accuracy_value','Maximum model space distance between geometric entities at asserted connectivities');
#2481=(GEOMETRIC_REPRESENTATION_CONTEXT(3)GLOBAL_UNCERTAINTY_ASSIGNED_CONTEXT((#2480))GLOBAL_UNIT_ASSIGNED_CONTEXT((#2474,#2478,#2479))REPRESENTATION_CONTEXT('ID1','3'));
#2482=ADVANCED_BREP_SHAPE_REPRESENTATION('',(#2473),#2481);
#2483=APPLICATION_CONTEXT('automotive_design');
#2484=APPLICATION_PROTOCOL_DEFINITION('international standard','automotive_design',2001,#2483);
#2485=PRODUCT_DEFINITION_CONTEXT('part definition',#2483,'design');
#2486=PRODUCT_CONTEXT('',#2483,'mechanical');
#2487=PRODUCT('C-1-1734028-1','C-1-1734028-1','NOT SPECIFIED',(#2486));
#2488=PRODUCT_DEFINITION_FORMATION('1','LAST_VERSION',#2487);
#2489=PRODUCT_DEFINITION('part definition','',#2488,#2485);
#2490=PRODUCT_DEFINITION_SHAPE('','SHAPE FOR C-1-1734028-1.',#2489);
#2491=SHAPE_ASPECT('','solid data associated with C-1-1734028-1',#2490,.F.);
#2492=PROPERTY_DEFINITION('','shape for solid data with which properties are associated',#2491);
#2493=SHAPE_REPRESENTATION('',(#2473),#2481);
#2494=SHAPE_DEFINITION_REPRESENTATION(#2492,#2493);
#2495=DERIVED_UNIT_ELEMENT(#2474,2.E0);
#2496=DERIVED_UNIT((#2495));
#2497=MEASURE_REPRESENTATION_ITEM('surface area measure',AREA_MEASURE(9.990403723168E2),#2496);
#2498=PROPERTY_DEFINITION('geometric validation property','area of C-1-1734028-1',#2491);
#2499=REPRESENTATION('surface area',(#2497),#2481);
#2500=PROPERTY_DEFINITION_REPRESENTATION(#2498,#2499);
#2501=DERIVED_UNIT_ELEMENT(#2474,3.E0);
#2502=DERIVED_UNIT((#2501));
#2503=MEASURE_REPRESENTATION_ITEM('volume measure',VOLUME_MEASURE(7.278759611826E2),#2502);
#2504=PROPERTY_DEFINITION('geometric validation property','volume of C-1-1734028-1',#2491);
#2505=REPRESENTATION('volume',(#2503),#2481);
#2506=PROPERTY_DEFINITION_REPRESENTATION(#2504,#2505);
#2507=CARTESIAN_POINT('centre point',(-6.542221521868E-4,-1.306571111846E-1,-1.020241918409E1));
#2508=PROPERTY_DEFINITION('geometric validation property','centroid of C-1-1734028-1',#2491);
#2509=REPRESENTATION('centroid',(#2507),#2481);
#2510=PROPERTY_DEFINITION_REPRESENTATION(#2508,#2509);
#2511=MEASURE_REPRESENTATION_ITEM('surface area measure',AREA_MEASURE(9.990403723168E2),#2496);
#2512=PROPERTY_DEFINITION('geometric validation property','area of C-1-1734028-1',#2490);
#2513=REPRESENTATION('surface area',(#2511),#2481);
#2514=PROPERTY_DEFINITION_REPRESENTATION(#2512,#2513);
#2515=MEASURE_REPRESENTATION_ITEM('volume measure',VOLUME_MEASURE(7.278759611826E2),#2502);
#2516=PROPERTY_DEFINITION('geometric validation property','volume of C-1-1734028-1',#2490);
#2517=REPRESENTATION('volume',(#2515),#2481);
#2518=PROPERTY_DEFINITION_REPRESENTATION(#2516,#2517);
#2519=PROPERTY_DEFINITION('geometric validation property','centroid of C-1-1734028-1',#2490);
#2520=REPRESENTATION('centroid',(#2507),#2481);
#2521=PROPERTY_DEFINITION_REPRESENTATION(#2519,#2520);
#2522=SHAPE_DEFINITION_REPRESENTATION(#2490,#2482);
#2523=PRODUCT_RELATED_PRODUCT_CATEGORY('part','',(#2487));
#2524=PROPERTY_DEFINITION('user defined attribute','',#2489);
#2525=GENERAL_PROPERTY('user defined attribute','','');
#2526=GENERAL_PROPERTY_ASSOCIATION('user defined attribute','',#2525,#2524);
#2527=DESCRIPTIVE_REPRESENTATION_ITEM('PART_NO','1734028');
#2528=REPRESENTATION('',(#2527),#2481);
#2529=PROPERTY_DEFINITION_REPRESENTATION(#2524,#2528);
#2530=DESCRIPTIVE_REPRESENTATION_ITEM('DWG_TITLE','USB CONNECTOR, PLUG,');
#2531=REPRESENTATION('',(#2530),#2481);
#2532=PROPERTY_DEFINITION_REPRESENTATION(#2524,#2531);
#2533=DESCRIPTIVE_REPRESENTATION_ITEM('DWG_TITLE_2','R/A, SMT TYPE');
#2534=REPRESENTATION('',(#2533),#2481);
#2535=PROPERTY_DEFINITION_REPRESENTATION(#2524,#2534);
#2536=DESCRIPTIVE_REPRESENTATION_ITEM('DESC','USB CONNECTOR, PLUG, R/A, SMT TYPE');
#2537=REPRESENTATION('',(#2536),#2481);
#2538=PROPERTY_DEFINITION_REPRESENTATION(#2524,#2537);
#2539=DESCRIPTIVE_REPRESENTATION_ITEM('TIR','A');
#2540=REPRESENTATION('',(#2539),#2481);
#2541=PROPERTY_DEFINITION_REPRESENTATION(#2524,#2540);
#2542=DESCRIPTIVE_REPRESENTATION_ITEM('DOC_STATUS','Active');
#2543=REPRESENTATION('',(#2542),#2481);
#2544=PROPERTY_DEFINITION_REPRESENTATION(#2524,#2543);
#2545=DESCRIPTIVE_REPRESENTATION_ITEM('PROI_CREATED_BY','FR0T0497');
#2546=REPRESENTATION('',(#2545),#2481);
#2547=PROPERTY_DEFINITION_REPRESENTATION(#2524,#2546);
#2548=DESCRIPTIVE_REPRESENTATION_ITEM('PROI_CREATED_ON','12/04/11 22:29:38');
#2549=REPRESENTATION('',(#2548),#2481);
#2550=PROPERTY_DEFINITION_REPRESENTATION(#2524,#2549);
#2551=DESCRIPTIVE_REPRESENTATION_ITEM('PROI_LOCATION','Root Folder/EMCS MOD SVCS/GPL-516');
#2552=REPRESENTATION('',(#2551),#2481);
#2553=PROPERTY_DEFINITION_REPRESENTATION(#2524,#2552);
#2554=DESCRIPTIVE_REPRESENTATION_ITEM('MOD_NUM','MOD39659');
#2555=REPRESENTATION('',(#2554),#2481);
#2556=PROPERTY_DEFINITION_REPRESENTATION(#2524,#2555);
#2557=DESCRIPTIVE_REPRESENTATION_ITEM('PDMREV','1.5+');
#2558=REPRESENTATION('',(#2557),#2481);
#2559=PROPERTY_DEFINITION_REPRESENTATION(#2524,#2558);
#2560=DESCRIPTIVE_REPRESENTATION_ITEM('PDMDB','');
#2561=REPRESENTATION('',(#2560),#2481);
#2562=PROPERTY_DEFINITION_REPRESENTATION(#2524,#2561);
#2563=DESCRIPTIVE_REPRESENTATION_ITEM('PDMRL','Complete');
#2564=REPRESENTATION('',(#2563),#2481);
#2565=PROPERTY_DEFINITION_REPRESENTATION(#2524,#2564);
#2566=DESCRIPTIVE_REPRESENTATION_ITEM('PROI_REVISION','1');
#2567=REPRESENTATION('',(#2566),#2481);
#2568=PROPERTY_DEFINITION_REPRESENTATION(#2524,#2567);
#2569=DESCRIPTIVE_REPRESENTATION_ITEM('PROI_VERSION','5+');
#2570=REPRESENTATION('',(#2569),#2481);
#2571=PROPERTY_DEFINITION_REPRESENTATION(#2524,#2570);
#2572=DESCRIPTIVE_REPRESENTATION_ITEM('PROI_BRANCH','main');
#2573=REPRESENTATION('',(#2572),#2481);
#2574=PROPERTY_DEFINITION_REPRESENTATION(#2524,#2573);
#2575=DESCRIPTIVE_REPRESENTATION_ITEM('PROI_RELEASE','Complete');
#2576=REPRESENTATION('',(#2575),#2481);
#2577=PROPERTY_DEFINITION_REPRESENTATION(#2524,#2576);
#2578=DESCRIPTIVE_REPRESENTATION_ITEM('PTC_MODIFIED','YES');
#2579=REPRESENTATION('',(#2578),#2481);
#2580=PROPERTY_DEFINITION_REPRESENTATION(#2524,#2579);
#2581=DESCRIPTIVE_REPRESENTATION_ITEM('PTC_COMMON_NAME','g-1734028-00-3.prt');
#2582=REPRESENTATION('',(#2581),#2481);
#2583=PROPERTY_DEFINITION_REPRESENTATION(#2524,#2582);
#2584=DESCRIPTIVE_REPRESENTATION_ITEM('PART_REV','C');
#2585=REPRESENTATION('',(#2584),#2481);
#2586=PROPERTY_DEFINITION_REPRESENTATION(#2524,#2585);
#2587=DESCRIPTIVE_REPRESENTATION_ITEM('DOC_LANGUAGE','English');
#2588=REPRESENTATION('',(#2587),#2481);
#2589=PROPERTY_DEFINITION_REPRESENTATION(#2524,#2588);
#2590=DESCRIPTIVE_REPRESENTATION_ITEM('REASON_DOC_CHANGE','Not Specified');
#2591=REPRESENTATION('',(#2590),#2481);
#2592=PROPERTY_DEFINITION_REPRESENTATION(#2524,#2591);
#2593=DESCRIPTIVE_REPRESENTATION_ITEM('SEND_WEIGHT','NO');
#2594=REPRESENTATION('',(#2593),#2481);
#2595=PROPERTY_DEFINITION_REPRESENTATION(#2524,#2594);
ENDSEC;
END-ISO-10303-21;
